OrderDate,Year,YearMonth,Category,Seller,ProductID,Orders,Units Sold,GMV,Marketplace Revenue,Take Rate %,AOV
2025-07-20,2025,2025-07,Beauty,Apex Value,Product-078,1,1,16.67,2.59,0.1555,16.67
2025-09-11,2025,2025-09,Home,Apex Value,Product-046,1,1,50.16,6.33,0.1262,50.16
2025-07-31,2025,2025-07,Beauty,Apex Outdoor,Product-073,1,1,34.46,4.21,0.1223,34.46
2025-11-13,2025,2025-11,Beauty,Apex Outdoor,Product-041,1,1,13.23,2.35,0.1774,13.23
2025-11-10,2025,2025-11,Home,Apex Prime,Product-047,1,2,99.72,14.64,0.1468,99.72
2025-08-19,2025,2025-08,Kids,Apex Essentials,Product-050,1,1,20.27,3.38,0.1669,20.27
2025-11-22,2025,2025-11,Home,Apex Value,Product-012,1,1,40.96,4.17,0.1018,40.96
2025-11-10,2025,2025-11,Electronics,Apex Value,Product-073,1,1,56.47,5.75,0.1018,56.47
2025-10-17,2025,2025-10,Electronics,Apex Essentials,Product-070,1,1,76.24,13.11,0.1719,76.24
2025-07-22,2025,2025-07,Electronics,Apex Value,Product-013,1,1,70.02,10.64,0.1519,70.02
2025-09-01,2025,2025-09,Kids,Apex Value,Product-063,1,1,8.0,1.05,0.1316,8.0
2025-09-25,2025,2025-09,Beauty,Apex Value,Product-064,1,1,19.7,3.24,0.1644,19.7
2025-07-19,2025,2025-07,Kids,Apex Prime,Product-053,1,1,27.23,2.73,0.1003,27.23
2025-10-05,2025,2025-10,Electronics,Apex Outdoor,Product-070,1,1,61.17,8.68,0.1419,61.17
2025-12-29,2025,2025-12,Electronics,Apex Prime,Product-054,1,2,136.96,15.48,0.113,136.96
2025-12-10,2025,2025-12,Fitness,Apex Value,Product-042,1,1,41.2,5.52,0.134,41.2
2025-09-13,2025,2025-09,Beauty,Apex Prime,Product-061,1,1,32.85,5.32,0.1621,32.85
2025-08-15,2025,2025-08,Electronics,Apex Outdoor,Product-003,1,1,71.54,12.35,0.1727,71.54
2025-07-10,2025,2025-07,Beauty,Apex Prime,Product-026,1,1,23.49,3.7,0.1574,23.49
2025-11-30,2025,2025-11,Kitchen,Apex Value,Product-057,1,1,35.17,4.31,0.1225,35.17
2025-08-14,2025,2025-08,Beauty,Apex Outdoor,Product-034,1,1,8.0,1.22,0.1528,8.0
2025-07-24,2025,2025-07,Fitness,Apex Value,Product-052,1,1,59.34,10.43,0.1758,59.34
2025-10-07,2025,2025-10,Kitchen,Apex Essentials,Product-008,1,1,28.11,3.87,0.1378,28.11
2025-10-04,2025,2025-10,Fitness,Apex Value,Product-054,1,1,46.47,5.23,0.1126,46.47
2025-08-10,2025,2025-08,Beauty,Apex Value,Product-034,1,2,47.9,7.63,0.1593,47.9
2025-12-06,2025,2025-12,Beauty,Apex Prime,Product-020,1,1,17.07,1.95,0.1143,17.07
2025-08-22,2025,2025-08,Home,Apex Value,Product-011,1,1,25.8,4.42,0.1712,25.8
2025-12-25,2025,2025-12,Fitness,Apex Prime,Product-076,1,1,36.9,5.18,0.1405,36.9
2025-07-05,2025,2025-07,Home,Apex Outdoor,Product-025,1,2,101.48,11.84,0.1167,101.48
2025-11-17,2025,2025-11,Fitness,Apex Outdoor,Product-021,1,2,110.24,19.52,0.1771,110.24
2025-09-19,2025,2025-09,Beauty,Apex Outdoor,Product-010,1,1,36.83,3.88,0.1054,36.83
2025-07-20,2025,2025-07,Kids,Apex Value,Product-014,1,1,17.75,2.74,0.1541,17.75
2025-08-01,2025,2025-08,Kids,Apex Outdoor,Product-002,1,2,30.6,3.78,0.1235,30.6
2025-07-30,2025,2025-07,Fitness,Apex Prime,Product-027,1,2,67.94,7.62,0.1122,67.94
2025-12-08,2025,2025-12,Fitness,Apex Essentials,Product-044,1,1,40.99,4.72,0.1151,40.99
2025-10-05,2025,2025-10,Kids,Apex Prime,Product-043,1,1,16.54,2.02,0.1219,16.54
2025-10-29,2025,2025-10,Kids,Apex Essentials,Product-058,1,2,45.22,4.87,0.1076,45.22
2025-12-21,2025,2025-12,Kids,Apex Value,Product-024,1,1,21.02,2.16,0.1029,21.02
2025-10-27,2025,2025-10,Kitchen,Apex Prime,Product-013,1,1,30.84,4.09,0.1325,30.84
2025-07-19,2025,2025-07,Beauty,Apex Outdoor,Product-066,1,1,26.3,3.06,0.1164,26.3
2025-08-07,2025,2025-08,Kids,Apex Outdoor,Product-062,1,1,16.5,2.18,0.1321,16.5
2025-12-27,2025,2025-12,Beauty,Apex Value,Product-078,1,1,22.92,2.77,0.1209,22.92
2025-08-18,2025,2025-08,Beauty,Apex Essentials,Product-057,1,1,13.42,2.19,0.1631,13.42
2025-07-27,2025,2025-07,Kitchen,Apex Value,Product-033,1,1,36.3,6.25,0.1722,36.3
2025-11-18,2025,2025-11,Home,Apex Essentials,Product-079,1,1,44.94,8.04,0.1789,44.94
2025-11-10,2025,2025-11,Kids,Apex Value,Product-073,1,2,60.58,9.1,0.1502,60.58
2025-08-20,2025,2025-08,Electronics,Apex Value,Product-032,1,1,54.17,5.81,0.1073,54.17
2025-10-01,2025,2025-10,Beauty,Apex Outdoor,Product-016,1,1,26.46,4.19,0.1584,26.46
2025-08-31,2025,2025-08,Kitchen,Apex Prime,Product-072,1,2,72.21,12.41,0.1718,72.21
2025-09-24,2025,2025-09,Kitchen,Apex Value,Product-016,1,2,84.86,8.51,0.1003,84.86
2025-12-23,2025,2025-12,Beauty,Apex Value,Product-074,1,1,28.8,4.75,0.1649,28.8
2025-10-25,2025,2025-10,Electronics,Apex Outdoor,Product-024,1,1,73.65,12.84,0.1744,73.65
2025-12-16,2025,2025-12,Home,Apex Essentials,Product-049,1,1,24.21,2.73,0.1127,24.21
2025-10-14,2025,2025-10,Fitness,Apex Prime,Product-019,1,1,31.9,3.49,0.1095,31.9
2025-10-12,2025,2025-10,Home,Apex Essentials,Product-067,1,1,35.85,3.74,0.1043,35.85
2025-07-10,2025,2025-07,Kids,Apex Value,Product-052,1,2,82.31,12.18,0.148,82.31
2025-10-29,2025,2025-10,Beauty,Apex Outdoor,Product-080,1,2,25.23,3.09,0.1225,25.23
2025-10-27,2025,2025-10,Kids,Apex Outdoor,Product-056,1,1,13.95,1.52,0.1092,13.95
2025-11-12,2025,2025-11,Beauty,Apex Outdoor,Product-054,1,2,41.12,6.5,0.158,41.12
2025-10-19,2025,2025-10,Kids,Apex Outdoor,Product-077,1,1,21.03,3.43,0.1632,21.03
2025-11-29,2025,2025-11,Electronics,Apex Value,Product-016,1,2,125.95,22.39,0.1778,125.95
2025-10-30,2025,2025-10,Kids,Apex Prime,Product-068,1,2,76.59,11.0,0.1436,76.59
2025-12-16,2025,2025-12,Fitness,Apex Value,Product-009,1,3,127.69,16.54,0.1295,127.69
2025-11-17,2025,2025-11,Fitness,Apex Value,Product-029,1,1,24.89,3.33,0.1337,24.89
2025-08-01,2025,2025-08,Electronics,Apex Prime,Product-067,1,1,70.85,12.48,0.1761,70.85
2025-07-01,2025,2025-07,Beauty,Apex Value,Product-039,1,1,30.72,3.5,0.1138,30.72
2025-10-21,2025,2025-10,Fitness,Apex Outdoor,Product-019,1,1,42.37,4.34,0.1025,42.37
2025-09-19,2025,2025-09,Beauty,Apex Essentials,Product-064,1,1,20.43,3.31,0.1621,20.43
2025-10-29,2025,2025-10,Home,Apex Value,Product-038,1,2,67.54,8.46,0.1253,67.54
2025-09-29,2025,2025-09,Fitness,Apex Prime,Product-023,1,1,41.74,6.5,0.1558,41.74
2025-11-21,2025,2025-11,Home,Apex Value,Product-025,1,2,98.66,12.28,0.1245,98.66
2025-09-19,2025,2025-09,Beauty,Apex Outdoor,Product-018,1,1,19.85,3.51,0.1766,19.85
2025-10-22,2025,2025-10,Fitness,Apex Prime,Product-022,1,1,39.47,4.57,0.1157,39.47
2025-08-16,2025,2025-08,Kids,Apex Value,Product-065,1,1,32.74,5.34,0.1632,32.74
2025-10-04,2025,2025-10,Kids,Apex Prime,Product-076,1,1,39.03,4.47,0.1144,39.03
2025-08-27,2025,2025-08,Beauty,Apex Value,Product-012,1,1,18.96,2.01,0.1061,18.96
2025-11-13,2025,2025-11,Electronics,Apex Prime,Product-001,1,1,60.36,9.92,0.1643,60.36
2025-07-23,2025,2025-07,Home,Apex Essentials,Product-025,1,1,42.42,5.19,0.1223,42.42
2025-11-18,2025,2025-11,Electronics,Apex Value,Product-020,1,3,218.64,34.98,0.16,218.64
2025-10-07,2025,2025-10,Electronics,Apex Outdoor,Product-008,1,1,64.33,9.3,0.1445,64.33
2025-12-13,2025,2025-12,Beauty,Apex Essentials,Product-062,1,1,10.2,1.71,0.1676,10.2
2025-12-23,2025,2025-12,Kitchen,Apex Value,Product-077,1,1,26.75,3.03,0.1132,26.75
2025-12-03,2025,2025-12,Fitness,Apex Value,Product-057,1,1,44.39,7.0,0.1577,44.39
2025-09-05,2025,2025-09,Fitness,Apex Value,Product-075,1,1,60.86,7.36,0.1209,60.86
2025-08-21,2025,2025-08,Kitchen,Apex Prime,Product-074,1,1,34.49,5.13,0.1487,34.49
2025-12-03,2025,2025-12,Fitness,Apex Outdoor,Product-065,1,1,38.96,4.71,0.121,38.96
2025-07-08,2025,2025-07,Electronics,Apex Prime,Product-023,1,1,44.94,5.35,0.119,44.94
2025-08-07,2025,2025-08,Electronics,Apex Essentials,Product-055,1,1,57.25,7.16,0.1251,57.25
2025-12-07,2025,2025-12,Kids,Apex Essentials,Product-076,1,1,10.98,1.43,0.1303,10.98
2025-09-02,2025,2025-09,Home,Apex Outdoor,Product-077,1,1,25.33,2.66,0.1049,25.33
2025-10-14,2025,2025-10,Fitness,Apex Essentials,Product-028,1,1,50.05,8.03,0.1604,50.05
2025-12-01,2025,2025-12,Home,Apex Value,Product-059,1,1,33.61,6.01,0.1789,33.61
2025-07-01,2025,2025-07,Home,Apex Outdoor,Product-068,1,1,28.42,3.81,0.134,28.42
2025-07-20,2025,2025-07,Electronics,Apex Value,Product-038,1,1,67.24,9.7,0.1442,67.24
2025-08-31,2025,2025-08,Fitness,Apex Outdoor,Product-012,1,2,78.09,13.94,0.1785,78.09
2025-12-04,2025,2025-12,Home,Apex Prime,Product-021,1,1,41.84,6.36,0.152,41.84
2025-07-15,2025,2025-07,Kids,Apex Essentials,Product-073,1,1,26.8,4.58,0.1709,26.8
2025-10-27,2025,2025-10,Fitness,Apex Value,Product-049,1,1,34.94,3.63,0.1039,34.94
2025-10-16,2025,2025-10,Beauty,Apex Value,Product-024,1,1,25.82,3.41,0.132,25.82
2025-11-30,2025,2025-11,Fitness,Apex Essentials,Product-061,1,1,34.22,6.14,0.1795,34.22
2025-12-21,2025,2025-12,Home,Apex Outdoor,Product-027,1,1,32.28,3.94,0.1221,32.28
2025-09-09,2025,2025-09,Kitchen,Apex Prime,Product-067,1,1,29.51,3.57,0.121,29.51
2025-10-09,2025,2025-10,Kitchen,Apex Value,Product-035,1,1,43.11,6.99,0.1621,43.11
2025-08-05,2025,2025-08,Home,Apex Prime,Product-003,1,3,122.04,20.39,0.1671,122.04
2025-10-24,2025,2025-10,Electronics,Apex Outdoor,Product-042,1,1,72.76,9.04,0.1242,72.76
2025-12-03,2025,2025-12,Home,Apex Outdoor,Product-006,1,1,24.73,3.49,0.1411,24.73
2025-08-02,2025,2025-08,Electronics,Apex Value,Product-040,1,1,46.75,6.61,0.1414,46.75
2025-11-18,2025,2025-11,Beauty,Apex Essentials,Product-058,1,1,24.06,2.69,0.1118,24.06
2025-08-22,2025,2025-08,Beauty,Apex Outdoor,Product-052,1,1,12.68,1.37,0.1082,12.68
2025-10-03,2025,2025-10,Beauty,Apex Value,Product-018,1,1,21.01,2.14,0.102,21.01
2025-12-09,2025,2025-12,Fitness,Apex Prime,Product-039,1,1,62.88,9.09,0.1446,62.88
2025-09-29,2025,2025-09,Kids,Apex Prime,Product-048,1,1,25.99,3.91,0.1506,25.99
2025-07-24,2025,2025-07,Fitness,Apex Prime,Product-051,1,1,21.94,2.69,0.1228,21.94
2025-12-28,2025,2025-12,Beauty,Apex Value,Product-021,1,2,46.93,5.45,0.1162,46.93
2025-08-12,2025,2025-08,Beauty,Apex Value,Product-067,1,1,16.29,1.83,0.1121,16.29
2025-11-27,2025,2025-11,Beauty,Apex Essentials,Product-003,1,2,61.56,6.75,0.1096,61.56
2025-07-17,2025,2025-07,Fitness,Apex Essentials,Product-007,1,1,49.83,7.85,0.1575,49.83
2025-09-03,2025,2025-09,Electronics,Apex Prime,Product-005,1,1,55.07,9.43,0.1713,55.07
2025-11-22,2025,2025-11,Beauty,Apex Essentials,Product-024,1,1,15.17,2.61,0.1718,15.17
2025-07-08,2025,2025-07,Kitchen,Apex Value,Product-010,1,1,34.07,5.1,0.1497,34.07
2025-10-14,2025,2025-10,Kitchen,Apex Outdoor,Product-009,1,1,37.87,4.95,0.1306,37.87
2025-10-07,2025,2025-10,Electronics,Apex Value,Product-065,1,1,43.94,6.13,0.1396,43.94
2025-10-30,2025,2025-10,Electronics,Apex Value,Product-078,1,1,64.03,7.61,0.1188,64.03
2025-07-01,2025,2025-07,Kitchen,Apex Outdoor,Product-001,1,1,42.96,5.99,0.1395,42.96
2025-12-14,2025,2025-12,Kitchen,Apex Prime,Product-080,1,2,78.89,12.91,0.1637,78.89
2025-09-06,2025,2025-09,Beauty,Apex Prime,Product-003,1,1,11.8,1.86,0.1573,11.8
2025-12-26,2025,2025-12,Fitness,Apex Value,Product-025,1,2,105.02,14.63,0.1393,105.02
2025-11-22,2025,2025-11,Beauty,Apex Essentials,Product-054,1,1,33.75,5.4,0.1599,33.75
2025-11-14,2025,2025-11,Fitness,Apex Value,Product-032,1,1,38.93,6.19,0.159,38.93
2025-07-17,2025,2025-07,Electronics,Apex Prime,Product-040,1,1,40.51,5.51,0.1361,40.51
2025-12-21,2025,2025-12,Fitness,Apex Prime,Product-021,1,1,35.21,4.49,0.1276,35.21
2025-10-10,2025,2025-10,Kitchen,Apex Outdoor,Product-033,1,1,33.98,4.08,0.1201,33.98
2025-12-31,2025,2025-12,Kids,Apex Essentials,Product-024,1,1,19.12,3.18,0.1663,19.12
2025-11-23,2025,2025-11,Fitness,Apex Value,Product-080,1,1,25.8,3.13,0.1215,25.8
2025-08-11,2025,2025-08,Home,Apex Value,Product-049,1,1,31.21,5.55,0.1779,31.21
2025-10-29,2025,2025-10,Kitchen,Apex Value,Product-035,1,1,42.03,5.61,0.1335,42.03
2025-12-09,2025,2025-12,Kids,Apex Outdoor,Product-050,1,2,42.3,6.65,0.1571,42.3
2025-07-31,2025,2025-07,Electronics,Apex Value,Product-037,1,1,61.78,8.84,0.1431,61.78
2025-07-31,2025,2025-07,Fitness,Apex Essentials,Product-004,1,2,97.55,10.28,0.1054,97.55
2025-10-21,2025,2025-10,Kids,Apex Essentials,Product-029,1,1,13.17,1.97,0.1494,13.17
2025-08-06,2025,2025-08,Kitchen,Apex Outdoor,Product-028,1,1,29.75,3.39,0.114,29.75
2025-07-28,2025,2025-07,Kitchen,Apex Essentials,Product-063,1,1,22.64,2.54,0.1121,22.64
2025-07-05,2025,2025-07,Beauty,Apex Value,Product-036,1,1,20.92,2.9,0.1386,20.92
2025-10-02,2025,2025-10,Kitchen,Apex Essentials,Product-072,1,1,35.1,3.69,0.1052,35.1
2025-09-18,2025,2025-09,Kids,Apex Prime,Product-001,1,1,8.0,0.93,0.1162,8.0
2025-10-13,2025,2025-10,Fitness,Apex Prime,Product-054,1,1,48.56,7.03,0.1448,48.56
2025-11-20,2025,2025-11,Electronics,Apex Value,Product-071,1,1,65.55,7.54,0.1151,65.55
2025-09-13,2025,2025-09,Home,Apex Outdoor,Product-074,1,2,56.5,8.93,0.158,56.5
2025-08-15,2025,2025-08,Electronics,Apex Value,Product-069,1,1,70.41,11.29,0.1603,70.41
2025-09-18,2025,2025-09,Electronics,Apex Outdoor,Product-002,1,2,132.53,13.93,0.1051,132.53
2025-10-02,2025,2025-10,Electronics,Apex Essentials,Product-032,1,1,61.08,10.03,0.1642,61.08
2025-12-18,2025,2025-12,Electronics,Apex Outdoor,Product-052,1,2,103.89,13.79,0.1327,103.89
2025-12-07,2025,2025-12,Electronics,Apex Prime,Product-074,1,1,54.84,7.71,0.1405,54.84
2025-09-09,2025,2025-09,Beauty,Apex Outdoor,Product-046,1,1,36.37,3.83,0.1053,36.37
2025-12-15,2025,2025-12,Beauty,Apex Prime,Product-034,1,1,21.64,3.45,0.1595,21.64
2025-11-17,2025,2025-11,Beauty,Apex Value,Product-023,1,1,15.12,1.7,0.1124,15.12
2025-10-04,2025,2025-10,Beauty,Apex Value,Product-056,1,1,19.35,2.08,0.1076,19.35
2025-11-15,2025,2025-11,Home,Apex Prime,Product-023,1,1,36.93,5.92,0.1603,36.93
2025-07-28,2025,2025-07,Kitchen,Apex Essentials,Product-056,1,1,38.9,6.32,0.1624,38.9
2025-08-15,2025,2025-08,Beauty,Apex Prime,Product-050,1,2,35.16,4.42,0.1258,35.16
2025-08-16,2025,2025-08,Beauty,Apex Prime,Product-019,1,1,10.51,1.1,0.1044,10.51
2025-12-05,2025,2025-12,Kitchen,Apex Essentials,Product-057,1,2,18.49,2.78,0.1503,18.49
2025-11-07,2025,2025-11,Kitchen,Apex Prime,Product-016,1,2,47.89,7.34,0.1532,47.89
2025-10-16,2025,2025-10,Fitness,Apex Value,Product-049,1,1,34.79,5.07,0.1458,34.79
2025-11-09,2025,2025-11,Electronics,Apex Outdoor,Product-058,1,1,65.21,8.22,0.126,65.21
2025-11-15,2025,2025-11,Fitness,Apex Essentials,Product-033,1,1,45.96,5.75,0.125,45.96
2025-10-29,2025,2025-10,Kitchen,Apex Outdoor,Product-007,1,2,98.49,13.72,0.1393,98.49
2025-08-29,2025,2025-08,Home,Apex Value,Product-015,1,1,56.7,7.99,0.1409,56.7
2025-09-05,2025,2025-09,Electronics,Apex Value,Product-005,1,1,61.92,8.44,0.1363,61.92
2025-11-15,2025,2025-11,Electronics,Apex Outdoor,Product-026,1,1,80.14,14.18,0.1769,80.14
2025-08-31,2025,2025-08,Electronics,Apex Prime,Product-072,1,1,62.91,6.66,0.1058,62.91
2025-11-05,2025,2025-11,Electronics,Apex Prime,Product-020,1,2,83.11,9.5,0.1143,83.11
2025-09-24,2025,2025-09,Electronics,Apex Essentials,Product-029,1,2,133.37,17.48,0.1311,133.37
2025-12-22,2025,2025-12,Kitchen,Apex Outdoor,Product-063,1,1,32.26,5.77,0.179,32.26
2025-08-22,2025,2025-08,Kitchen,Apex Essentials,Product-026,1,1,37.74,6.24,0.1653,37.74
2025-12-27,2025,2025-12,Beauty,Apex Essentials,Product-078,1,1,21.66,2.53,0.1168,21.66
2025-08-02,2025,2025-08,Home,Apex Outdoor,Product-006,1,1,52.75,7.85,0.1488,52.75
2025-09-30,2025,2025-09,Beauty,Apex Value,Product-002,1,3,113.55,17.63,0.1553,113.55
2025-12-31,2025,2025-12,Beauty,Apex Essentials,Product-053,1,1,29.08,3.78,0.13,29.08
2025-12-04,2025,2025-12,Fitness,Apex Essentials,Product-059,1,1,48.41,5.32,0.1099,48.41
2025-07-25,2025,2025-07,Beauty,Apex Outdoor,Product-031,1,1,25.79,4.39,0.1701,25.79
2025-07-21,2025,2025-07,Kids,Apex Outdoor,Product-029,1,2,42.9,5.62,0.131,42.9
2025-10-14,2025,2025-10,Kitchen,Apex Value,Product-058,1,1,21.96,3.22,0.1467,21.96
2025-12-16,2025,2025-12,Beauty,Apex Essentials,Product-002,1,1,28.68,3.43,0.1196,28.68
2025-10-14,2025,2025-10,Beauty,Apex Value,Product-076,1,2,43.78,5.57,0.1273,43.78
2025-11-29,2025,2025-11,Electronics,Apex Prime,Product-059,1,2,144.9,15.52,0.1071,144.9
2025-10-02,2025,2025-10,Electronics,Apex Essentials,Product-004,1,1,57.54,9.89,0.1718,57.54
2025-07-06,2025,2025-07,Kids,Apex Value,Product-061,1,1,9.98,1.13,0.1136,9.98
2025-11-07,2025,2025-11,Beauty,Apex Outdoor,Product-078,1,1,22.36,3.65,0.1632,22.36
2025-10-19,2025,2025-10,Home,Apex Prime,Product-008,1,1,37.03,5.07,0.137,37.03
2025-10-11,2025,2025-10,Kids,Apex Value,Product-067,1,3,61.27,6.83,0.1114,61.27
2025-10-10,2025,2025-10,Electronics,Apex Prime,Product-001,1,1,71.3,10.83,0.1519,71.3
2025-12-07,2025,2025-12,Kids,Apex Essentials,Product-061,1,1,26.21,2.66,0.1013,26.21
2025-10-02,2025,2025-10,Electronics,Apex Prime,Product-045,1,1,69.68,10.1,0.1449,69.68
2025-07-29,2025,2025-07,Electronics,Apex Essentials,Product-065,1,1,68.71,10.51,0.153,68.71
2025-11-08,2025,2025-11,Kitchen,Apex Essentials,Product-038,1,1,31.04,3.72,0.1197,31.04
2025-11-29,2025,2025-11,Fitness,Apex Outdoor,Product-007,1,3,119.46,12.95,0.1084,119.46
2025-08-05,2025,2025-08,Electronics,Apex Value,Product-019,1,3,176.29,25.03,0.142,176.29
2025-10-13,2025,2025-10,Kitchen,Apex Prime,Product-053,1,2,60.73,6.61,0.1088,60.73
2025-12-30,2025,2025-12,Fitness,Apex Value,Product-038,1,1,62.7,6.41,0.1023,62.7
2025-07-29,2025,2025-07,Fitness,Apex Essentials,Product-070,1,1,46.77,6.23,0.1333,46.77
2025-07-21,2025,2025-07,Home,Apex Essentials,Product-069,1,1,32.49,5.64,0.1735,32.49
2025-09-23,2025,2025-09,Fitness,Apex Value,Product-072,1,2,68.53,11.81,0.1723,68.53
2025-10-09,2025,2025-10,Kids,Apex Essentials,Product-035,1,1,13.12,1.58,0.1207,13.12
2025-10-03,2025,2025-10,Electronics,Apex Outdoor,Product-062,1,1,56.64,6.19,0.1093,56.64
2025-09-18,2025,2025-09,Kitchen,Apex Prime,Product-021,1,1,20.75,2.98,0.1438,20.75
2025-10-11,2025,2025-10,Home,Apex Prime,Product-048,1,1,19.39,2.75,0.1416,19.39
2025-11-12,2025,2025-11,Fitness,Apex Prime,Product-048,1,1,63.96,11.34,0.1773,63.96
2025-07-02,2025,2025-07,Kids,Apex Essentials,Product-032,1,1,10.17,1.26,0.1241,10.17
2025-12-03,2025,2025-12,Kitchen,Apex Prime,Product-041,1,1,22.46,2.46,0.1094,22.46
2025-09-27,2025,2025-09,Electronics,Apex Prime,Product-028,1,1,59.75,8.01,0.134,59.75
2025-10-04,2025,2025-10,Fitness,Apex Prime,Product-037,1,1,62.68,6.76,0.1078,62.68
2025-10-10,2025,2025-10,Home,Apex Essentials,Product-043,1,1,38.44,4.72,0.1228,38.44
2025-09-11,2025,2025-09,Electronics,Apex Outdoor,Product-007,1,1,66.7,7.12,0.1067,66.7
2025-08-05,2025,2025-08,Beauty,Apex Prime,Product-079,1,2,44.45,4.46,0.1004,44.45
2025-10-31,2025,2025-10,Fitness,Apex Essentials,Product-010,1,1,31.83,3.4,0.1067,31.83
2025-12-23,2025,2025-12,Home,Apex Outdoor,Product-058,1,1,38.43,6.6,0.1718,38.43
2025-07-19,2025,2025-07,Electronics,Apex Essentials,Product-071,1,1,51.7,8.08,0.1562,51.7
2025-10-10,2025,2025-10,Beauty,Apex Prime,Product-028,1,1,19.53,3.43,0.1758,19.53
2025-08-09,2025,2025-08,Beauty,Apex Outdoor,Product-053,1,1,26.91,3.62,0.1346,26.91
2025-10-05,2025,2025-10,Home,Apex Outdoor,Product-064,1,1,38.6,5.35,0.1385,38.6
2025-11-18,2025,2025-11,Kids,Apex Value,Product-075,1,1,8.0,0.81,0.1012,8.0
2025-08-11,2025,2025-08,Kids,Apex Essentials,Product-049,1,1,8.16,1.19,0.1459,8.16
2025-10-27,2025,2025-10,Beauty,Apex Value,Product-062,1,1,20.76,2.73,0.1317,20.76
2025-07-24,2025,2025-07,Kids,Apex Outdoor,Product-030,1,1,11.91,1.23,0.1036,11.91
2025-07-17,2025,2025-07,Beauty,Apex Outdoor,Product-032,1,1,30.29,4.08,0.1346,30.29
2025-12-06,2025,2025-12,Electronics,Apex Value,Product-053,1,2,101.78,12.06,0.1185,101.78
2025-12-06,2025,2025-12,Electronics,Apex Essentials,Product-065,1,2,130.34,13.4,0.1028,130.34
2025-12-26,2025,2025-12,Beauty,Apex Value,Product-071,1,1,11.14,1.98,0.1777,11.14
2025-09-30,2025,2025-09,Beauty,Apex Prime,Product-032,1,1,22.71,2.67,0.1175,22.71
2025-08-21,2025,2025-08,Kitchen,Apex Essentials,Product-016,1,1,30.23,5.43,0.1797,30.23
2025-10-03,2025,2025-10,Kids,Apex Essentials,Product-047,1,1,23.65,3.85,0.163,23.65
2025-09-13,2025,2025-09,Kitchen,Apex Essentials,Product-015,1,1,40.31,4.85,0.1203,40.31
2025-09-14,2025,2025-09,Beauty,Apex Essentials,Product-072,1,1,23.58,3.27,0.1388,23.58
2025-09-08,2025,2025-09,Electronics,Apex Essentials,Product-036,1,2,135.46,22.46,0.1658,135.46
2025-11-17,2025,2025-11,Home,Apex Prime,Product-070,1,2,86.24,9.75,0.113,86.24
2025-12-16,2025,2025-12,Kids,Apex Essentials,Product-040,1,1,26.75,4.36,0.163,26.75
2025-08-29,2025,2025-08,Fitness,Apex Outdoor,Product-048,1,1,41.32,4.85,0.1173,41.32
2025-12-11,2025,2025-12,Kitchen,Apex Essentials,Product-073,1,1,30.98,4.46,0.144,30.98
2025-11-25,2025,2025-11,Kids,Apex Prime,Product-039,1,2,30.78,3.33,0.1082,30.78
2025-11-22,2025,2025-11,Electronics,Apex Value,Product-048,1,1,64.47,9.88,0.1533,64.47
2025-07-18,2025,2025-07,Home,Apex Prime,Product-053,1,1,32.44,5.79,0.1786,32.44
2025-12-23,2025,2025-12,Kitchen,Apex Prime,Product-056,1,1,32.89,4.22,0.1283,32.89
2025-11-05,2025,2025-11,Home,Apex Prime,Product-054,1,1,46.21,5.33,0.1154,46.21
2025-12-25,2025,2025-12,Fitness,Apex Prime,Product-072,1,2,96.94,16.67,0.172,96.94
2025-09-04,2025,2025-09,Beauty,Apex Value,Product-035,1,2,38.86,6.92,0.1781,38.86
2025-08-09,2025,2025-08,Fitness,Apex Prime,Product-078,1,1,32.19,4.8,0.149,32.19
2025-12-04,2025,2025-12,Beauty,Apex Value,Product-012,1,1,13.8,1.55,0.1126,13.8
2025-07-09,2025,2025-07,Electronics,Apex Prime,Product-039,1,2,128.26,13.16,0.1026,128.26
2025-08-17,2025,2025-08,Kids,Apex Prime,Product-001,1,1,17.41,3.08,0.1767,17.41
2025-08-25,2025,2025-08,Fitness,Apex Value,Product-053,1,1,46.91,8.06,0.1719,46.91
2025-08-31,2025,2025-08,Beauty,Apex Prime,Product-075,1,1,31.79,5.02,0.1578,31.79
2025-11-11,2025,2025-11,Kids,Apex Essentials,Product-059,1,1,27.39,3.18,0.1161,27.39
2025-08-24,2025,2025-08,Beauty,Apex Outdoor,Product-062,1,1,17.66,3.06,0.1735,17.66
2025-08-17,2025,2025-08,Home,Apex Essentials,Product-077,1,1,34.37,3.95,0.1148,34.37
2025-08-29,2025,2025-08,Electronics,Apex Essentials,Product-066,1,1,82.46,13.04,0.1581,82.46
2025-12-20,2025,2025-12,Electronics,Apex Value,Product-070,1,1,57.28,7.75,0.1353,57.28
2025-07-12,2025,2025-07,Fitness,Apex Value,Product-048,1,1,34.15,3.61,0.1056,34.15
2025-07-19,2025,2025-07,Fitness,Apex Value,Product-054,1,1,46.83,7.64,0.1632,46.83
2025-10-06,2025,2025-10,Beauty,Apex Prime,Product-061,1,3,39.3,6.79,0.1729,39.3
2025-07-14,2025,2025-07,Fitness,Apex Prime,Product-049,1,2,79.54,8.38,0.1054,79.54
2025-08-10,2025,2025-08,Fitness,Apex Value,Product-041,1,1,47.67,8.32,0.1745,47.67
2025-08-06,2025,2025-08,Kids,Apex Essentials,Product-006,1,1,27.91,4.76,0.1706,27.91
2025-12-19,2025,2025-12,Fitness,Apex Essentials,Product-048,1,1,56.34,9.8,0.1739,56.34
2025-08-07,2025,2025-08,Electronics,Apex Value,Product-045,1,1,68.3,10.01,0.1466,68.3
2025-09-09,2025,2025-09,Kitchen,Apex Outdoor,Product-068,1,1,34.15,3.67,0.1074,34.15
2025-12-15,2025,2025-12,Home,Apex Prime,Product-010,1,2,116.1,17.9,0.1542,116.1
2025-08-17,2025,2025-08,Home,Apex Essentials,Product-073,1,1,31.43,4.36,0.1387,31.43
2025-12-01,2025,2025-12,Fitness,Apex Essentials,Product-078,1,3,126.56,14.15,0.1118,126.56
2025-10-29,2025,2025-10,Kids,Apex Prime,Product-057,1,1,18.2,2.4,0.132,18.2
2025-07-14,2025,2025-07,Beauty,Apex Value,Product-006,1,1,21.41,2.18,0.1016,21.41
2025-08-26,2025,2025-08,Fitness,Apex Outdoor,Product-079,1,1,38.13,5.23,0.1372,38.13
2025-08-16,2025,2025-08,Beauty,Apex Prime,Product-022,1,1,29.51,4.41,0.1495,29.51
2025-10-03,2025,2025-10,Kids,Apex Outdoor,Product-033,1,1,20.01,2.51,0.1254,20.01
2025-09-30,2025,2025-09,Home,Apex Outdoor,Product-055,1,1,26.29,4.55,0.1731,26.29
2025-08-29,2025,2025-08,Kids,Apex Value,Product-060,1,1,20.22,3.62,0.1788,20.22
2025-09-12,2025,2025-09,Home,Apex Essentials,Product-031,1,1,22.2,2.82,0.1272,22.2
2025-12-11,2025,2025-12,Electronics,Apex Prime,Product-045,1,1,70.85,7.72,0.109,70.85
2025-11-09,2025,2025-11,Kids,Apex Outdoor,Product-001,1,1,8.47,1.42,0.1677,8.47
2025-11-23,2025,2025-11,Fitness,Apex Prime,Product-012,1,1,51.84,7.83,0.1511,51.84
2025-07-16,2025,2025-07,Kids,Apex Value,Product-004,1,1,14.06,2.31,0.164,14.06
2025-08-30,2025,2025-08,Kitchen,Apex Outdoor,Product-006,1,1,29.48,5.08,0.1722,29.48
2025-11-07,2025,2025-11,Electronics,Apex Outdoor,Product-046,1,1,72.94,10.11,0.1386,72.94
2025-09-13,2025,2025-09,Beauty,Apex Essentials,Product-026,1,1,18.13,2.81,0.1552,18.13
2025-10-23,2025,2025-10,Beauty,Apex Value,Product-032,1,1,17.65,2.9,0.1641,17.65
2025-08-15,2025,2025-08,Electronics,Apex Outdoor,Product-039,1,1,44.31,4.59,0.1035,44.31
2025-07-06,2025,2025-07,Kitchen,Apex Essentials,Product-061,1,1,11.1,1.94,0.1746,11.1
2025-12-12,2025,2025-12,Electronics,Apex Value,Product-015,1,1,47.92,5.89,0.123,47.92
2025-10-08,2025,2025-10,Beauty,Apex Essentials,Product-024,1,1,23.21,3.64,0.1567,23.21
2025-12-14,2025,2025-12,Home,Apex Prime,Product-056,1,2,54.62,8.82,0.1615,54.62
2025-07-01,2025,2025-07,Kitchen,Apex Essentials,Product-064,1,1,18.16,2.33,0.1283,18.16
2025-07-06,2025,2025-07,Home,Apex Outdoor,Product-030,1,1,35.5,5.31,0.1495,35.5
2025-07-31,2025,2025-07,Kids,Apex Value,Product-067,1,1,8.0,0.82,0.1022,8.0
2025-09-07,2025,2025-09,Kids,Apex Prime,Product-043,1,1,21.18,2.21,0.1043,21.18
2025-07-07,2025,2025-07,Beauty,Apex Essentials,Product-060,1,1,17.96,2.55,0.1418,17.96
2025-11-02,2025,2025-11,Electronics,Apex Prime,Product-013,1,2,138.02,19.71,0.1428,138.02
2025-10-30,2025,2025-10,Kids,Apex Value,Product-037,1,1,11.5,1.45,0.1262,11.5
2025-07-18,2025,2025-07,Beauty,Apex Prime,Product-046,1,1,18.39,3.1,0.1688,18.39
2025-12-11,2025,2025-12,Kitchen,Apex Outdoor,Product-028,1,1,29.04,5.13,0.1767,29.04
2025-08-01,2025,2025-08,Fitness,Apex Outdoor,Product-061,1,1,56.29,9.06,0.161,56.29
2025-11-20,2025,2025-11,Kids,Apex Essentials,Product-076,1,1,30.25,3.48,0.1151,30.25
2025-07-15,2025,2025-07,Kitchen,Apex Value,Product-024,1,1,27.79,3.38,0.1218,27.79
2025-11-27,2025,2025-11,Kids,Apex Essentials,Product-035,1,1,8.62,1.18,0.1365,8.62
2025-10-19,2025,2025-10,Electronics,Apex Outdoor,Product-025,1,2,98.95,16.93,0.1711,98.95
2025-07-15,2025,2025-07,Kitchen,Apex Prime,Product-001,1,1,24.33,2.68,0.1102,24.33
2025-10-17,2025,2025-10,Fitness,Apex Value,Product-052,1,2,69.83,8.32,0.1192,69.83
2025-12-05,2025,2025-12,Fitness,Apex Prime,Product-012,1,1,47.32,6.53,0.1379,47.32
2025-07-05,2025,2025-07,Fitness,Apex Prime,Product-051,1,1,47.43,7.09,0.1495,47.43
2025-08-23,2025,2025-08,Home,Apex Outdoor,Product-076,1,2,95.5,12.12,0.1269,95.5
2025-07-06,2025,2025-07,Home,Apex Outdoor,Product-052,1,2,57.24,6.6,0.1153,57.24
2025-07-09,2025,2025-07,Electronics,Apex Essentials,Product-058,1,1,58.47,7.88,0.1348,58.47
2025-08-24,2025,2025-08,Kitchen,Apex Prime,Product-053,1,2,44.45,6.66,0.1498,44.45
2025-07-23,2025,2025-07,Fitness,Apex Outdoor,Product-071,1,1,29.8,5.31,0.1781,29.8
2025-10-11,2025,2025-10,Kids,Apex Prime,Product-030,1,1,33.01,5.21,0.1579,33.01
2025-12-01,2025,2025-12,Kids,Apex Outdoor,Product-056,1,1,13.94,1.49,0.1068,13.94
2025-11-28,2025,2025-11,Kids,Apex Essentials,Product-073,1,1,30.93,3.13,0.1013,30.93
2025-10-15,2025,2025-10,Beauty,Apex Outdoor,Product-034,1,1,8.0,0.99,0.124,8.0
2025-08-20,2025,2025-08,Kids,Apex Outdoor,Product-008,1,1,31.69,3.3,0.1041,31.69
2025-08-25,2025,2025-08,Kids,Apex Outdoor,Product-009,1,1,14.01,2.24,0.1597,14.01
2025-11-26,2025,2025-11,Fitness,Apex Essentials,Product-033,1,1,28.54,4.14,0.1449,28.54
2025-11-17,2025,2025-11,Home,Apex Prime,Product-018,1,1,19.3,2.72,0.1407,19.3
2025-07-06,2025,2025-07,Beauty,Apex Essentials,Product-068,1,2,25.53,3.22,0.1262,25.53
2025-12-08,2025,2025-12,Fitness,Apex Outdoor,Product-038,1,2,119.39,12.87,0.1078,119.39
2025-07-13,2025,2025-07,Fitness,Apex Outdoor,Product-068,1,1,41.93,5.67,0.1352,41.93
2025-07-06,2025,2025-07,Beauty,Apex Essentials,Product-056,1,1,29.52,4.59,0.1554,29.52
2025-12-24,2025,2025-12,Beauty,Apex Value,Product-049,1,1,25.85,2.89,0.1117,25.85
2025-11-26,2025,2025-11,Kitchen,Apex Prime,Product-070,1,1,24.88,3.11,0.1249,24.88
2025-12-04,2025,2025-12,Home,Apex Value,Product-023,1,1,30.26,5.23,0.1728,30.26
2025-12-11,2025,2025-12,Electronics,Apex Value,Product-034,1,1,74.36,11.39,0.1532,74.36
2025-09-13,2025,2025-09,Beauty,Apex Value,Product-080,1,1,26.68,4.16,0.1559,26.68
2025-09-25,2025,2025-09,Home,Apex Outdoor,Product-041,1,1,50.3,6.16,0.1225,50.3
2025-11-07,2025,2025-11,Beauty,Apex Value,Product-071,1,1,13.26,1.98,0.1496,13.26
2025-08-08,2025,2025-08,Kids,Apex Essentials,Product-057,1,2,41.72,6.15,0.1474,41.72
2025-08-13,2025,2025-08,Fitness,Apex Essentials,Product-078,1,1,50.66,5.94,0.1173,50.66
2025-09-20,2025,2025-09,Home,Apex Outdoor,Product-047,1,1,20.15,3.39,0.168,20.15
2025-07-17,2025,2025-07,Kids,Apex Prime,Product-013,1,1,18.66,2.75,0.1475,18.66
2025-11-03,2025,2025-11,Kitchen,Apex Outdoor,Product-009,1,1,8.98,1.34,0.1492,8.98
2025-11-19,2025,2025-11,Beauty,Apex Prime,Product-020,1,1,32.83,4.13,0.1258,32.83
2025-10-28,2025,2025-10,Beauty,Apex Value,Product-072,1,1,22.0,3.83,0.1739,22.0
2025-09-15,2025,2025-09,Beauty,Apex Prime,Product-003,1,1,22.84,3.04,0.1333,22.84
2025-08-14,2025,2025-08,Beauty,Apex Value,Product-015,1,1,34.38,3.96,0.1152,34.38
2025-11-17,2025,2025-11,Kitchen,Apex Outdoor,Product-065,1,1,36.55,6.04,0.1653,36.55
2025-10-01,2025,2025-10,Kitchen,Apex Essentials,Product-060,1,1,8.0,1.31,0.1643,8.0
2025-08-27,2025,2025-08,Beauty,Apex Prime,Product-038,1,1,8.0,0.82,0.1025,8.0
2025-07-11,2025,2025-07,Kitchen,Apex Outdoor,Product-037,1,1,12.77,1.85,0.1446,12.77
2025-10-27,2025,2025-10,Kids,Apex Essentials,Product-059,1,1,34.74,4.87,0.1401,34.74
2025-08-28,2025,2025-08,Kitchen,Apex Value,Product-010,1,1,19.16,2.57,0.1341,19.16
2025-11-20,2025,2025-11,Beauty,Apex Prime,Product-038,1,1,20.06,3.59,0.1792,20.06
2025-07-20,2025,2025-07,Kitchen,Apex Prime,Product-002,1,2,65.52,10.49,0.1601,65.52
2025-10-23,2025,2025-10,Kitchen,Apex Outdoor,Product-076,1,1,12.89,1.9,0.1474,12.89
2025-11-27,2025,2025-11,Kids,Apex Value,Product-009,1,1,30.14,3.54,0.1173,30.14
2025-10-23,2025,2025-10,Kids,Apex Essentials,Product-074,1,2,18.45,2.75,0.1492,18.45
2025-07-04,2025,2025-07,Home,Apex Value,Product-078,1,1,35.67,6.3,0.1766,35.67
2025-11-21,2025,2025-11,Kitchen,Apex Prime,Product-024,1,1,19.01,3.14,0.1652,19.01
2025-08-27,2025,2025-08,Home,Apex Prime,Product-045,1,1,36.63,4.25,0.1161,36.63
2025-07-08,2025,2025-07,Kids,Apex Value,Product-061,1,1,12.74,2.28,0.1788,12.74
2025-09-05,2025,2025-09,Kids,Apex Value,Product-041,1,1,8.0,0.83,0.1035,8.0
2025-11-22,2025,2025-11,Beauty,Apex Outdoor,Product-033,1,1,8.0,1.21,0.1518,8.0
2025-10-15,2025,2025-10,Fitness,Apex Prime,Product-031,1,1,44.14,4.71,0.1066,44.14
2025-09-03,2025,2025-09,Home,Apex Value,Product-049,1,1,41.63,6.98,0.1676,41.63
2025-12-27,2025,2025-12,Electronics,Apex Outdoor,Product-041,1,1,72.85,9.52,0.1307,72.85
2025-11-13,2025,2025-11,Beauty,Apex Prime,Product-015,1,1,26.21,4.68,0.1786,26.21
2025-10-04,2025,2025-10,Kitchen,Apex Essentials,Product-050,1,1,9.45,1.08,0.1144,9.45
2025-11-06,2025,2025-11,Electronics,Apex Outdoor,Product-073,1,1,49.82,6.77,0.1359,49.82
2025-11-02,2025,2025-11,Kids,Apex Prime,Product-010,1,1,23.12,3.02,0.1307,23.12
2025-08-27,2025,2025-08,Fitness,Apex Outdoor,Product-021,1,1,43.71,6.9,0.1578,43.71
2025-07-14,2025,2025-07,Beauty,Apex Prime,Product-019,1,1,8.0,0.95,0.1193,8.0
2025-12-13,2025,2025-12,Fitness,Apex Value,Product-012,1,1,30.91,3.43,0.1111,30.91
2025-09-26,2025,2025-09,Kitchen,Apex Prime,Product-076,1,1,26.51,2.89,0.109,26.51
2025-08-21,2025,2025-08,Electronics,Apex Value,Product-010,1,1,68.34,9.76,0.1428,68.34
2025-10-05,2025,2025-10,Fitness,Apex Value,Product-049,1,1,35.1,4.84,0.1379,35.1
2025-07-11,2025,2025-07,Kitchen,Apex Prime,Product-025,1,2,55.01,9.62,0.1748,55.01
2025-10-17,2025,2025-10,Kitchen,Apex Outdoor,Product-038,1,1,32.95,4.31,0.1307,32.95
2025-12-29,2025,2025-12,Beauty,Apex Prime,Product-006,1,1,20.04,2.48,0.1238,20.04
2025-09-01,2025,2025-09,Electronics,Apex Value,Product-051,1,2,115.7,16.73,0.1446,115.7
2025-07-31,2025,2025-07,Kids,Apex Outdoor,Product-047,1,1,24.38,3.76,0.1541,24.38
2025-11-25,2025,2025-11,Kitchen,Apex Essentials,Product-030,1,2,27.66,3.08,0.1115,27.66
2025-10-12,2025,2025-10,Fitness,Apex Prime,Product-017,1,1,23.91,3.64,0.1524,23.91
2025-10-20,2025,2025-10,Kids,Apex Essentials,Product-027,1,1,12.9,1.75,0.1358,12.9
2025-07-08,2025,2025-07,Beauty,Apex Value,Product-047,1,1,17.95,2.66,0.1484,17.95
2025-11-16,2025,2025-11,Beauty,Apex Value,Product-049,1,1,21.75,2.18,0.1001,21.75
2025-07-01,2025,2025-07,Kids,Apex Essentials,Product-036,1,1,18.4,2.59,0.1406,18.4
2025-07-07,2025,2025-07,Electronics,Apex Outdoor,Product-030,1,2,133.76,18.45,0.1379,133.76
2025-12-20,2025,2025-12,Fitness,Apex Essentials,Product-041,1,1,55.03,6.57,0.1193,55.03
2025-10-27,2025,2025-10,Kitchen,Apex Value,Product-026,1,1,15.64,2.09,0.1337,15.64
2025-08-16,2025,2025-08,Kitchen,Apex Value,Product-074,1,1,19.14,2.46,0.1287,19.14
2025-12-13,2025,2025-12,Electronics,Apex Essentials,Product-013,1,2,143.28,17.27,0.1205,143.28
2025-09-04,2025,2025-09,Kitchen,Apex Outdoor,Product-048,1,2,79.04,8.27,0.1046,79.04
2025-12-13,2025,2025-12,Electronics,Apex Outdoor,Product-030,1,1,45.23,5.1,0.1128,45.23
2025-09-28,2025,2025-09,Home,Apex Prime,Product-078,1,1,24.9,4.2,0.1688,24.9
2025-07-31,2025,2025-07,Beauty,Apex Essentials,Product-055,1,1,8.0,1.23,0.1542,8.0
2025-09-22,2025,2025-09,Beauty,Apex Outdoor,Product-037,1,1,12.17,1.67,0.1375,12.17
2025-07-03,2025,2025-07,Fitness,Apex Outdoor,Product-034,1,1,49.93,6.06,0.1213,49.93
2025-11-15,2025,2025-11,Home,Apex Essentials,Product-078,1,1,31.87,3.44,0.1078,31.87
2025-09-13,2025,2025-09,Electronics,Apex Outdoor,Product-078,1,1,65.33,11.34,0.1736,65.33
2025-11-01,2025,2025-11,Fitness,Apex Outdoor,Product-046,1,1,35.55,3.89,0.1094,35.55
2025-12-27,2025,2025-12,Fitness,Apex Prime,Product-020,1,1,40.87,4.84,0.1184,40.87
2025-08-07,2025,2025-08,Fitness,Apex Essentials,Product-040,1,1,43.09,7.37,0.1711,43.09
2025-08-24,2025,2025-08,Kids,Apex Prime,Product-001,1,2,25.41,2.82,0.1109,25.41
2025-07-17,2025,2025-07,Kitchen,Apex Value,Product-028,1,1,28.57,3.28,0.1147,28.57
2025-07-14,2025,2025-07,Beauty,Apex Prime,Product-043,1,1,18.48,2.66,0.1442,18.48
2025-12-14,2025,2025-12,Beauty,Apex Outdoor,Product-052,1,2,47.6,7.77,0.1633,47.6
2025-08-22,2025,2025-08,Electronics,Apex Value,Product-061,1,1,58.36,9.45,0.162,58.36
2025-07-19,2025,2025-07,Fitness,Apex Value,Product-059,1,1,54.75,6.88,0.1256,54.75
2025-10-15,2025,2025-10,Electronics,Apex Value,Product-018,1,2,98.96,12.14,0.1227,98.96
2025-08-13,2025,2025-08,Kitchen,Apex Essentials,Product-022,1,1,26.82,3.25,0.121,26.82
2025-09-01,2025,2025-09,Beauty,Apex Outdoor,Product-029,1,1,25.3,2.87,0.1136,25.3
2025-10-16,2025,2025-10,Fitness,Apex Outdoor,Product-047,1,1,48.03,5.1,0.1062,48.03
2025-08-27,2025,2025-08,Kitchen,Apex Value,Product-017,1,1,15.91,2.84,0.1783,15.91
2025-12-03,2025,2025-12,Fitness,Apex Outdoor,Product-031,1,1,44.58,5.79,0.1299,44.58
2025-10-14,2025,2025-10,Beauty,Apex Prime,Product-033,1,1,10.42,1.71,0.164,10.42
2025-12-21,2025,2025-12,Home,Apex Essentials,Product-050,1,1,50.53,5.23,0.1036,50.53
2025-10-07,2025,2025-10,Beauty,Apex Prime,Product-023,1,2,37.66,4.12,0.1094,37.66
2025-08-06,2025,2025-08,Kids,Apex Prime,Product-069,1,1,27.22,4.37,0.1607,27.22
2025-08-27,2025,2025-08,Electronics,Apex Prime,Product-046,1,1,78.79,13.76,0.1746,78.79
2025-09-10,2025,2025-09,Beauty,Apex Outdoor,Product-004,1,1,15.65,2.28,0.1456,15.65
2025-09-22,2025,2025-09,Fitness,Apex Value,Product-002,1,1,60.67,8.99,0.1482,60.67
2025-07-04,2025,2025-07,Home,Apex Outdoor,Product-060,1,1,43.29,5.43,0.1255,43.29
2025-07-09,2025,2025-07,Kitchen,Apex Outdoor,Product-057,1,1,37.3,6.48,0.1738,37.3
2025-12-23,2025,2025-12,Kitchen,Apex Prime,Product-017,1,1,26.36,3.96,0.1504,26.36
2025-08-15,2025,2025-08,Kitchen,Apex Prime,Product-065,1,1,23.07,4.14,0.1794,23.07
2025-11-25,2025,2025-11,Beauty,Apex Essentials,Product-011,1,1,25.11,3.81,0.1517,25.11
2025-10-30,2025,2025-10,Home,Apex Essentials,Product-016,1,1,24.85,3.51,0.1412,24.85
2025-12-30,2025,2025-12,Kids,Apex Outdoor,Product-012,1,2,32.12,5.13,0.1596,32.12
2025-08-11,2025,2025-08,Beauty,Apex Prime,Product-057,1,1,28.37,4.26,0.1503,28.37
2025-12-04,2025,2025-12,Beauty,Apex Prime,Product-043,1,2,66.81,6.69,0.1001,66.81
2025-11-18,2025,2025-11,Fitness,Apex Prime,Product-028,1,1,43.15,6.36,0.1473,43.15
2025-12-18,2025,2025-12,Home,Apex Outdoor,Product-043,1,1,52.01,6.05,0.1163,52.01
2025-10-27,2025,2025-10,Electronics,Apex Essentials,Product-008,1,1,66.26,7.67,0.1158,66.26
2025-11-14,2025,2025-11,Kitchen,Apex Outdoor,Product-001,1,3,94.14,11.02,0.1171,94.14
2025-12-14,2025,2025-12,Fitness,Apex Value,Product-061,1,2,102.4,16.44,0.1605,102.4
2025-11-04,2025,2025-11,Kitchen,Apex Value,Product-016,1,1,27.1,3.64,0.1342,27.1
2025-07-24,2025,2025-07,Electronics,Apex Outdoor,Product-017,1,2,137.78,23.12,0.1678,137.78
2025-11-15,2025,2025-11,Beauty,Apex Outdoor,Product-059,1,1,26.42,4.29,0.1622,26.42
2025-10-25,2025,2025-10,Kitchen,Apex Essentials,Product-073,1,1,34.93,5.06,0.145,34.93
2025-07-09,2025,2025-07,Kitchen,Apex Prime,Product-055,1,1,38.06,4.49,0.118,38.06
2025-09-28,2025,2025-09,Electronics,Apex Prime,Product-041,1,1,75.22,7.88,0.1047,75.22
2025-12-23,2025,2025-12,Kitchen,Apex Outdoor,Product-044,1,1,39.53,4.29,0.1084,39.53
2025-07-04,2025,2025-07,Fitness,Apex Value,Product-024,1,1,46.06,5.3,0.1151,46.06
2025-09-19,2025,2025-09,Fitness,Apex Prime,Product-039,1,1,40.96,5.7,0.1391,40.96
2025-07-23,2025,2025-07,Fitness,Apex Prime,Product-034,1,2,105.48,13.45,0.1275,105.48
2025-11-13,2025,2025-11,Electronics,Apex Value,Product-043,1,1,65.29,10.73,0.1644,65.29
2025-08-01,2025,2025-08,Fitness,Apex Essentials,Product-057,1,1,37.52,4.01,0.107,37.52
2025-10-15,2025,2025-10,Kitchen,Apex Prime,Product-007,1,1,23.43,4.05,0.173,23.43
2025-10-16,2025,2025-10,Fitness,Apex Prime,Product-077,1,2,72.22,9.55,0.1323,72.22
2025-12-01,2025,2025-12,Beauty,Apex Outdoor,Product-030,1,1,27.21,4.41,0.162,27.21
2025-09-17,2025,2025-09,Fitness,Apex Essentials,Product-070,1,1,56.08,7.26,0.1295,56.08
2025-10-25,2025,2025-10,Kids,Apex Prime,Product-043,1,1,12.36,2.02,0.1637,12.36
2025-07-24,2025,2025-07,Beauty,Apex Prime,Product-001,1,1,20.53,2.1,0.1024,20.53
2025-11-01,2025,2025-11,Kitchen,Apex Prime,Product-004,1,1,32.72,4.43,0.1355,32.72
2025-11-12,2025,2025-11,Home,Apex Prime,Product-054,1,1,37.81,5.27,0.1395,37.81
2025-09-27,2025,2025-09,Fitness,Apex Essentials,Product-065,1,1,32.56,5.78,0.1775,32.56
2025-12-26,2025,2025-12,Kids,Apex Value,Product-039,1,1,8.0,1.14,0.142,8.0
2025-07-14,2025,2025-07,Kitchen,Apex Prime,Product-077,1,1,25.26,3.28,0.13,25.26
2025-11-26,2025,2025-11,Home,Apex Essentials,Product-019,1,2,70.61,10.64,0.1507,70.61
2025-10-19,2025,2025-10,Electronics,Apex Essentials,Product-029,1,2,114.25,14.89,0.1303,114.25
2025-12-25,2025,2025-12,Beauty,Apex Prime,Product-053,1,1,21.59,3.77,0.1748,21.59
2025-11-13,2025,2025-11,Electronics,Apex Prime,Product-057,1,1,58.49,7.43,0.1271,58.49
2025-07-27,2025,2025-07,Kitchen,Apex Outdoor,Product-060,1,1,20.47,3.15,0.1538,20.47
2025-07-29,2025,2025-07,Home,Apex Essentials,Product-050,1,1,37.68,5.19,0.1378,37.68
2025-10-20,2025,2025-10,Home,Apex Essentials,Product-003,1,2,101.4,12.0,0.1183,101.4
2025-09-01,2025,2025-09,Home,Apex Outdoor,Product-062,1,1,24.67,3.16,0.128,24.67
2025-09-14,2025,2025-09,Beauty,Apex Prime,Product-017,1,1,26.09,4.36,0.1673,26.09
2025-07-11,2025,2025-07,Kids,Apex Value,Product-013,1,1,33.68,5.49,0.1629,33.68
2025-09-06,2025,2025-09,Kitchen,Apex Prime,Product-057,1,3,130.88,18.04,0.1378,130.88
2025-09-28,2025,2025-09,Kitchen,Apex Essentials,Product-068,1,1,25.17,3.93,0.156,25.17
2025-12-11,2025,2025-12,Home,Apex Value,Product-033,1,3,110.16,19.48,0.1768,110.16
2025-07-10,2025,2025-07,Kids,Apex Outdoor,Product-043,1,1,24.95,2.64,0.1059,24.95
2025-07-16,2025,2025-07,Electronics,Apex Outdoor,Product-008,1,1,62.03,9.11,0.1468,62.03
2025-12-23,2025,2025-12,Fitness,Apex Value,Product-041,1,1,41.88,5.42,0.1294,41.88
2025-12-11,2025,2025-12,Electronics,Apex Outdoor,Product-052,1,1,65.05,10.04,0.1544,65.05
2025-11-18,2025,2025-11,Kids,Apex Prime,Product-021,1,1,28.52,3.76,0.1318,28.52
2025-09-01,2025,2025-09,Home,Apex Value,Product-029,1,3,122.12,13.52,0.1107,122.12
2025-07-06,2025,2025-07,Kids,Apex Value,Product-040,1,1,8.0,1.03,0.1283,8.0
2025-09-25,2025,2025-09,Kids,Apex Prime,Product-045,1,1,32.26,5.58,0.1729,32.26
2025-12-18,2025,2025-12,Fitness,Apex Outdoor,Product-010,1,2,100.07,16.51,0.165,100.07
2025-10-27,2025,2025-10,Fitness,Apex Prime,Product-077,1,1,32.14,4.79,0.149,32.14
2025-10-02,2025,2025-10,Electronics,Apex Prime,Product-042,1,1,46.76,8.36,0.1788,46.76
2025-11-29,2025,2025-11,Home,Apex Prime,Product-077,1,3,42.8,5.64,0.1317,42.8
2025-07-03,2025,2025-07,Kitchen,Apex Essentials,Product-045,1,1,33.01,4.81,0.1456,33.01
2025-09-19,2025,2025-09,Beauty,Apex Prime,Product-013,1,1,21.4,2.3,0.1073,21.4
2025-11-08,2025,2025-11,Fitness,Apex Essentials,Product-006,1,1,28.5,5.08,0.1782,28.5
2025-08-20,2025,2025-08,Kitchen,Apex Essentials,Product-029,1,1,17.73,2.75,0.1551,17.73
2025-09-25,2025,2025-09,Fitness,Apex Essentials,Product-069,1,1,43.47,5.76,0.1326,43.47
2025-09-11,2025,2025-09,Kids,Apex Value,Product-040,1,1,22.97,3.67,0.1598,22.97
2025-11-14,2025,2025-11,Kitchen,Apex Value,Product-073,1,1,29.8,4.03,0.1351,29.8
2025-10-27,2025,2025-10,Home,Apex Outdoor,Product-041,1,1,31.69,4.15,0.1308,31.69
2025-07-18,2025,2025-07,Kids,Apex Prime,Product-034,1,1,45.95,5.22,0.1136,45.95
2025-10-25,2025,2025-10,Kitchen,Apex Outdoor,Product-041,1,2,81.42,9.5,0.1167,81.42
2025-12-31,2025,2025-12,Beauty,Apex Essentials,Product-012,1,1,20.09,3.31,0.1648,20.09
2025-11-01,2025,2025-11,Electronics,Apex Value,Product-029,1,1,61.51,10.06,0.1635,61.51
2025-07-16,2025,2025-07,Kids,Apex Outdoor,Product-058,1,1,17.92,2.44,0.1359,17.92
2025-09-07,2025,2025-09,Electronics,Apex Prime,Product-060,1,1,73.88,11.53,0.1561,73.88
2025-09-23,2025,2025-09,Kids,Apex Value,Product-053,1,1,28.68,4.78,0.1668,28.68
2025-09-12,2025,2025-09,Kids,Apex Essentials,Product-045,1,1,12.63,2.19,0.1735,12.63
2025-07-26,2025,2025-07,Electronics,Apex Outdoor,Product-008,1,1,66.13,11.41,0.1725,66.13
2025-12-28,2025,2025-12,Kitchen,Apex Essentials,Product-080,1,1,35.96,3.84,0.1068,35.96
2025-07-05,2025,2025-07,Home,Apex Prime,Product-021,1,1,34.81,4.65,0.1336,34.81
2025-10-03,2025,2025-10,Kitchen,Apex Essentials,Product-040,1,2,46.88,4.8,0.1024,46.88
2025-12-03,2025,2025-12,Kitchen,Apex Prime,Product-032,1,1,27.06,3.21,0.1186,27.06
2025-12-23,2025,2025-12,Kids,Apex Value,Product-032,1,1,8.0,0.87,0.1086,8.0
2025-08-25,2025,2025-08,Kitchen,Apex Outdoor,Product-007,1,2,55.52,9.33,0.168,55.52
2025-08-25,2025,2025-08,Electronics,Apex Value,Product-038,1,1,84.32,14.28,0.1694,84.32
2025-09-30,2025,2025-09,Electronics,Apex Value,Product-056,1,1,62.35,10.49,0.1682,62.35
2025-08-27,2025,2025-08,Electronics,Apex Essentials,Product-069,1,1,65.23,10.38,0.1592,65.23
2025-10-21,2025,2025-10,Electronics,Apex Value,Product-074,1,1,65.24,10.66,0.1634,65.24
2025-07-01,2025,2025-07,Kitchen,Apex Outdoor,Product-069,1,1,22.75,3.16,0.1389,22.75
2025-08-20,2025,2025-08,Electronics,Apex Outdoor,Product-037,1,1,63.75,11.42,0.1791,63.75
2025-11-08,2025,2025-11,Kids,Apex Essentials,Product-054,1,2,29.6,4.45,0.1505,29.6
2025-10-27,2025,2025-10,Kids,Apex Outdoor,Product-031,1,1,17.41,2.75,0.1581,17.41
2025-11-21,2025,2025-11,Home,Apex Prime,Product-032,1,1,50.61,7.52,0.1485,50.61
2025-10-30,2025,2025-10,Fitness,Apex Prime,Product-002,1,1,54.04,5.98,0.1107,54.04
2025-11-30,2025,2025-11,Beauty,Apex Value,Product-075,1,1,29.19,2.99,0.1023,29.19
2025-08-10,2025,2025-08,Kids,Apex Outdoor,Product-024,1,2,54.27,9.03,0.1663,54.27
2025-08-25,2025,2025-08,Beauty,Apex Essentials,Product-026,1,1,23.02,4.12,0.1789,23.02
2025-09-13,2025,2025-09,Beauty,Apex Outdoor,Product-038,1,1,10.72,1.83,0.1706,10.72
2025-09-08,2025,2025-09,Beauty,Apex Prime,Product-073,1,1,29.9,3.15,0.1052,29.9
2025-10-27,2025,2025-10,Electronics,Apex Outdoor,Product-062,1,2,144.59,23.02,0.1592,144.59
2025-10-05,2025,2025-10,Fitness,Apex Outdoor,Product-008,1,2,110.05,18.26,0.1659,110.05
2025-12-22,2025,2025-12,Fitness,Apex Prime,Product-018,1,1,54.69,5.81,0.1063,54.69
2025-10-17,2025,2025-10,Electronics,Apex Value,Product-014,1,2,93.05,13.43,0.1443,93.05
2025-08-10,2025,2025-08,Beauty,Apex Prime,Product-003,1,1,9.2,1.24,0.1345,9.2
2025-08-04,2025,2025-08,Kitchen,Apex Prime,Product-034,1,1,29.87,5.01,0.1676,29.87
2025-11-09,2025,2025-11,Home,Apex Outdoor,Product-027,1,1,44.0,5.85,0.133,44.0
2025-07-24,2025,2025-07,Fitness,Apex Value,Product-002,1,1,41.44,4.81,0.116,41.44
2025-11-13,2025,2025-11,Beauty,Apex Essentials,Product-034,1,1,27.33,3.3,0.1207,27.33
2025-12-21,2025,2025-12,Home,Apex Essentials,Product-022,1,2,56.59,8.58,0.1517,56.59
2025-09-18,2025,2025-09,Kids,Apex Prime,Product-006,1,1,14.19,1.7,0.1198,14.19
2025-07-18,2025,2025-07,Electronics,Apex Value,Product-019,1,2,111.32,19.01,0.1708,111.32
2025-07-01,2025,2025-07,Kids,Apex Value,Product-078,1,1,19.31,2.31,0.1194,19.31
2025-08-29,2025,2025-08,Kitchen,Apex Essentials,Product-013,1,1,21.18,3.21,0.1514,21.18
2025-08-12,2025,2025-08,Kids,Apex Value,Product-004,1,1,14.8,1.62,0.1094,14.8
2025-08-04,2025,2025-08,Kitchen,Apex Essentials,Product-067,1,2,58.29,6.63,0.1137,58.29
2025-11-19,2025,2025-11,Kitchen,Apex Value,Product-038,1,1,25.58,3.46,0.1352,25.58
2025-07-28,2025,2025-07,Beauty,Apex Prime,Product-074,1,1,32.11,5.67,0.1765,32.11
2025-12-04,2025,2025-12,Electronics,Apex Value,Product-036,1,2,113.97,11.47,0.1006,113.97
2025-12-17,2025,2025-12,Electronics,Apex Value,Product-068,1,1,48.93,8.0,0.1636,48.93
2025-10-31,2025,2025-10,Fitness,Apex Value,Product-038,1,1,37.26,5.29,0.142,37.26
2025-11-12,2025,2025-11,Home,Apex Essentials,Product-013,1,1,48.67,7.0,0.1439,48.67
2025-08-23,2025,2025-08,Beauty,Apex Essentials,Product-048,1,1,19.81,2.76,0.1394,19.81
2025-11-18,2025,2025-11,Home,Apex Essentials,Product-019,1,3,24.0,3.59,0.1497,24.0
2025-10-07,2025,2025-10,Fitness,Apex Prime,Product-016,1,1,45.94,6.77,0.1473,45.94
2025-12-31,2025,2025-12,Kitchen,Apex Value,Product-056,1,3,26.99,4.15,0.1538,26.99
2025-10-01,2025,2025-10,Kids,Apex Essentials,Product-012,1,2,39.28,5.65,0.1439,39.28
2025-07-13,2025,2025-07,Fitness,Apex Outdoor,Product-062,1,1,34.19,4.23,0.1238,34.19
2025-07-07,2025,2025-07,Home,Apex Value,Product-024,1,1,43.76,6.19,0.1414,43.76
2025-09-13,2025,2025-09,Electronics,Apex Outdoor,Product-001,1,1,68.76,7.3,0.1062,68.76
2025-10-26,2025,2025-10,Home,Apex Essentials,Product-048,1,1,55.76,9.46,0.1696,55.76
2025-07-30,2025,2025-07,Kitchen,Apex Outdoor,Product-071,1,1,18.34,2.11,0.1151,18.34
2025-12-01,2025,2025-12,Kids,Apex Essentials,Product-044,1,1,13.85,2.35,0.1694,13.85
2025-07-12,2025,2025-07,Kids,Apex Value,Product-063,1,1,8.0,0.93,0.1167,8.0
2025-08-29,2025,2025-08,Fitness,Apex Essentials,Product-077,1,2,90.85,12.47,0.1373,90.85
2025-12-11,2025,2025-12,Fitness,Apex Value,Product-031,1,1,38.46,4.96,0.1289,38.46
2025-10-20,2025,2025-10,Kids,Apex Outdoor,Product-064,1,1,8.0,0.96,0.1205,8.0
2025-12-07,2025,2025-12,Beauty,Apex Outdoor,Product-057,1,1,17.06,2.95,0.1732,17.06
2025-10-20,2025,2025-10,Kitchen,Apex Value,Product-020,1,1,30.6,3.29,0.1074,30.6
2025-08-01,2025,2025-08,Electronics,Apex Prime,Product-036,1,3,202.59,21.96,0.1084,202.59
2025-10-27,2025,2025-10,Electronics,Apex Value,Product-042,1,1,39.82,4.15,0.1043,39.82
2025-09-19,2025,2025-09,Fitness,Apex Outdoor,Product-079,1,1,53.17,9.19,0.1728,53.17
2025-12-20,2025,2025-12,Kitchen,Apex Value,Product-061,1,1,17.42,2.41,0.1384,17.42
2025-07-29,2025,2025-07,Fitness,Apex Outdoor,Product-062,1,1,54.11,7.52,0.1389,54.11
2025-08-29,2025,2025-08,Kitchen,Apex Prime,Product-012,1,1,42.02,4.39,0.1044,42.02
2025-09-23,2025,2025-09,Kitchen,Apex Outdoor,Product-014,1,1,23.01,3.68,0.1601,23.01
2025-07-09,2025,2025-07,Beauty,Apex Value,Product-062,1,1,9.69,1.36,0.1408,9.69
2025-08-15,2025,2025-08,Beauty,Apex Prime,Product-014,1,2,48.61,4.98,0.1024,48.61
2025-09-06,2025,2025-09,Kitchen,Apex Outdoor,Product-042,1,1,29.9,4.62,0.1544,29.9
2025-11-19,2025,2025-11,Kitchen,Apex Value,Product-057,1,1,33.28,4.47,0.1344,33.28
2025-11-13,2025,2025-11,Home,Apex Prime,Product-014,1,2,101.58,10.83,0.1066,101.58
2025-08-27,2025,2025-08,Home,Apex Essentials,Product-037,1,1,19.51,3.1,0.1587,19.51
2025-12-21,2025,2025-12,Fitness,Apex Essentials,Product-002,1,1,61.31,8.09,0.1319,61.31
2025-08-01,2025,2025-08,Fitness,Apex Essentials,Product-053,1,1,35.73,4.69,0.1313,35.73
2025-09-29,2025,2025-09,Electronics,Apex Outdoor,Product-039,1,1,60.52,6.77,0.1118,60.52
2025-11-27,2025,2025-11,Beauty,Apex Outdoor,Product-003,1,1,13.31,2.06,0.1547,13.31
2025-10-17,2025,2025-10,Kitchen,Apex Essentials,Product-071,1,1,21.9,3.05,0.1394,21.9
2025-12-02,2025,2025-12,Beauty,Apex Essentials,Product-055,1,2,16.0,1.8,0.1125,16.0
2025-12-09,2025,2025-12,Electronics,Apex Outdoor,Product-029,1,2,128.12,20.5,0.16,128.12
2025-08-04,2025,2025-08,Kitchen,Apex Essentials,Product-048,1,1,29.09,3.31,0.1137,29.09
2025-11-18,2025,2025-11,Fitness,Apex Prime,Product-058,1,1,33.35,5.41,0.1623,33.35
2025-08-29,2025,2025-08,Fitness,Apex Prime,Product-073,1,1,38.69,4.08,0.1054,38.69
2025-08-18,2025,2025-08,Beauty,Apex Outdoor,Product-059,1,1,20.99,3.17,0.1509,20.99
2025-11-26,2025,2025-11,Kids,Apex Outdoor,Product-053,1,1,22.58,2.62,0.116,22.58
2025-07-22,2025,2025-07,Kids,Apex Value,Product-075,1,1,9.62,1.47,0.1529,9.62
2025-09-02,2025,2025-09,Kids,Apex Value,Product-071,1,1,8.0,0.91,0.1138,8.0
2025-12-26,2025,2025-12,Electronics,Apex Value,Product-041,1,1,79.12,11.12,0.1405,79.12
2025-07-18,2025,2025-07,Fitness,Apex Prime,Product-071,1,2,81.79,11.12,0.1359,81.79
2025-10-23,2025,2025-10,Kitchen,Apex Essentials,Product-041,1,1,8.0,0.97,0.1215,8.0
2025-08-29,2025,2025-08,Kitchen,Apex Outdoor,Product-047,1,1,33.35,4.77,0.1431,33.35
2025-08-05,2025,2025-08,Electronics,Apex Prime,Product-036,1,1,48.48,7.39,0.1524,48.48
2025-08-09,2025,2025-08,Electronics,Apex Essentials,Product-045,1,2,106.8,17.8,0.1667,106.8
2025-08-15,2025,2025-08,Kitchen,Apex Prime,Product-049,1,1,11.47,1.45,0.1266,11.47
2025-09-13,2025,2025-09,Kids,Apex Value,Product-058,1,1,30.3,4.45,0.1469,30.3
2025-12-30,2025,2025-12,Kitchen,Apex Outdoor,Product-062,1,2,65.49,10.33,0.1578,65.49
2025-11-23,2025,2025-11,Kitchen,Apex Value,Product-067,1,1,15.18,2.68,0.1764,15.18
2025-12-21,2025,2025-12,Fitness,Apex Prime,Product-044,1,1,40.7,4.74,0.1164,40.7
2025-11-10,2025,2025-11,Kids,Apex Value,Product-077,1,1,17.61,2.42,0.1373,17.61
2025-09-29,2025,2025-09,Kitchen,Apex Outdoor,Product-020,1,1,39.27,4.53,0.1153,39.27
2025-10-08,2025,2025-10,Electronics,Apex Outdoor,Product-052,1,2,136.35,17.19,0.1261,136.35
2025-12-22,2025,2025-12,Beauty,Apex Value,Product-026,1,2,58.95,9.11,0.1546,58.95
2025-08-15,2025,2025-08,Electronics,Apex Prime,Product-020,1,1,56.91,7.07,0.1242,56.91
2025-09-01,2025,2025-09,Home,Apex Value,Product-052,1,1,40.53,4.99,0.1232,40.53
2025-09-29,2025,2025-09,Beauty,Apex Value,Product-055,1,2,46.51,6.5,0.1397,46.51
2025-09-08,2025,2025-09,Fitness,Apex Outdoor,Product-053,1,1,49.53,6.77,0.1367,49.53
2025-07-08,2025,2025-07,Beauty,Apex Essentials,Product-052,1,1,38.73,4.11,0.106,38.73
2025-10-17,2025,2025-10,Electronics,Apex Outdoor,Product-007,1,1,62.79,7.02,0.1118,62.79
2025-12-18,2025,2025-12,Beauty,Apex Value,Product-079,1,1,8.0,0.96,0.1194,8.0
2025-11-13,2025,2025-11,Beauty,Apex Essentials,Product-045,1,1,14.31,1.5,0.1049,14.31
2025-12-19,2025,2025-12,Kids,Apex Prime,Product-043,1,1,21.5,3.38,0.1571,21.5
2025-07-24,2025,2025-07,Kitchen,Apex Prime,Product-023,1,1,9.74,1.16,0.1187,9.74
2025-10-16,2025,2025-10,Beauty,Apex Prime,Product-048,1,1,8.0,0.9,0.1128,8.0
2025-07-25,2025,2025-07,Kids,Apex Outdoor,Product-011,1,1,15.42,2.38,0.1541,15.42
2025-08-10,2025,2025-08,Beauty,Apex Outdoor,Product-066,1,1,12.42,1.27,0.1022,12.42
2025-07-09,2025,2025-07,Fitness,Apex Value,Product-014,1,1,43.59,6.2,0.1423,43.59
2025-08-09,2025,2025-08,Kids,Apex Prime,Product-059,1,2,124.37,17.86,0.1436,124.37
2025-09-07,2025,2025-09,Kitchen,Apex Value,Product-062,1,1,10.02,1.75,0.1751,10.02
2025-10-25,2025,2025-10,Fitness,Apex Prime,Product-001,1,1,57.88,8.0,0.1383,57.88
2025-09-12,2025,2025-09,Home,Apex Essentials,Product-067,1,1,46.04,5.85,0.1271,46.04
2025-10-28,2025,2025-10,Electronics,Apex Essentials,Product-008,1,1,48.85,6.07,0.1242,48.85
2025-07-13,2025,2025-07,Kitchen,Apex Prime,Product-074,1,1,39.47,5.88,0.1489,39.47
2025-10-13,2025,2025-10,Electronics,Apex Essentials,Product-058,1,1,65.02,8.73,0.1342,65.02
2025-11-12,2025,2025-11,Electronics,Apex Value,Product-080,1,1,73.2,10.11,0.1381,73.2
2025-12-04,2025,2025-12,Beauty,Apex Outdoor,Product-049,1,1,22.07,3.03,0.1375,22.07
2025-09-08,2025,2025-09,Kitchen,Apex Value,Product-011,1,1,25.73,4.0,0.1553,25.73
2025-07-21,2025,2025-07,Kids,Apex Prime,Product-079,1,1,17.26,2.96,0.1717,17.26
2025-09-19,2025,2025-09,Home,Apex Outdoor,Product-067,1,2,76.14,12.75,0.1675,76.14
2025-12-29,2025,2025-12,Fitness,Apex Value,Product-061,1,2,99.88,13.66,0.1368,99.88
2025-08-12,2025,2025-08,Fitness,Apex Essentials,Product-064,1,1,55.84,6.33,0.1134,55.84
2025-07-11,2025,2025-07,Kids,Apex Prime,Product-028,1,1,28.01,3.82,0.1365,28.01
2025-07-31,2025,2025-07,Kids,Apex Outdoor,Product-040,1,2,29.73,3.65,0.1227,29.73
2025-07-22,2025,2025-07,Kids,Apex Prime,Product-015,1,1,17.23,2.66,0.1546,17.23
2025-08-16,2025,2025-08,Kids,Apex Prime,Product-047,1,1,20.53,2.98,0.1452,20.53
2025-12-09,2025,2025-12,Electronics,Apex Outdoor,Product-053,1,1,56.01,6.75,0.1206,56.01
2025-10-07,2025,2025-10,Kids,Apex Value,Product-050,1,1,8.0,0.81,0.1008,8.0
2025-08-14,2025,2025-08,Beauty,Apex Prime,Product-021,1,1,23.8,2.68,0.1127,23.8
2025-10-26,2025,2025-10,Electronics,Apex Essentials,Product-016,1,1,72.59,7.75,0.1068,72.59
2025-12-14,2025,2025-12,Kitchen,Apex Outdoor,Product-065,1,1,38.29,4.38,0.1143,38.29
2025-09-24,2025,2025-09,Kitchen,Apex Outdoor,Product-018,1,1,28.41,4.88,0.1717,28.41
2025-09-27,2025,2025-09,Electronics,Apex Essentials,Product-077,1,1,75.27,13.2,0.1754,75.27
2025-11-12,2025,2025-11,Home,Apex Value,Product-057,1,2,57.14,9.61,0.1682,57.14
2025-10-01,2025,2025-10,Kids,Apex Essentials,Product-071,1,1,39.61,6.08,0.1534,39.61
2025-08-05,2025,2025-08,Electronics,Apex Essentials,Product-060,1,1,54.55,7.54,0.1382,54.55
2025-08-22,2025,2025-08,Kids,Apex Prime,Product-046,1,1,20.29,3.01,0.1485,20.29
2025-12-02,2025,2025-12,Kitchen,Apex Prime,Product-063,1,1,28.75,4.08,0.1418,28.75
2025-09-16,2025,2025-09,Home,Apex Value,Product-072,1,1,25.49,3.74,0.1468,25.49
2025-12-20,2025,2025-12,Beauty,Apex Value,Product-078,1,1,23.01,2.99,0.13,23.01
2025-08-22,2025,2025-08,Kitchen,Apex Outdoor,Product-068,1,1,28.74,3.61,0.1255,28.74
2025-07-02,2025,2025-07,Beauty,Apex Essentials,Product-018,1,1,13.59,1.55,0.1142,13.59
2025-07-25,2025,2025-07,Kids,Apex Outdoor,Product-068,1,2,18.11,2.27,0.1256,18.11
2025-07-14,2025,2025-07,Home,Apex Prime,Product-049,1,2,66.4,8.22,0.1238,66.4
2025-07-03,2025,2025-07,Fitness,Apex Essentials,Product-049,1,1,49.63,8.55,0.1722,49.63
2025-09-15,2025,2025-09,Fitness,Apex Prime,Product-037,1,1,63.83,11.07,0.1734,63.83
2025-09-25,2025,2025-09,Electronics,Apex Prime,Product-011,1,1,56.05,8.43,0.1504,56.05
2025-11-13,2025,2025-11,Beauty,Apex Prime,Product-038,1,1,23.32,3.28,0.1406,23.32
2025-08-25,2025,2025-08,Kids,Apex Outdoor,Product-073,1,2,16.0,2.1,0.1314,16.0
2025-10-11,2025,2025-10,Beauty,Apex Prime,Product-052,1,1,14.39,1.58,0.1096,14.39
2025-07-27,2025,2025-07,Fitness,Apex Outdoor,Product-029,1,1,38.79,4.34,0.1119,38.79
2025-08-05,2025,2025-08,Kitchen,Apex Essentials,Product-002,1,1,24.81,4.11,0.1655,24.81
2025-07-20,2025,2025-07,Electronics,Apex Outdoor,Product-046,1,1,52.83,6.92,0.1309,52.83
2025-08-06,2025,2025-08,Electronics,Apex Essentials,Product-009,1,1,56.33,7.43,0.1319,56.33
2025-12-27,2025,2025-12,Kitchen,Apex Value,Product-064,1,1,22.13,2.31,0.1042,22.13
2025-11-30,2025,2025-11,Fitness,Apex Value,Product-023,1,1,59.43,10.51,0.1769,59.43
2025-07-10,2025,2025-07,Electronics,Apex Outdoor,Product-029,1,1,75.54,8.65,0.1145,75.54
2025-12-04,2025,2025-12,Home,Apex Outdoor,Product-023,1,2,61.17,7.36,0.1203,61.17
2025-12-09,2025,2025-12,Home,Apex Value,Product-001,1,1,35.16,5.47,0.1556,35.16
2025-09-16,2025,2025-09,Kids,Apex Value,Product-040,1,1,20.36,2.95,0.1449,20.36
2025-11-07,2025,2025-11,Kids,Apex Essentials,Product-071,1,2,17.36,2.09,0.1203,17.36
2025-09-11,2025,2025-09,Kitchen,Apex Outdoor,Product-012,1,1,34.78,3.88,0.1117,34.78
2025-09-10,2025,2025-09,Home,Apex Outdoor,Product-065,1,1,44.83,5.78,0.1289,44.83
2025-09-18,2025,2025-09,Electronics,Apex Value,Product-062,1,1,62.35,8.47,0.1359,62.35
2025-11-01,2025,2025-11,Beauty,Apex Value,Product-060,1,2,16.0,2.05,0.1283,16.0
2025-09-26,2025,2025-09,Electronics,Apex Essentials,Product-019,1,1,62.05,7.95,0.1281,62.05
2025-08-14,2025,2025-08,Fitness,Apex Outdoor,Product-015,1,1,56.18,9.2,0.1637,56.18
2025-07-11,2025,2025-07,Kitchen,Apex Prime,Product-048,1,1,30.22,4.81,0.1593,30.22
2025-12-24,2025,2025-12,Fitness,Apex Outdoor,Product-069,1,1,37.75,3.96,0.105,37.75
2025-11-25,2025,2025-11,Beauty,Apex Value,Product-047,1,1,20.73,2.08,0.1002,20.73
2025-08-23,2025,2025-08,Home,Apex Outdoor,Product-064,1,1,30.23,4.69,0.1552,30.23
2025-09-23,2025,2025-09,Electronics,Apex Outdoor,Product-079,1,2,125.85,14.21,0.1129,125.85
2025-12-08,2025,2025-12,Kitchen,Apex Essentials,Product-056,1,1,34.71,6.1,0.1758,34.71
2025-07-19,2025,2025-07,Home,Apex Prime,Product-030,1,1,25.89,3.82,0.1474,25.89
2025-08-27,2025,2025-08,Kitchen,Apex Outdoor,Product-021,1,1,9.92,1.73,0.1739,9.92
2025-07-24,2025,2025-07,Electronics,Apex Prime,Product-038,1,1,51.01,5.21,0.1021,51.01
2025-11-02,2025,2025-11,Beauty,Apex Essentials,Product-040,1,2,58.08,6.24,0.1075,58.08
2025-12-08,2025,2025-12,Beauty,Apex Essentials,Product-067,1,1,8.0,0.98,0.1224,8.0
2025-07-26,2025,2025-07,Home,Apex Essentials,Product-034,1,1,27.65,2.9,0.1048,27.65
2025-10-07,2025,2025-10,Kids,Apex Outdoor,Product-028,1,1,11.82,1.67,0.1411,11.82
2025-09-08,2025,2025-09,Beauty,Apex Prime,Product-069,1,1,36.14,5.15,0.1426,36.14
2025-12-02,2025,2025-12,Kids,Apex Essentials,Product-019,1,1,26.7,4.68,0.1752,26.7
2025-07-16,2025,2025-07,Kitchen,Apex Prime,Product-020,1,1,30.72,3.66,0.1191,30.72
2025-09-14,2025,2025-09,Kids,Apex Prime,Product-077,1,1,17.91,2.63,0.1469,17.91
2025-12-24,2025,2025-12,Electronics,Apex Prime,Product-008,1,1,54.26,6.16,0.1136,54.26
2025-07-19,2025,2025-07,Electronics,Apex Prime,Product-078,1,2,133.21,14.68,0.1102,133.21
2025-12-05,2025,2025-12,Kids,Apex Essentials,Product-025,1,2,16.0,2.77,0.1732,16.0
2025-12-21,2025,2025-12,Home,Apex Value,Product-057,1,1,26.99,4.84,0.1794,26.99
2025-08-27,2025,2025-08,Electronics,Apex Essentials,Product-001,1,1,57.61,6.82,0.1183,57.61
2025-10-30,2025,2025-10,Electronics,Apex Prime,Product-016,1,3,179.22,23.71,0.1323,179.22
2025-07-20,2025,2025-07,Kitchen,Apex Prime,Product-008,1,1,16.07,2.45,0.1523,16.07
2025-10-11,2025,2025-10,Beauty,Apex Essentials,Product-065,1,1,25.85,4.11,0.159,25.85
2025-10-03,2025,2025-10,Electronics,Apex Value,Product-004,1,1,45.29,6.11,0.135,45.29
2025-08-26,2025,2025-08,Fitness,Apex Value,Product-075,1,2,108.21,18.01,0.1664,108.21
2025-10-23,2025,2025-10,Kids,Apex Essentials,Product-011,1,1,19.18,1.96,0.1022,19.18
2025-07-08,2025,2025-07,Home,Apex Essentials,Product-074,1,1,39.64,4.65,0.1174,39.64
2025-09-06,2025,2025-09,Kids,Apex Value,Product-020,1,1,22.07,2.54,0.115,22.07
2025-09-19,2025,2025-09,Kitchen,Apex Outdoor,Product-023,1,2,49.08,8.28,0.1688,49.08
2025-07-05,2025,2025-07,Electronics,Apex Prime,Product-044,1,1,57.92,8.63,0.149,57.92
2025-07-04,2025,2025-07,Kitchen,Apex Value,Product-053,1,1,35.81,4.08,0.114,35.81
2025-09-24,2025,2025-09,Electronics,Apex Essentials,Product-057,1,1,62.02,6.82,0.11,62.02
2025-09-20,2025,2025-09,Kids,Apex Essentials,Product-009,1,3,40.54,7.18,0.1772,40.54
2025-12-10,2025,2025-12,Home,Apex Prime,Product-052,1,1,15.14,2.72,0.1799,15.14
2025-11-12,2025,2025-11,Home,Apex Prime,Product-002,1,1,36.7,3.78,0.103,36.7
2025-08-23,2025,2025-08,Kids,Apex Essentials,Product-003,1,3,43.09,6.88,0.1597,43.09
2025-11-05,2025,2025-11,Fitness,Apex Prime,Product-068,1,2,74.19,11.62,0.1566,74.19
2025-07-01,2025,2025-07,Fitness,Apex Value,Product-023,1,2,85.63,13.96,0.163,85.63
2025-12-10,2025,2025-12,Electronics,Apex Outdoor,Product-062,1,1,45.94,8.17,0.1779,45.94
2025-09-14,2025,2025-09,Electronics,Apex Outdoor,Product-055,1,3,160.52,26.65,0.166,160.52
2025-09-25,2025,2025-09,Kids,Apex Outdoor,Product-057,1,3,29.38,3.54,0.1205,29.38
2025-11-13,2025,2025-11,Electronics,Apex Essentials,Product-070,1,3,161.4,18.67,0.1157,161.4
2025-11-01,2025,2025-11,Kids,Apex Essentials,Product-064,1,1,28.46,4.49,0.1576,28.46
2025-11-23,2025,2025-11,Kitchen,Apex Outdoor,Product-041,1,1,23.22,3.86,0.1663,23.22
2025-11-23,2025,2025-11,Home,Apex Essentials,Product-028,1,1,40.34,4.31,0.1069,40.34
2025-09-15,2025,2025-09,Beauty,Apex Essentials,Product-074,1,1,23.7,3.74,0.1578,23.7
2025-12-29,2025,2025-12,Fitness,Apex Outdoor,Product-041,1,1,40.91,6.98,0.1707,40.91
2025-08-19,2025,2025-08,Home,Apex Outdoor,Product-007,1,1,18.25,3.27,0.1793,18.25
2025-08-24,2025,2025-08,Beauty,Apex Outdoor,Product-012,1,1,22.17,2.33,0.1049,22.17
2025-07-27,2025,2025-07,Home,Apex Essentials,Product-013,1,1,45.8,5.81,0.1269,45.8
2025-07-20,2025,2025-07,Kids,Apex Value,Product-056,1,2,48.21,6.53,0.1355,48.21
2025-07-21,2025,2025-07,Kids,Apex Essentials,Product-079,1,2,42.54,5.15,0.121,42.54
2025-11-26,2025,2025-11,Electronics,Apex Value,Product-059,1,1,68.79,8.61,0.1252,68.79
2025-09-23,2025,2025-09,Electronics,Apex Outdoor,Product-038,1,1,67.54,7.04,0.1042,67.54
2025-09-26,2025,2025-09,Kids,Apex Value,Product-046,1,1,12.1,1.72,0.1421,12.1
2025-08-29,2025,2025-08,Beauty,Apex Value,Product-072,1,1,21.81,2.86,0.1311,21.81
2025-09-08,2025,2025-09,Home,Apex Value,Product-014,1,1,20.56,3.55,0.1726,20.56
2025-12-24,2025,2025-12,Fitness,Apex Essentials,Product-076,1,1,43.36,6.47,0.1493,43.36
2025-07-22,2025,2025-07,Fitness,Apex Essentials,Product-044,1,2,59.31,10.48,0.1767,59.31
2025-07-17,2025,2025-07,Home,Apex Essentials,Product-034,1,2,83.58,9.03,0.108,83.58
2025-10-03,2025,2025-10,Home,Apex Outdoor,Product-024,1,2,70.06,7.83,0.1118,70.06
2025-09-14,2025,2025-09,Home,Apex Essentials,Product-077,1,3,151.28,15.54,0.1027,151.28
2025-11-11,2025,2025-11,Fitness,Apex Essentials,Product-072,1,3,140.4,20.67,0.1472,140.4
2025-12-26,2025,2025-12,Electronics,Apex Outdoor,Product-069,1,1,55.83,6.88,0.1233,55.83
2025-08-28,2025,2025-08,Kids,Apex Essentials,Product-012,1,1,23.12,3.95,0.171,23.12
2025-11-05,2025,2025-11,Kitchen,Apex Value,Product-052,1,1,26.12,3.7,0.1416,26.12
2025-07-09,2025,2025-07,Electronics,Apex Outdoor,Product-016,1,1,61.88,9.81,0.1586,61.88
2025-07-20,2025,2025-07,Home,Apex Prime,Product-004,1,1,62.54,10.83,0.1731,62.54
2025-08-04,2025,2025-08,Kitchen,Apex Value,Product-001,1,2,38.09,3.85,0.1012,38.09
2025-08-08,2025,2025-08,Fitness,Apex Outdoor,Product-067,1,2,76.6,13.4,0.1749,76.6
2025-07-09,2025,2025-07,Kids,Apex Prime,Product-055,1,1,32.82,5.86,0.1787,32.82
2025-10-21,2025,2025-10,Kitchen,Apex Prime,Product-004,1,1,18.53,2.29,0.1235,18.53
2025-10-30,2025,2025-10,Fitness,Apex Value,Product-001,1,1,31.73,3.39,0.1067,31.73
2025-07-24,2025,2025-07,Electronics,Apex Prime,Product-015,1,1,59.68,9.11,0.1526,59.68
2025-12-14,2025,2025-12,Electronics,Apex Prime,Product-037,1,2,137.22,19.76,0.144,137.22
2025-10-16,2025,2025-10,Electronics,Apex Outdoor,Product-067,1,1,85.49,10.88,0.1273,85.49
2025-07-08,2025,2025-07,Kids,Apex Value,Product-025,1,1,28.7,4.75,0.1655,28.7
2025-09-29,2025,2025-09,Home,Apex Value,Product-048,1,1,46.71,5.47,0.1172,46.71
2025-12-13,2025,2025-12,Electronics,Apex Prime,Product-055,1,1,80.43,11.58,0.144,80.43
2025-07-24,2025,2025-07,Fitness,Apex Outdoor,Product-030,1,2,111.65,16.65,0.1491,111.65
2025-07-15,2025,2025-07,Electronics,Apex Essentials,Product-008,1,1,70.66,10.41,0.1473,70.66
2025-10-14,2025,2025-10,Electronics,Apex Outdoor,Product-064,1,2,111.89,11.79,0.1054,111.89
2025-07-08,2025,2025-07,Home,Apex Prime,Product-045,1,1,44.34,5.77,0.1302,44.34
2025-10-07,2025,2025-10,Kitchen,Apex Prime,Product-029,1,1,27.53,4.44,0.1613,27.53
2025-12-16,2025,2025-12,Kids,Apex Prime,Product-013,1,1,8.61,1.15,0.1339,8.61
2025-10-26,2025,2025-10,Beauty,Apex Outdoor,Product-041,1,1,8.0,1.24,0.1545,8.0
2025-08-19,2025,2025-08,Fitness,Apex Value,Product-002,1,1,42.7,7.52,0.1761,42.7
2025-10-08,2025,2025-10,Kitchen,Apex Outdoor,Product-059,1,1,16.77,2.35,0.1402,16.77
2025-11-22,2025,2025-11,Kitchen,Apex Value,Product-073,1,1,40.13,5.75,0.1433,40.13
2025-11-27,2025,2025-11,Home,Apex Essentials,Product-004,1,1,46.27,6.29,0.136,46.27
2025-08-30,2025,2025-08,Home,Apex Essentials,Product-017,1,1,32.22,4.4,0.1365,32.22
2025-11-03,2025,2025-11,Fitness,Apex Prime,Product-058,1,1,37.64,4.04,0.1072,37.64
2025-09-25,2025,2025-09,Home,Apex Outdoor,Product-064,1,2,80.56,11.3,0.1403,80.56
2025-09-03,2025,2025-09,Kitchen,Apex Prime,Product-007,1,1,9.48,1.04,0.1101,9.48
2025-11-15,2025,2025-11,Kids,Apex Essentials,Product-065,1,1,13.46,1.98,0.1474,13.46
2025-10-26,2025,2025-10,Home,Apex Outdoor,Product-053,1,1,33.15,4.76,0.1437,33.15
2025-11-25,2025,2025-11,Electronics,Apex Essentials,Product-060,1,1,81.86,11.78,0.1439,81.86
2025-08-03,2025,2025-08,Kids,Apex Outdoor,Product-057,1,1,8.0,1.21,0.1512,8.0
2025-12-17,2025,2025-12,Home,Apex Essentials,Product-010,1,1,30.58,4.8,0.1569,30.58
2025-07-07,2025,2025-07,Kitchen,Apex Outdoor,Product-079,1,2,35.99,3.82,0.1061,35.99
2025-09-22,2025,2025-09,Beauty,Apex Value,Product-070,1,1,8.0,1.17,0.1457,8.0
2025-09-27,2025,2025-09,Home,Apex Outdoor,Product-047,1,1,34.86,6.2,0.1779,34.86
2025-11-14,2025,2025-11,Kids,Apex Outdoor,Product-040,1,2,56.64,7.84,0.1384,56.64
2025-10-08,2025,2025-10,Electronics,Apex Prime,Product-013,1,1,60.44,6.53,0.108,60.44
2025-11-19,2025,2025-11,Beauty,Apex Essentials,Product-019,1,1,11.72,1.7,0.1453,11.72
2025-10-04,2025,2025-10,Kids,Apex Prime,Product-069,1,1,9.82,1.49,0.1521,9.82
2025-08-22,2025,2025-08,Electronics,Apex Prime,Product-009,1,1,68.69,9.74,0.1418,68.69
2025-12-26,2025,2025-12,Home,Apex Outdoor,Product-045,1,1,50.54,6.13,0.1212,50.54
2025-11-08,2025,2025-11,Home,Apex Outdoor,Product-049,1,1,43.49,7.23,0.1662,43.49
2025-10-29,2025,2025-10,Beauty,Apex Essentials,Product-015,1,1,24.91,2.66,0.1066,24.91
2025-12-06,2025,2025-12,Beauty,Apex Outdoor,Product-060,1,1,23.44,2.73,0.1164,23.44
2025-09-28,2025,2025-09,Beauty,Apex Essentials,Product-021,1,1,37.1,5.02,0.1354,37.1
2025-11-26,2025,2025-11,Electronics,Apex Value,Product-039,1,1,78.43,12.22,0.1558,78.43
2025-07-17,2025,2025-07,Electronics,Apex Value,Product-042,1,1,69.1,11.13,0.161,69.1
2025-08-30,2025,2025-08,Fitness,Apex Outdoor,Product-048,1,1,32.69,4.19,0.1283,32.69
2025-08-15,2025,2025-08,Beauty,Apex Outdoor,Product-027,1,1,10.89,1.25,0.1146,10.89
2025-11-10,2025,2025-11,Electronics,Apex Value,Product-016,1,1,63.8,7.46,0.117,63.8
2025-07-31,2025,2025-07,Fitness,Apex Essentials,Product-054,1,2,103.57,15.2,0.1468,103.57
2025-11-18,2025,2025-11,Electronics,Apex Value,Product-009,1,1,75.06,8.3,0.1106,75.06
2025-11-16,2025,2025-11,Kitchen,Apex Outdoor,Product-015,1,2,71.58,10.52,0.1469,71.58
2025-10-24,2025,2025-10,Fitness,Apex Essentials,Product-049,1,1,46.43,6.09,0.1311,46.43
2025-12-26,2025,2025-12,Home,Apex Prime,Product-064,1,1,34.05,3.75,0.1102,34.05
2025-12-25,2025,2025-12,Kitchen,Apex Prime,Product-047,1,2,67.29,11.27,0.1675,67.29
2025-08-30,2025,2025-08,Home,Apex Prime,Product-035,1,1,31.16,4.07,0.1306,31.16
2025-11-18,2025,2025-11,Electronics,Apex Outdoor,Product-027,1,1,73.23,8.95,0.1222,73.23
2025-08-20,2025,2025-08,Fitness,Apex Value,Product-042,1,2,88.91,12.69,0.1427,88.91
2025-09-05,2025,2025-09,Beauty,Apex Essentials,Product-050,1,1,26.99,2.72,0.1006,26.99
2025-12-10,2025,2025-12,Kitchen,Apex Prime,Product-061,1,1,19.61,3.52,0.1793,19.61
2025-09-18,2025,2025-09,Beauty,Apex Prime,Product-078,1,1,16.89,2.01,0.1192,16.89
2025-07-18,2025,2025-07,Beauty,Apex Essentials,Product-021,1,1,32.53,4.03,0.1238,32.53
2025-12-15,2025,2025-12,Beauty,Apex Outdoor,Product-074,1,1,9.56,1.32,0.1379,9.56
2025-09-10,2025,2025-09,Electronics,Apex Essentials,Product-036,1,1,61.47,9.34,0.1519,61.47
2025-08-04,2025,2025-08,Kitchen,Apex Prime,Product-009,1,1,45.17,7.17,0.1587,45.17
2025-08-25,2025,2025-08,Kitchen,Apex Essentials,Product-065,1,1,27.72,3.86,0.1393,27.72
2025-10-28,2025,2025-10,Beauty,Apex Essentials,Product-013,1,1,39.06,6.96,0.1783,39.06
2025-12-11,2025,2025-12,Kids,Apex Prime,Product-021,1,1,8.0,0.98,0.1227,8.0
2025-09-26,2025,2025-09,Fitness,Apex Value,Product-034,1,1,50.96,8.66,0.17,50.96
2025-11-17,2025,2025-11,Beauty,Apex Outdoor,Product-072,1,2,21.16,2.73,0.1291,21.16
2025-10-26,2025,2025-10,Electronics,Apex Essentials,Product-057,1,2,114.52,18.44,0.161,114.52
2025-09-06,2025,2025-09,Beauty,Apex Prime,Product-050,1,1,29.23,3.56,0.1217,29.23
2025-11-18,2025,2025-11,Beauty,Apex Essentials,Product-005,1,1,17.1,2.97,0.1737,17.1
2025-07-11,2025,2025-07,Home,Apex Prime,Product-024,1,1,33.79,4.35,0.1288,33.79
2025-11-08,2025,2025-11,Electronics,Apex Essentials,Product-068,1,1,76.3,11.59,0.1519,76.3
2025-07-19,2025,2025-07,Beauty,Apex Prime,Product-073,1,1,34.34,5.99,0.1743,34.34
2025-11-12,2025,2025-11,Fitness,Apex Prime,Product-052,1,1,50.85,7.27,0.1429,50.85
2025-11-13,2025,2025-11,Kitchen,Apex Outdoor,Product-067,1,1,29.84,4.73,0.1586,29.84
2025-08-16,2025,2025-08,Kids,Apex Prime,Product-042,1,1,18.88,3.11,0.1649,18.88
2025-10-12,2025,2025-10,Home,Apex Value,Product-056,1,1,28.65,4.83,0.1687,28.65
2025-11-15,2025,2025-11,Fitness,Apex Prime,Product-051,1,3,131.41,20.96,0.1595,131.41
2025-11-23,2025,2025-11,Electronics,Apex Prime,Product-001,1,1,55.53,6.07,0.1094,55.53
2025-08-03,2025,2025-08,Kitchen,Apex Prime,Product-032,1,1,26.51,4.38,0.1652,26.51
2025-10-05,2025,2025-10,Beauty,Apex Outdoor,Product-020,1,1,13.59,1.57,0.1157,13.59
2025-09-20,2025,2025-09,Fitness,Apex Value,Product-058,1,1,36.63,4.97,0.1356,36.63
2025-08-01,2025,2025-08,Home,Apex Prime,Product-044,1,1,28.61,3.17,0.1107,28.61
2025-12-23,2025,2025-12,Home,Apex Essentials,Product-022,1,1,30.83,4.25,0.1379,30.83
2025-08-25,2025,2025-08,Home,Apex Value,Product-018,1,2,43.7,6.95,0.1591,43.7
2025-10-11,2025,2025-10,Kitchen,Apex Essentials,Product-067,1,1,17.91,2.91,0.1627,17.91
2025-09-13,2025,2025-09,Fitness,Apex Outdoor,Product-035,1,1,51.74,5.24,0.1013,51.74
2025-10-17,2025,2025-10,Fitness,Apex Prime,Product-006,1,2,93.37,12.72,0.1362,93.37
2025-12-23,2025,2025-12,Electronics,Apex Essentials,Product-044,1,1,54.8,5.55,0.1013,54.8
2025-08-03,2025,2025-08,Kids,Apex Prime,Product-033,1,1,11.99,1.56,0.1305,11.99
2025-11-10,2025,2025-11,Beauty,Apex Outdoor,Product-033,1,1,20.66,2.53,0.1226,20.66
2025-11-14,2025,2025-11,Kitchen,Apex Essentials,Product-054,1,1,44.04,6.7,0.1522,44.04
2025-10-06,2025,2025-10,Home,Apex Outdoor,Product-012,1,2,23.87,2.97,0.1246,23.87
2025-10-13,2025,2025-10,Kids,Apex Prime,Product-017,1,2,16.0,2.12,0.1326,16.0
2025-11-07,2025,2025-11,Kids,Apex Value,Product-065,1,1,14.06,1.42,0.1009,14.06
2025-10-13,2025,2025-10,Kitchen,Apex Value,Product-060,1,1,35.99,5.72,0.1589,35.99
2025-09-21,2025,2025-09,Kitchen,Apex Essentials,Product-047,1,1,15.14,2.37,0.1568,15.14
2025-10-16,2025,2025-10,Electronics,Apex Prime,Product-020,1,2,110.01,12.42,0.1129,110.01
2025-08-07,2025,2025-08,Home,Apex Prime,Product-067,1,2,94.92,16.93,0.1784,94.92
2025-11-06,2025,2025-11,Electronics,Apex Prime,Product-061,1,1,55.09,8.56,0.1554,55.09
2025-09-01,2025,2025-09,Kitchen,Apex Essentials,Product-008,1,1,9.73,1.27,0.1301,9.73
2025-07-12,2025,2025-07,Home,Apex Essentials,Product-049,1,2,82.17,10.88,0.1324,82.17
2025-09-23,2025,2025-09,Beauty,Apex Prime,Product-031,1,1,27.66,4.4,0.1591,27.66
2025-09-30,2025,2025-09,Kitchen,Apex Prime,Product-033,1,1,25.85,3.13,0.1209,25.85
2025-11-05,2025,2025-11,Kids,Apex Outdoor,Product-007,1,1,16.29,2.64,0.162,16.29
2025-09-09,2025,2025-09,Electronics,Apex Value,Product-032,1,1,70.43,9.15,0.1299,70.43
2025-09-21,2025,2025-09,Kids,Apex Value,Product-067,1,1,12.8,1.6,0.1251,12.8
2025-09-13,2025,2025-09,Fitness,Apex Prime,Product-021,1,1,43.76,7.84,0.1792,43.76
2025-09-03,2025,2025-09,Beauty,Apex Value,Product-021,1,1,24.02,3.38,0.1406,24.02
2025-09-24,2025,2025-09,Kitchen,Apex Prime,Product-061,1,1,12.08,1.58,0.1311,12.08
2025-11-30,2025,2025-11,Beauty,Apex Essentials,Product-024,1,1,26.55,4.54,0.171,26.55
2025-11-24,2025,2025-11,Electronics,Apex Prime,Product-043,1,1,73.55,9.29,0.1263,73.55
2025-07-23,2025,2025-07,Electronics,Apex Outdoor,Product-035,1,1,58.77,6.5,0.1106,58.77
2025-12-21,2025,2025-12,Kitchen,Apex Essentials,Product-030,1,1,29.96,4.51,0.1505,29.96
2025-09-25,2025,2025-09,Fitness,Apex Prime,Product-023,1,2,92.19,13.28,0.144,92.19
2025-08-12,2025,2025-08,Kitchen,Apex Prime,Product-067,1,2,70.84,7.12,0.1005,70.84
2025-11-21,2025,2025-11,Electronics,Apex Outdoor,Product-003,1,1,80.13,8.32,0.1038,80.13
2025-11-10,2025,2025-11,Fitness,Apex Value,Product-049,1,1,49.64,5.88,0.1185,49.64
2025-12-05,2025,2025-12,Beauty,Apex Value,Product-033,1,1,24.59,2.63,0.1068,24.59
2025-08-02,2025,2025-08,Electronics,Apex Value,Product-039,1,1,63.03,7.06,0.112,63.03
2025-10-27,2025,2025-10,Beauty,Apex Essentials,Product-062,1,1,29.84,4.39,0.1471,29.84
2025-11-02,2025,2025-11,Kitchen,Apex Outdoor,Product-039,1,1,39.49,4.76,0.1205,39.49
2025-11-05,2025,2025-11,Kids,Apex Value,Product-080,1,2,86.48,14.25,0.1648,86.48
2025-12-22,2025,2025-12,Home,Apex Value,Product-022,1,1,31.3,5.24,0.1674,31.3
2025-10-20,2025,2025-10,Kitchen,Apex Prime,Product-040,1,1,24.85,2.86,0.1152,24.85
2025-09-07,2025,2025-09,Kitchen,Apex Essentials,Product-049,1,1,50.32,6.47,0.1285,50.32
2025-11-01,2025,2025-11,Kids,Apex Value,Product-026,1,1,21.77,3.53,0.1623,21.77
2025-08-09,2025,2025-08,Kids,Apex Outdoor,Product-015,1,1,24.48,4.0,0.1636,24.48
2025-10-01,2025,2025-10,Home,Apex Outdoor,Product-063,1,1,42.65,4.63,0.1085,42.65
2025-12-06,2025,2025-12,Kids,Apex Value,Product-004,1,1,19.57,2.18,0.1115,19.57
2025-12-14,2025,2025-12,Beauty,Apex Essentials,Product-036,1,1,8.0,1.38,0.1719,8.0
2025-12-08,2025,2025-12,Fitness,Apex Essentials,Product-033,1,1,27.98,3.19,0.1141,27.98
2025-07-26,2025,2025-07,Beauty,Apex Prime,Product-052,1,2,40.14,5.16,0.1285,40.14
2025-12-09,2025,2025-12,Home,Apex Prime,Product-023,1,1,34.55,4.91,0.1421,34.55
2025-11-25,2025,2025-11,Electronics,Apex Value,Product-073,1,3,170.78,27.39,0.1604,170.78
2025-07-08,2025,2025-07,Kids,Apex Outdoor,Product-003,1,1,16.49,2.16,0.1308,16.49
2025-11-12,2025,2025-11,Beauty,Apex Essentials,Product-026,1,1,23.25,2.93,0.126,23.25
2025-08-23,2025,2025-08,Home,Apex Outdoor,Product-025,1,1,33.9,6.01,0.1773,33.9
2025-08-23,2025,2025-08,Beauty,Apex Essentials,Product-013,1,1,8.0,1.16,0.145,8.0
2025-10-24,2025,2025-10,Kids,Apex Value,Product-047,1,1,18.41,2.77,0.1503,18.41
2025-10-27,2025,2025-10,Home,Apex Outdoor,Product-079,1,1,39.88,6.0,0.1505,39.88
2025-09-05,2025,2025-09,Fitness,Apex Prime,Product-035,1,1,53.08,9.21,0.1736,53.08
2025-10-26,2025,2025-10,Kids,Apex Prime,Product-052,1,1,24.08,3.42,0.142,24.08
2025-12-11,2025,2025-12,Kids,Apex Essentials,Product-022,1,1,19.8,2.58,0.1305,19.8
2025-09-05,2025,2025-09,Kids,Apex Outdoor,Product-056,1,1,22.87,3.15,0.1377,22.87
2025-11-11,2025,2025-11,Home,Apex Prime,Product-068,1,1,38.8,6.87,0.177,38.8
2025-12-08,2025,2025-12,Electronics,Apex Essentials,Product-036,1,2,137.24,15.67,0.1142,137.24
2025-12-29,2025,2025-12,Home,Apex Prime,Product-071,1,1,33.53,5.95,0.1774,33.53
2025-09-07,2025,2025-09,Beauty,Apex Prime,Product-066,1,1,14.47,2.13,0.1475,14.47
2025-08-22,2025,2025-08,Electronics,Apex Essentials,Product-027,1,1,69.52,12.2,0.1755,69.52
2025-11-18,2025,2025-11,Home,Apex Outdoor,Product-032,1,1,47.34,5.0,0.1056,47.34
2025-09-20,2025,2025-09,Home,Apex Essentials,Product-013,1,1,38.64,4.79,0.1239,38.64
2025-09-23,2025,2025-09,Home,Apex Essentials,Product-054,1,1,28.82,3.69,0.1282,28.82
2025-08-28,2025,2025-08,Electronics,Apex Value,Product-069,1,1,76.04,9.25,0.1216,76.04
2025-07-20,2025,2025-07,Kids,Apex Value,Product-009,1,1,17.06,1.96,0.115,17.06
2025-11-12,2025,2025-11,Beauty,Apex Outdoor,Product-023,1,1,21.53,3.2,0.1488,21.53
2025-12-20,2025,2025-12,Home,Apex Outdoor,Product-035,1,3,103.4,10.51,0.1016,103.4
2025-08-24,2025,2025-08,Kids,Apex Prime,Product-015,1,2,32.14,4.9,0.1525,32.14
2025-09-12,2025,2025-09,Electronics,Apex Essentials,Product-078,1,1,65.29,9.8,0.1501,65.29
2025-07-15,2025,2025-07,Kitchen,Apex Value,Product-042,1,2,31.84,5.15,0.1619,31.84
2025-12-14,2025,2025-12,Home,Apex Prime,Product-022,1,1,33.99,6.12,0.18,33.99
2025-07-17,2025,2025-07,Kids,Apex Prime,Product-077,1,1,19.22,2.25,0.1171,19.22
2025-08-31,2025,2025-08,Home,Apex Prime,Product-021,1,1,34.84,5.76,0.1653,34.84
2025-08-20,2025,2025-08,Kids,Apex Value,Product-021,1,1,22.04,2.25,0.1021,22.04
2025-07-23,2025,2025-07,Beauty,Apex Prime,Product-042,1,1,27.54,4.14,0.1503,27.54
2025-07-20,2025,2025-07,Electronics,Apex Prime,Product-066,1,2,91.76,10.94,0.1192,91.76
2025-12-18,2025,2025-12,Home,Apex Essentials,Product-050,1,1,36.01,5.6,0.1555,36.01
2025-09-30,2025,2025-09,Beauty,Apex Value,Product-022,1,1,25.46,3.41,0.1339,25.46
2025-10-21,2025,2025-10,Kids,Apex Value,Product-025,1,1,25.49,3.81,0.1494,25.49
2025-08-28,2025,2025-08,Electronics,Apex Outdoor,Product-035,1,1,48.92,7.66,0.1565,48.92
2025-12-14,2025,2025-12,Kitchen,Apex Outdoor,Product-048,1,1,25.76,3.02,0.1172,25.76
2025-09-21,2025,2025-09,Fitness,Apex Value,Product-024,1,1,43.22,5.48,0.1268,43.22
2025-07-02,2025,2025-07,Fitness,Apex Essentials,Product-072,1,1,26.52,3.81,0.1438,26.52
2025-12-12,2025,2025-12,Home,Apex Prime,Product-024,1,1,41.01,6.68,0.1629,41.01
2025-07-12,2025,2025-07,Electronics,Apex Value,Product-047,1,2,132.3,14.28,0.1079,132.3
2025-08-23,2025,2025-08,Home,Apex Outdoor,Product-002,1,2,53.16,5.42,0.1019,53.16
2025-07-03,2025,2025-07,Kitchen,Apex Outdoor,Product-063,1,1,38.34,4.25,0.1108,38.34
2025-08-03,2025,2025-08,Fitness,Apex Outdoor,Product-020,1,1,28.98,4.18,0.1442,28.98
2025-10-31,2025,2025-10,Beauty,Apex Prime,Product-070,1,1,28.89,3.26,0.1129,28.89
2025-07-23,2025,2025-07,Fitness,Apex Value,Product-058,1,1,34.88,4.69,0.1346,34.88
2025-12-28,2025,2025-12,Electronics,Apex Outdoor,Product-040,1,1,59.25,8.08,0.1364,59.25
2025-12-28,2025,2025-12,Kitchen,Apex Essentials,Product-009,1,3,117.62,13.4,0.1139,117.62
2025-11-01,2025,2025-11,Home,Apex Outdoor,Product-014,1,1,44.24,6.7,0.1514,44.24
2025-10-18,2025,2025-10,Kids,Apex Essentials,Product-026,1,1,9.6,1.34,0.1397,9.6
2025-09-13,2025,2025-09,Beauty,Apex Outdoor,Product-055,1,1,20.95,2.5,0.1194,20.95
2025-11-22,2025,2025-11,Fitness,Apex Value,Product-009,1,1,47.86,5.8,0.1212,47.86
2025-09-29,2025,2025-09,Electronics,Apex Essentials,Product-068,1,1,71.78,7.84,0.1092,71.78
2025-10-31,2025,2025-10,Beauty,Apex Prime,Product-078,1,2,47.1,8.08,0.1715,47.1
2025-10-22,2025,2025-10,Beauty,Apex Essentials,Product-066,1,1,19.4,3.2,0.165,19.4
2025-07-28,2025,2025-07,Electronics,Apex Value,Product-045,1,2,128.9,20.08,0.1558,128.9
2025-11-17,2025,2025-11,Electronics,Apex Outdoor,Product-014,1,2,76.38,13.29,0.174,76.38
2025-10-03,2025,2025-10,Home,Apex Outdoor,Product-022,1,2,78.24,13.17,0.1683,78.24
2025-10-11,2025,2025-10,Electronics,Apex Essentials,Product-061,1,1,54.42,8.15,0.1497,54.42
2025-11-11,2025,2025-11,Fitness,Apex Prime,Product-048,1,1,32.3,5.02,0.1555,32.3
2025-09-26,2025,2025-09,Home,Apex Prime,Product-026,1,1,31.53,3.84,0.1217,31.53
2025-09-28,2025,2025-09,Beauty,Apex Essentials,Product-073,1,1,30.03,3.08,0.1024,30.03
2025-12-28,2025,2025-12,Fitness,Apex Essentials,Product-054,1,1,64.98,11.34,0.1745,64.98
2025-10-11,2025,2025-10,Electronics,Apex Prime,Product-002,1,1,63.92,9.63,0.1507,63.92
2025-07-21,2025,2025-07,Electronics,Apex Essentials,Product-010,1,1,42.09,6.01,0.1427,42.09
2025-11-16,2025,2025-11,Fitness,Apex Value,Product-067,1,1,43.2,5.15,0.1191,43.2
2025-09-16,2025,2025-09,Kitchen,Apex Outdoor,Product-075,1,2,54.06,8.61,0.1593,54.06
2025-11-20,2025,2025-11,Home,Apex Essentials,Product-039,1,1,42.13,7.02,0.1667,42.13
2025-07-24,2025,2025-07,Home,Apex Prime,Product-032,1,1,28.14,2.89,0.1027,28.14
2025-08-02,2025,2025-08,Kids,Apex Essentials,Product-015,1,1,16.92,2.92,0.1724,16.92
2025-12-25,2025,2025-12,Electronics,Apex Essentials,Product-071,1,1,66.2,10.92,0.165,66.2
2025-07-20,2025,2025-07,Kitchen,Apex Value,Product-071,1,1,33.96,3.66,0.1079,33.96
2025-11-16,2025,2025-11,Electronics,Apex Outdoor,Product-042,1,1,34.9,4.04,0.1158,34.9
2025-09-21,2025,2025-09,Kids,Apex Outdoor,Product-040,1,1,23.04,3.72,0.1613,23.04
2025-10-31,2025,2025-10,Kitchen,Apex Prime,Product-072,1,1,22.47,2.29,0.1018,22.47
2025-10-31,2025,2025-10,Home,Apex Value,Product-045,1,1,28.5,4.03,0.1414,28.5
2025-10-08,2025,2025-10,Kitchen,Apex Prime,Product-041,1,1,27.58,3.6,0.1304,27.58
2025-07-07,2025,2025-07,Beauty,Apex Outdoor,Product-054,1,1,51.21,9.16,0.1789,51.21
2025-10-13,2025,2025-10,Electronics,Apex Prime,Product-062,1,1,59.13,8.71,0.1473,59.13
2025-10-08,2025,2025-10,Fitness,Apex Outdoor,Product-003,1,1,57.27,8.9,0.1554,57.27
2025-08-11,2025,2025-08,Kids,Apex Prime,Product-035,1,1,32.79,5.6,0.1709,32.79
2025-12-23,2025,2025-12,Kids,Apex Outdoor,Product-070,1,2,36.36,4.35,0.1196,36.36
2025-08-09,2025,2025-08,Electronics,Apex Outdoor,Product-034,1,1,41.46,4.44,0.107,41.46
2025-10-20,2025,2025-10,Kids,Apex Essentials,Product-061,1,1,9.51,1.07,0.112,9.51
2025-07-05,2025,2025-07,Beauty,Apex Value,Product-059,1,1,10.96,1.72,0.1567,10.96
2025-07-05,2025,2025-07,Kitchen,Apex Value,Product-001,1,1,32.79,5.52,0.1684,32.79
2025-08-13,2025,2025-08,Kitchen,Apex Essentials,Product-010,1,2,42.9,4.73,0.1102,42.9
2025-10-08,2025,2025-10,Beauty,Apex Outdoor,Product-063,1,1,25.38,2.8,0.1105,25.38
2025-11-25,2025,2025-11,Kids,Apex Prime,Product-019,1,1,22.74,2.82,0.124,22.74
2025-09-03,2025,2025-09,Home,Apex Outdoor,Product-075,1,2,67.24,6.8,0.1011,67.24
2025-10-11,2025,2025-10,Kids,Apex Essentials,Product-032,1,1,34.08,3.67,0.1076,34.08
2025-12-14,2025,2025-12,Fitness,Apex Value,Product-008,1,1,73.22,9.09,0.1241,73.22
2025-10-11,2025,2025-10,Beauty,Apex Prime,Product-052,1,2,37.97,5.92,0.156,37.97
2025-08-03,2025,2025-08,Kids,Apex Outdoor,Product-007,1,1,23.4,4.13,0.1764,23.4
2025-12-25,2025,2025-12,Kitchen,Apex Prime,Product-031,1,2,33.19,5.37,0.1618,33.19
2025-08-13,2025,2025-08,Beauty,Apex Essentials,Product-007,1,1,8.0,1.32,0.1649,8.0
2025-10-12,2025,2025-10,Kitchen,Apex Essentials,Product-066,1,3,51.94,6.36,0.1225,51.94
2025-08-01,2025,2025-08,Electronics,Apex Value,Product-044,1,2,121.18,12.38,0.1022,121.18
2025-08-20,2025,2025-08,Kids,Apex Value,Product-050,1,2,20.77,2.53,0.1218,20.77
2025-08-25,2025,2025-08,Electronics,Apex Prime,Product-028,1,1,59.65,10.61,0.1778,59.65
2025-09-03,2025,2025-09,Kitchen,Apex Outdoor,Product-044,1,1,31.04,3.27,0.1053,31.04
2025-09-07,2025,2025-09,Electronics,Apex Prime,Product-063,1,1,77.0,11.65,0.1513,77.0
2025-08-08,2025,2025-08,Home,Apex Value,Product-064,1,1,38.69,5.66,0.1463,38.69
2025-12-18,2025,2025-12,Beauty,Apex Outdoor,Product-071,1,1,19.44,2.86,0.1472,19.44
2025-12-29,2025,2025-12,Kids,Apex Value,Product-026,1,1,34.83,4.96,0.1423,34.83
2025-07-11,2025,2025-07,Electronics,Apex Prime,Product-065,1,1,70.73,9.74,0.1377,70.73
2025-12-08,2025,2025-12,Fitness,Apex Outdoor,Product-056,1,1,66.82,7.94,0.1188,66.82
2025-07-09,2025,2025-07,Kitchen,Apex Prime,Product-028,1,1,8.0,1.08,0.1356,8.0
2025-07-06,2025,2025-07,Kids,Apex Prime,Product-029,1,2,31.95,4.13,0.1293,31.95
2025-09-11,2025,2025-09,Electronics,Apex Prime,Product-039,1,1,76.52,12.99,0.1697,76.52
2025-08-12,2025,2025-08,Kids,Apex Outdoor,Product-072,1,3,77.57,8.73,0.1126,77.57
2025-07-08,2025,2025-07,Electronics,Apex Value,Product-021,1,2,88.87,15.4,0.1733,88.87
2025-07-24,2025,2025-07,Home,Apex Value,Product-045,1,1,63.81,8.26,0.1294,63.81
2025-12-26,2025,2025-12,Kids,Apex Prime,Product-045,1,1,31.03,4.16,0.1341,31.03
2025-08-30,2025,2025-08,Kitchen,Apex Value,Product-029,1,1,58.8,10.31,0.1753,58.8
2025-09-17,2025,2025-09,Fitness,Apex Outdoor,Product-002,1,1,34.5,6.04,0.1752,34.5
2025-10-30,2025,2025-10,Kids,Apex Value,Product-035,1,2,16.0,2.81,0.1755,16.0
2025-07-24,2025,2025-07,Electronics,Apex Prime,Product-074,1,1,75.21,11.58,0.154,75.21
2025-11-03,2025,2025-11,Kitchen,Apex Essentials,Product-036,1,1,33.62,5.34,0.1587,33.62
2025-08-28,2025,2025-08,Kids,Apex Prime,Product-050,1,1,21.82,3.9,0.1787,21.82
2025-10-28,2025,2025-10,Kids,Apex Value,Product-002,1,1,20.6,3.27,0.1588,20.6
2025-07-08,2025,2025-07,Kids,Apex Prime,Product-055,1,1,22.69,2.43,0.1072,22.69
2025-11-02,2025,2025-11,Home,Apex Outdoor,Product-039,1,1,21.04,3.64,0.1729,21.04
2025-10-22,2025,2025-10,Kids,Apex Outdoor,Product-014,1,1,17.94,3.19,0.178,17.94
2025-08-01,2025,2025-08,Electronics,Apex Outdoor,Product-018,1,1,82.15,14.63,0.1781,82.15
2025-09-25,2025,2025-09,Kitchen,Apex Essentials,Product-050,1,1,29.33,4.68,0.1596,29.33
2025-09-25,2025,2025-09,Kids,Apex Essentials,Product-064,1,1,8.41,1.17,0.139,8.41
2025-07-29,2025,2025-07,Beauty,Apex Prime,Product-015,1,1,17.74,2.93,0.1654,17.74
2025-09-07,2025,2025-09,Electronics,Apex Outdoor,Product-075,1,1,65.38,8.98,0.1374,65.38
2025-10-08,2025,2025-10,Home,Apex Essentials,Product-077,1,2,59.51,8.98,0.1509,59.51
2025-11-16,2025,2025-11,Kids,Apex Outdoor,Product-072,1,1,16.4,2.85,0.174,16.4
2025-07-21,2025,2025-07,Kitchen,Apex Essentials,Product-062,1,1,31.28,5.41,0.1729,31.28
2025-07-06,2025,2025-07,Beauty,Apex Value,Product-058,1,1,10.9,1.53,0.14,10.9
2025-08-17,2025,2025-08,Fitness,Apex Prime,Product-025,1,1,47.66,6.1,0.1279,47.66
2025-07-07,2025,2025-07,Electronics,Apex Value,Product-073,1,3,213.08,38.35,0.18,213.08
2025-07-09,2025,2025-07,Fitness,Apex Value,Product-027,1,1,43.28,7.3,0.1687,43.28
2025-08-07,2025,2025-08,Home,Apex Value,Product-046,1,1,49.78,6.79,0.1363,49.78
2025-09-07,2025,2025-09,Electronics,Apex Outdoor,Product-034,1,1,52.11,9.11,0.1749,52.11
2025-09-05,2025,2025-09,Home,Apex Essentials,Product-009,1,1,35.85,5.97,0.1666,35.85
2025-09-18,2025,2025-09,Electronics,Apex Outdoor,Product-075,1,1,57.03,9.43,0.1654,57.03
2025-10-05,2025,2025-10,Electronics,Apex Value,Product-070,1,2,136.31,16.75,0.1229,136.31
2025-11-23,2025,2025-11,Beauty,Apex Value,Product-070,1,1,31.7,4.38,0.1383,31.7
2025-08-27,2025,2025-08,Electronics,Apex Prime,Product-054,1,1,47.36,5.7,0.1204,47.36
2025-08-18,2025,2025-08,Home,Apex Outdoor,Product-043,1,1,33.86,5.37,0.1586,33.86
2025-10-26,2025,2025-10,Electronics,Apex Essentials,Product-042,1,1,65.18,9.54,0.1463,65.18
2025-12-29,2025,2025-12,Kitchen,Apex Essentials,Product-035,1,1,18.94,2.75,0.1453,18.94
2025-11-09,2025,2025-11,Home,Apex Value,Product-055,1,1,36.87,4.24,0.1151,36.87
2025-11-16,2025,2025-11,Fitness,Apex Essentials,Product-073,1,1,43.38,4.87,0.1123,43.38
2025-11-17,2025,2025-11,Electronics,Apex Essentials,Product-001,1,1,66.96,7.91,0.1182,66.96
2025-07-14,2025,2025-07,Kitchen,Apex Prime,Product-022,1,1,43.98,7.88,0.1791,43.98
2025-12-15,2025,2025-12,Beauty,Apex Essentials,Product-026,1,2,59.33,8.15,0.1374,59.33
2025-11-13,2025,2025-11,Beauty,Apex Value,Product-017,1,2,22.43,3.51,0.1565,22.43
2025-10-18,2025,2025-10,Fitness,Apex Essentials,Product-040,1,1,45.94,5.64,0.1227,45.94
2025-09-07,2025,2025-09,Kids,Apex Value,Product-002,1,1,24.83,2.6,0.1049,24.83
2025-07-07,2025,2025-07,Home,Apex Outdoor,Product-064,1,1,27.33,2.86,0.1048,27.33
2025-12-04,2025,2025-12,Home,Apex Essentials,Product-003,1,1,21.56,2.81,0.1302,21.56
2025-07-06,2025,2025-07,Home,Apex Outdoor,Product-056,1,2,45.69,7.06,0.1546,45.69
2025-11-10,2025,2025-11,Electronics,Apex Essentials,Product-039,1,1,58.83,10.55,0.1794,58.83
2025-12-11,2025,2025-12,Kitchen,Apex Prime,Product-001,1,1,35.18,5.38,0.153,35.18
2025-11-30,2025,2025-11,Kitchen,Apex Essentials,Product-029,1,1,36.65,4.1,0.1118,36.65
2025-07-24,2025,2025-07,Fitness,Apex Value,Product-067,1,1,42.66,5.23,0.1225,42.66
2025-10-07,2025,2025-10,Fitness,Apex Prime,Product-077,1,2,108.28,11.56,0.1068,108.28
2025-10-30,2025,2025-10,Home,Apex Prime,Product-031,1,2,73.5,8.86,0.1206,73.5
2025-09-23,2025,2025-09,Kids,Apex Value,Product-013,1,1,9.18,1.63,0.1773,9.18
2025-09-19,2025,2025-09,Electronics,Apex Outdoor,Product-053,1,1,73.76,10.81,0.1465,73.76
2025-11-02,2025,2025-11,Fitness,Apex Essentials,Product-024,1,1,54.35,9.16,0.1685,54.35
2025-08-07,2025,2025-08,Electronics,Apex Value,Product-034,1,1,55.08,8.54,0.1551,55.08
2025-11-05,2025,2025-11,Beauty,Apex Value,Product-030,1,1,26.37,4.49,0.1703,26.37
2025-11-03,2025,2025-11,Kitchen,Apex Prime,Product-015,1,1,8.0,1.0,0.1248,8.0
2025-10-01,2025,2025-10,Beauty,Apex Value,Product-073,1,1,8.62,0.94,0.1096,8.62
2025-11-10,2025,2025-11,Home,Apex Value,Product-058,1,1,27.23,3.59,0.132,27.23
2025-07-01,2025,2025-07,Electronics,Apex Prime,Product-069,1,1,60.24,8.3,0.1377,60.24
2025-08-24,2025,2025-08,Home,Apex Outdoor,Product-029,1,1,23.02,2.84,0.1232,23.02
2025-09-08,2025,2025-09,Electronics,Apex Essentials,Product-076,1,1,58.73,6.87,0.117,58.73
2025-10-05,2025,2025-10,Beauty,Apex Prime,Product-039,1,1,32.78,4.42,0.1348,32.78
2025-11-28,2025,2025-11,Beauty,Apex Prime,Product-004,1,1,17.52,2.96,0.169,17.52
2025-12-09,2025,2025-12,Kitchen,Apex Essentials,Product-038,1,1,29.25,4.31,0.1472,29.25
2025-08-23,2025,2025-08,Beauty,Apex Value,Product-066,1,1,24.66,2.62,0.1062,24.66
2025-10-06,2025,2025-10,Fitness,Apex Essentials,Product-021,1,1,35.54,4.28,0.1204,35.54
2025-09-29,2025,2025-09,Beauty,Apex Outdoor,Product-020,1,1,8.0,1.13,0.141,8.0
2025-08-29,2025,2025-08,Beauty,Apex Outdoor,Product-063,1,1,21.47,2.65,0.1234,21.47
2025-07-09,2025,2025-07,Fitness,Apex Essentials,Product-001,1,2,69.34,7.81,0.1126,69.34
2025-11-22,2025,2025-11,Beauty,Apex Essentials,Product-077,1,1,29.98,3.97,0.1325,29.98
2025-08-21,2025,2025-08,Beauty,Apex Prime,Product-002,1,1,12.38,1.9,0.1534,12.38
2025-12-10,2025,2025-12,Home,Apex Outdoor,Product-069,1,1,37.83,5.41,0.1431,37.83
2025-09-21,2025,2025-09,Beauty,Apex Prime,Product-062,1,2,46.83,4.93,0.1052,46.83
2025-09-28,2025,2025-09,Home,Apex Value,Product-028,1,1,25.36,4.42,0.1742,25.36
2025-08-31,2025,2025-08,Kids,Apex Value,Product-008,1,1,8.0,1.14,0.1419,8.0
2025-11-20,2025,2025-11,Fitness,Apex Outdoor,Product-034,1,1,44.66,4.92,0.1102,44.66
2025-10-07,2025,2025-10,Electronics,Apex Value,Product-027,1,1,70.76,9.6,0.1356,70.76
2025-09-22,2025,2025-09,Fitness,Apex Essentials,Product-028,1,2,96.66,13.33,0.1379,96.66
2025-10-29,2025,2025-10,Beauty,Apex Prime,Product-020,1,1,31.05,5.57,0.1794,31.05
2025-10-24,2025,2025-10,Fitness,Apex Outdoor,Product-035,1,1,54.03,9.42,0.1743,54.03
2025-12-10,2025,2025-12,Beauty,Apex Essentials,Product-039,1,1,35.76,5.13,0.1435,35.76
2025-08-07,2025,2025-08,Beauty,Apex Value,Product-008,1,1,23.04,3.36,0.146,23.04
2025-07-01,2025,2025-07,Beauty,Apex Prime,Product-019,1,2,29.24,4.85,0.166,29.24
2025-07-05,2025,2025-07,Kitchen,Apex Outdoor,Product-042,1,3,53.45,9.31,0.1742,53.45
2025-11-16,2025,2025-11,Home,Apex Value,Product-001,1,2,102.39,11.42,0.1115,102.39
2025-12-19,2025,2025-12,Electronics,Apex Value,Product-053,1,3,195.78,24.14,0.1233,195.78
2025-08-18,2025,2025-08,Electronics,Apex Essentials,Product-075,1,1,60.72,6.78,0.1116,60.72
2025-08-03,2025,2025-08,Kids,Apex Value,Product-025,1,1,41.22,6.76,0.164,41.22
2025-11-06,2025,2025-11,Kids,Apex Essentials,Product-024,1,2,16.0,1.84,0.115,16.0
2025-11-30,2025,2025-11,Home,Apex Prime,Product-020,1,1,34.15,6.08,0.178,34.15
2025-09-29,2025,2025-09,Fitness,Apex Outdoor,Product-071,1,2,95.26,12.79,0.1343,95.26
2025-07-23,2025,2025-07,Kitchen,Apex Essentials,Product-080,1,1,36.19,6.49,0.1793,36.19
2025-11-06,2025,2025-11,Kids,Apex Outdoor,Product-013,1,1,15.67,1.88,0.12,15.67
2025-12-29,2025,2025-12,Home,Apex Value,Product-051,1,1,29.11,3.52,0.1209,29.11
2025-09-21,2025,2025-09,Home,Apex Essentials,Product-027,1,1,32.33,4.74,0.1467,32.33
2025-10-23,2025,2025-10,Fitness,Apex Essentials,Product-045,1,1,46.22,6.54,0.1415,46.22
2025-08-22,2025,2025-08,Home,Apex Value,Product-058,1,1,40.05,5.65,0.1411,40.05
2025-11-26,2025,2025-11,Electronics,Apex Value,Product-006,1,1,67.47,8.39,0.1243,67.47
2025-11-04,2025,2025-11,Beauty,Apex Outdoor,Product-038,1,1,20.04,2.53,0.1263,20.04
2025-10-04,2025,2025-10,Kids,Apex Value,Product-048,1,1,23.61,4.25,0.1799,23.61
2025-11-22,2025,2025-11,Beauty,Apex Essentials,Product-013,1,2,44.66,5.85,0.1311,44.66
2025-09-27,2025,2025-09,Electronics,Apex Prime,Product-078,1,2,103.45,17.61,0.1702,103.45
2025-09-10,2025,2025-09,Home,Apex Essentials,Product-065,1,2,94.69,10.36,0.1094,94.69
2025-07-06,2025,2025-07,Fitness,Apex Outdoor,Product-027,1,1,21.01,3.67,0.1747,21.01
2025-12-12,2025,2025-12,Beauty,Apex Value,Product-044,1,1,29.54,3.18,0.1078,29.54
2025-07-18,2025,2025-07,Electronics,Apex Essentials,Product-047,1,1,49.19,7.78,0.1581,49.19
2025-10-18,2025,2025-10,Kitchen,Apex Value,Product-061,1,1,8.0,1.25,0.1563,8.0
2025-07-19,2025,2025-07,Home,Apex Value,Product-053,1,1,22.3,2.48,0.1111,22.3
2025-11-10,2025,2025-11,Beauty,Apex Value,Product-068,1,1,40.31,6.94,0.1722,40.31
2025-12-28,2025,2025-12,Kids,Apex Outdoor,Product-063,1,1,21.69,3.17,0.1462,21.69
2025-12-28,2025,2025-12,Home,Apex Prime,Product-017,1,1,43.24,4.94,0.1143,43.24
2025-11-18,2025,2025-11,Home,Apex Prime,Product-050,1,1,35.37,4.42,0.125,35.37
2025-11-20,2025,2025-11,Kitchen,Apex Value,Product-018,1,1,41.57,5.94,0.143,41.57
2025-11-10,2025,2025-11,Home,Apex Essentials,Product-005,1,1,11.14,1.55,0.1388,11.14
2025-12-08,2025,2025-12,Home,Apex Essentials,Product-079,1,1,24.84,4.33,0.1745,24.84
2025-07-04,2025,2025-07,Kids,Apex Outdoor,Product-039,1,1,8.24,0.96,0.1163,8.24
2025-08-13,2025,2025-08,Fitness,Apex Value,Product-079,1,1,58.34,6.56,0.1125,58.34
2025-08-24,2025,2025-08,Electronics,Apex Outdoor,Product-023,1,1,65.99,8.73,0.1323,65.99
2025-07-19,2025,2025-07,Beauty,Apex Prime,Product-055,1,1,26.82,2.94,0.1098,26.82
2025-10-29,2025,2025-10,Home,Apex Value,Product-056,1,3,101.42,11.72,0.1156,101.42
2025-08-12,2025,2025-08,Electronics,Apex Prime,Product-070,1,1,57.94,9.36,0.1616,57.94
2025-08-22,2025,2025-08,Fitness,Apex Outdoor,Product-046,1,1,60.04,10.07,0.1678,60.04
2025-12-23,2025,2025-12,Kitchen,Apex Essentials,Product-054,1,2,42.24,5.95,0.1409,42.24
2025-10-20,2025,2025-10,Electronics,Apex Essentials,Product-052,1,2,84.64,9.06,0.107,84.64
2025-08-04,2025,2025-08,Kids,Apex Essentials,Product-041,1,1,11.22,1.33,0.1182,11.22
2025-12-24,2025,2025-12,Electronics,Apex Outdoor,Product-076,1,1,61.54,7.28,0.1183,61.54
2025-09-08,2025,2025-09,Home,Apex Outdoor,Product-075,1,1,45.4,7.21,0.1588,45.4
2025-07-10,2025,2025-07,Kitchen,Apex Value,Product-027,1,1,41.04,5.89,0.1436,41.04
2025-09-13,2025,2025-09,Fitness,Apex Essentials,Product-042,1,2,44.46,4.84,0.1089,44.46
2025-08-13,2025,2025-08,Electronics,Apex Prime,Product-054,1,1,71.45,11.12,0.1556,71.45
2025-09-10,2025,2025-09,Kitchen,Apex Value,Product-061,1,1,25.96,3.53,0.136,25.96
2025-11-21,2025,2025-11,Kitchen,Apex Prime,Product-056,1,1,36.47,6.02,0.1651,36.47
2025-07-14,2025,2025-07,Kitchen,Apex Essentials,Product-058,1,1,37.77,6.59,0.1745,37.77
2025-08-31,2025,2025-08,Kitchen,Apex Value,Product-012,1,1,24.14,2.43,0.1007,24.14
2025-12-06,2025,2025-12,Kitchen,Apex Value,Product-068,1,1,24.09,3.01,0.1248,24.09
2025-07-31,2025,2025-07,Electronics,Apex Outdoor,Product-020,1,1,61.62,9.03,0.1465,61.62
2025-12-06,2025,2025-12,Kitchen,Apex Essentials,Product-027,1,1,28.24,4.5,0.1593,28.24
2025-10-22,2025,2025-10,Kitchen,Apex Value,Product-001,1,1,42.37,6.49,0.1531,42.37
2025-12-08,2025,2025-12,Fitness,Apex Essentials,Product-036,1,1,46.17,5.01,0.1085,46.17
2025-07-18,2025,2025-07,Kids,Apex Prime,Product-050,1,1,16.85,2.63,0.1562,16.85
2025-08-11,2025,2025-08,Kids,Apex Essentials,Product-078,1,1,12.82,1.91,0.1492,12.82
2025-12-07,2025,2025-12,Kitchen,Apex Value,Product-005,1,2,58.18,10.19,0.1751,58.18
2025-11-22,2025,2025-11,Kitchen,Apex Essentials,Product-027,1,1,14.53,1.93,0.1326,14.53
2025-09-07,2025,2025-09,Kitchen,Apex Essentials,Product-024,1,3,72.39,10.43,0.1441,72.39
2025-09-06,2025,2025-09,Kids,Apex Value,Product-015,1,1,9.73,1.42,0.1456,9.73
2025-07-22,2025,2025-07,Beauty,Apex Value,Product-003,1,1,13.51,1.51,0.1114,13.51
2025-11-04,2025,2025-11,Electronics,Apex Value,Product-014,1,1,62.01,6.67,0.1075,62.01
2025-08-06,2025,2025-08,Kitchen,Apex Outdoor,Product-047,1,1,22.28,3.98,0.1785,22.28
2025-10-07,2025,2025-10,Fitness,Apex Outdoor,Product-036,1,1,42.04,5.21,0.124,42.04
2025-11-21,2025,2025-11,Fitness,Apex Outdoor,Product-079,1,1,56.14,8.51,0.1515,56.14
2025-11-13,2025,2025-11,Beauty,Apex Prime,Product-010,1,1,19.88,3.28,0.1649,19.88
2025-09-26,2025,2025-09,Kitchen,Apex Outdoor,Product-027,1,1,34.56,6.18,0.1789,34.56
2025-10-24,2025,2025-10,Beauty,Apex Essentials,Product-018,1,1,27.14,4.06,0.1497,27.14
2025-07-09,2025,2025-07,Kids,Apex Prime,Product-003,1,1,11.83,1.65,0.1393,11.83
2025-12-26,2025,2025-12,Home,Apex Value,Product-048,1,1,31.91,3.6,0.1129,31.91
2025-12-04,2025,2025-12,Kids,Apex Prime,Product-059,1,1,32.38,5.13,0.1585,32.38
2025-12-31,2025,2025-12,Kitchen,Apex Essentials,Product-027,1,1,25.17,3.75,0.1491,25.17
2025-07-09,2025,2025-07,Kids,Apex Outdoor,Product-011,1,1,21.64,2.66,0.1227,21.64
2025-12-19,2025,2025-12,Home,Apex Essentials,Product-034,1,2,90.0,14.34,0.1593,90.0
2025-09-15,2025,2025-09,Kids,Apex Essentials,Product-015,1,1,9.82,1.21,0.1237,9.82
2025-12-06,2025,2025-12,Home,Apex Outdoor,Product-037,1,1,30.18,5.02,0.1664,30.18
2025-12-15,2025,2025-12,Kitchen,Apex Essentials,Product-018,1,1,39.28,5.88,0.1497,39.28
2025-12-01,2025,2025-12,Electronics,Apex Outdoor,Product-063,1,2,111.99,11.25,0.1005,111.99
2025-07-08,2025,2025-07,Fitness,Apex Outdoor,Product-035,1,1,50.2,7.31,0.1457,50.2
2025-08-19,2025,2025-08,Home,Apex Outdoor,Product-017,1,1,50.8,5.78,0.1138,50.8
2025-09-28,2025,2025-09,Beauty,Apex Essentials,Product-014,1,1,24.13,3.81,0.1579,24.13
2025-10-28,2025,2025-10,Kids,Apex Essentials,Product-046,1,1,31.75,4.71,0.1485,31.75
2025-12-04,2025,2025-12,Electronics,Apex Prime,Product-069,1,1,71.32,9.94,0.1394,71.32
2025-12-21,2025,2025-12,Home,Apex Value,Product-031,1,2,73.72,9.4,0.1275,73.72
2025-08-03,2025,2025-08,Kids,Apex Outdoor,Product-034,1,2,31.88,5.1,0.1601,31.88
2025-10-21,2025,2025-10,Fitness,Apex Prime,Product-076,1,2,81.31,10.89,0.1339,81.31
2025-10-24,2025,2025-10,Kitchen,Apex Prime,Product-027,1,1,33.01,4.22,0.1278,33.01
2025-09-15,2025,2025-09,Electronics,Apex Value,Product-057,1,1,74.31,8.53,0.1148,74.31
2025-08-25,2025,2025-08,Beauty,Apex Outdoor,Product-077,1,1,32.0,3.51,0.1096,32.0
2025-10-08,2025,2025-10,Kids,Apex Outdoor,Product-017,1,1,15.87,2.39,0.1506,15.87
2025-07-28,2025,2025-07,Kids,Apex Outdoor,Product-078,1,1,8.28,0.91,0.1105,8.28
2025-10-27,2025,2025-10,Fitness,Apex Prime,Product-055,1,2,90.3,10.75,0.1191,90.3
2025-10-08,2025,2025-10,Home,Apex Essentials,Product-058,1,1,20.82,2.68,0.1289,20.82
2025-09-25,2025,2025-09,Fitness,Apex Prime,Product-009,1,1,39.99,6.4,0.1601,39.99
2025-10-10,2025,2025-10,Kids,Apex Essentials,Product-030,1,1,21.03,2.83,0.1346,21.03
2025-10-02,2025,2025-10,Fitness,Apex Prime,Product-055,1,3,131.29,19.51,0.1486,131.29
2025-09-27,2025,2025-09,Kitchen,Apex Value,Product-072,1,1,25.46,4.18,0.1641,25.46
2025-07-27,2025,2025-07,Home,Apex Value,Product-019,1,1,56.76,8.63,0.1521,56.76
2025-12-10,2025,2025-12,Fitness,Apex Essentials,Product-065,1,1,34.91,3.8,0.1089,34.91
2025-11-13,2025,2025-11,Electronics,Apex Outdoor,Product-077,1,1,68.54,9.51,0.1387,68.54
2025-07-01,2025,2025-07,Beauty,Apex Prime,Product-059,1,2,16.43,1.79,0.109,16.43
2025-11-01,2025,2025-11,Home,Apex Value,Product-011,1,1,43.35,5.55,0.1281,43.35
2025-08-05,2025,2025-08,Kitchen,Apex Outdoor,Product-056,1,1,28.57,3.27,0.1146,28.57
2025-07-24,2025,2025-07,Beauty,Apex Value,Product-001,1,2,28.27,3.71,0.1312,28.27
2025-09-25,2025,2025-09,Kitchen,Apex Prime,Product-046,1,2,56.22,7.78,0.1384,56.22
2025-07-23,2025,2025-07,Kitchen,Apex Essentials,Product-034,1,2,34.93,5.52,0.158,34.93
2025-12-03,2025,2025-12,Kids,Apex Value,Product-037,1,1,12.01,1.21,0.1011,12.01
2025-11-11,2025,2025-11,Beauty,Apex Outdoor,Product-064,1,1,14.77,1.97,0.1337,14.77
2025-12-27,2025,2025-12,Beauty,Apex Value,Product-007,1,1,20.23,2.53,0.125,20.23
2025-09-01,2025,2025-09,Fitness,Apex Essentials,Product-031,1,2,98.98,15.09,0.1525,98.98
2025-09-21,2025,2025-09,Kitchen,Apex Essentials,Product-080,1,1,32.04,3.5,0.1093,32.04
2025-07-22,2025,2025-07,Kitchen,Apex Prime,Product-034,1,2,64.53,8.83,0.1369,64.53
2025-11-04,2025,2025-11,Beauty,Apex Value,Product-016,1,1,25.14,4.44,0.1768,25.14
2025-08-13,2025,2025-08,Kids,Apex Prime,Product-007,1,2,16.0,2.61,0.1632,16.0
2025-09-17,2025,2025-09,Kids,Apex Value,Product-026,1,1,9.53,1.19,0.1247,9.53
2025-10-15,2025,2025-10,Home,Apex Outdoor,Product-055,1,2,76.73,9.07,0.1182,76.73
2025-11-06,2025,2025-11,Beauty,Apex Value,Product-062,1,1,17.07,2.47,0.1446,17.07
2025-11-06,2025,2025-11,Beauty,Apex Outdoor,Product-047,1,1,16.37,2.71,0.1653,16.37
2025-08-20,2025,2025-08,Beauty,Apex Value,Product-073,1,1,12.14,2.02,0.1668,12.14
2025-09-28,2025,2025-09,Kids,Apex Outdoor,Product-077,1,1,23.45,2.44,0.1042,23.45
2025-11-18,2025,2025-11,Home,Apex Outdoor,Product-027,1,1,21.76,3.89,0.1787,21.76
2025-07-17,2025,2025-07,Kitchen,Apex Outdoor,Product-068,1,1,23.83,4.19,0.1757,23.83
2025-08-11,2025,2025-08,Home,Apex Value,Product-041,1,1,56.63,7.15,0.1262,56.63
2025-09-19,2025,2025-09,Home,Apex Prime,Product-063,1,1,45.73,5.22,0.1141,45.73
2025-12-27,2025,2025-12,Kids,Apex Prime,Product-056,1,2,18.88,2.85,0.151,18.88
2025-10-13,2025,2025-10,Electronics,Apex Outdoor,Product-071,1,1,65.46,7.32,0.1119,65.46
2025-07-27,2025,2025-07,Kids,Apex Essentials,Product-076,1,1,19.18,2.08,0.1084,19.18
2025-10-05,2025,2025-10,Beauty,Apex Prime,Product-048,1,1,26.07,3.05,0.117,26.07
2025-10-06,2025,2025-10,Home,Apex Outdoor,Product-077,1,1,44.21,5.99,0.1355,44.21
2025-11-06,2025,2025-11,Kids,Apex Value,Product-027,1,2,26.9,3.81,0.1415,26.9
2025-11-17,2025,2025-11,Home,Apex Essentials,Product-066,1,1,32.89,4.64,0.141,32.89
2025-09-05,2025,2025-09,Kitchen,Apex Value,Product-027,1,1,34.58,4.97,0.1438,34.58
2025-09-03,2025,2025-09,Beauty,Apex Outdoor,Product-030,1,1,31.78,4.2,0.1322,31.78
2025-07-15,2025,2025-07,Kitchen,Apex Value,Product-023,1,1,11.76,2.0,0.1697,11.76
2025-08-28,2025,2025-08,Fitness,Apex Essentials,Product-075,1,1,64.23,8.38,0.1304,64.23
2025-07-04,2025,2025-07,Kitchen,Apex Essentials,Product-028,1,2,41.93,5.6,0.1335,41.93
2025-11-13,2025,2025-11,Fitness,Apex Value,Product-069,1,1,48.2,4.94,0.1024,48.2
2025-10-21,2025,2025-10,Kids,Apex Essentials,Product-054,1,1,18.82,2.94,0.156,18.82
2025-09-16,2025,2025-09,Kitchen,Apex Outdoor,Product-021,1,2,56.57,6.49,0.1148,56.57
2025-09-26,2025,2025-09,Fitness,Apex Essentials,Product-032,1,1,60.93,7.43,0.1219,60.93
2025-10-01,2025,2025-10,Kids,Apex Essentials,Product-028,1,1,8.0,1.2,0.1502,8.0
2025-12-14,2025,2025-12,Electronics,Apex Prime,Product-009,1,1,55.77,6.67,0.1196,55.77
2025-07-15,2025,2025-07,Electronics,Apex Outdoor,Product-006,1,2,129.7,19.34,0.1491,129.7
2025-08-11,2025,2025-08,Fitness,Apex Outdoor,Product-013,1,1,48.79,6.5,0.1333,48.79
2025-07-18,2025,2025-07,Fitness,Apex Essentials,Product-051,1,1,53.38,6.82,0.1277,53.38
2025-07-23,2025,2025-07,Electronics,Apex Prime,Product-044,1,1,46.25,6.2,0.134,46.25
2025-11-06,2025,2025-11,Home,Apex Value,Product-019,1,1,28.49,4.68,0.1642,28.49
2025-09-03,2025,2025-09,Beauty,Apex Essentials,Product-071,1,1,8.0,1.02,0.1276,8.0
2025-10-23,2025,2025-10,Kitchen,Apex Outdoor,Product-022,1,1,27.23,3.04,0.1115,27.23
2025-08-18,2025,2025-08,Beauty,Apex Prime,Product-026,1,1,32.94,4.87,0.1477,32.94
2025-08-13,2025,2025-08,Electronics,Apex Value,Product-015,1,1,69.82,9.56,0.1369,69.82
2025-08-18,2025,2025-08,Home,Apex Value,Product-055,1,1,25.68,3.56,0.1385,25.68
2025-11-08,2025,2025-11,Kids,Apex Prime,Product-003,1,1,27.26,4.51,0.1655,27.26
2025-12-02,2025,2025-12,Kids,Apex Value,Product-034,1,1,19.85,3.04,0.1533,19.85
2025-09-04,2025,2025-09,Fitness,Apex Prime,Product-056,1,1,58.18,10.25,0.1762,58.18
2025-12-08,2025,2025-12,Electronics,Apex Essentials,Product-075,1,2,141.59,20.49,0.1447,141.59
2025-12-02,2025,2025-12,Fitness,Apex Essentials,Product-002,1,1,43.57,5.59,0.1284,43.57
2025-12-30,2025,2025-12,Kitchen,Apex Value,Product-017,1,1,39.91,6.04,0.1514,39.91
2025-10-18,2025,2025-10,Kids,Apex Prime,Product-011,1,1,8.0,1.17,0.1459,8.0
2025-10-22,2025,2025-10,Kids,Apex Essentials,Product-027,1,3,32.18,4.14,0.1288,32.18
2025-07-14,2025,2025-07,Kids,Apex Value,Product-005,1,1,14.52,2.5,0.1724,14.52
2025-09-06,2025,2025-09,Beauty,Apex Prime,Product-038,1,2,33.01,4.14,0.1255,33.01
2025-12-19,2025,2025-12,Fitness,Apex Outdoor,Product-017,1,1,49.51,8.39,0.1695,49.51
2025-10-12,2025,2025-10,Fitness,Apex Outdoor,Product-048,1,1,66.2,8.1,0.1224,66.2
2025-07-31,2025,2025-07,Kids,Apex Prime,Product-033,1,1,28.8,3.24,0.1125,28.8
2025-08-18,2025,2025-08,Kitchen,Apex Prime,Product-079,1,2,64.92,11.06,0.1704,64.92
2025-07-07,2025,2025-07,Electronics,Apex Outdoor,Product-020,1,1,62.96,9.99,0.1586,62.96
2025-09-25,2025,2025-09,Electronics,Apex Essentials,Product-064,1,1,67.63,8.73,0.1291,67.63
2025-08-04,2025,2025-08,Electronics,Apex Outdoor,Product-039,1,1,61.43,6.23,0.1014,61.43
2025-11-15,2025,2025-11,Kids,Apex Value,Product-068,1,1,9.18,1.08,0.1172,9.18
2025-07-13,2025,2025-07,Fitness,Apex Essentials,Product-075,1,2,75.32,7.86,0.1044,75.32
2025-11-22,2025,2025-11,Home,Apex Value,Product-001,1,2,114.77,20.57,0.1792,114.77
2025-09-10,2025,2025-09,Electronics,Apex Essentials,Product-020,1,1,66.13,7.25,0.1097,66.13
2025-10-28,2025,2025-10,Fitness,Apex Essentials,Product-029,1,1,60.67,10.45,0.1722,60.67
2025-10-04,2025,2025-10,Home,Apex Prime,Product-048,1,1,25.41,2.96,0.1166,25.41
2025-11-11,2025,2025-11,Home,Apex Essentials,Product-070,1,3,78.01,13.29,0.1704,78.01
2025-09-29,2025,2025-09,Beauty,Apex Prime,Product-019,1,2,16.0,2.77,0.1729,16.0
2025-11-26,2025,2025-11,Kitchen,Apex Outdoor,Product-050,1,3,80.59,13.75,0.1706,80.59
2025-09-23,2025,2025-09,Kitchen,Apex Value,Product-035,1,1,27.31,4.53,0.1657,27.31
2025-12-13,2025,2025-12,Kids,Apex Prime,Product-010,1,2,16.0,2.72,0.1703,16.0
2025-08-29,2025,2025-08,Fitness,Apex Essentials,Product-056,1,2,108.84,11.71,0.1076,108.84
2025-08-19,2025,2025-08,Electronics,Apex Outdoor,Product-031,1,1,45.69,5.32,0.1165,45.69
2025-11-05,2025,2025-11,Fitness,Apex Value,Product-039,1,1,47.34,4.77,0.1007,47.34
2025-12-01,2025,2025-12,Home,Apex Essentials,Product-011,1,1,22.24,3.94,0.1771,22.24
2025-07-05,2025,2025-07,Electronics,Apex Outdoor,Product-074,1,2,105.17,11.58,0.1101,105.17
2025-10-27,2025,2025-10,Kitchen,Apex Outdoor,Product-059,1,1,44.83,7.55,0.1684,44.83
2025-09-24,2025,2025-09,Kitchen,Apex Essentials,Product-070,1,1,47.24,8.03,0.1699,47.24
2025-08-17,2025,2025-08,Beauty,Apex Value,Product-064,1,1,11.8,1.62,0.1373,11.8
2025-10-13,2025,2025-10,Fitness,Apex Outdoor,Product-067,1,1,66.06,10.08,0.1526,66.06
2025-08-05,2025,2025-08,Kids,Apex Prime,Product-041,1,1,19.72,2.65,0.1346,19.72
2025-12-30,2025,2025-12,Electronics,Apex Value,Product-036,1,1,62.43,7.46,0.1195,62.43
2025-09-25,2025,2025-09,Fitness,Apex Prime,Product-047,1,1,48.61,5.97,0.1229,48.61
2025-12-09,2025,2025-12,Beauty,Apex Essentials,Product-058,1,1,10.33,1.09,0.1051,10.33
2025-07-13,2025,2025-07,Kids,Apex Essentials,Product-008,1,1,37.62,6.24,0.1659,37.62
2025-11-05,2025,2025-11,Electronics,Apex Prime,Product-080,1,1,64.96,6.69,0.103,64.96
2025-07-26,2025,2025-07,Home,Apex Prime,Product-015,1,1,28.68,4.88,0.1701,28.68
2025-08-25,2025,2025-08,Fitness,Apex Value,Product-022,1,1,55.05,6.13,0.1114,55.05
2025-10-17,2025,2025-10,Beauty,Apex Prime,Product-039,1,3,95.42,14.24,0.1492,95.42
2025-09-25,2025,2025-09,Beauty,Apex Value,Product-023,1,1,19.33,2.5,0.1292,19.33
2025-10-28,2025,2025-10,Kids,Apex Essentials,Product-027,1,1,16.82,2.15,0.1278,16.82
2025-08-25,2025,2025-08,Kids,Apex Prime,Product-030,1,1,8.0,0.97,0.1212,8.0
2025-12-28,2025,2025-12,Electronics,Apex Essentials,Product-064,1,1,63.3,8.36,0.132,63.3
2025-10-01,2025,2025-10,Beauty,Apex Outdoor,Product-059,1,3,82.87,9.4,0.1134,82.87
2025-09-15,2025,2025-09,Beauty,Apex Outdoor,Product-010,1,1,32.15,5.47,0.17,32.15
2025-07-21,2025,2025-07,Kids,Apex Outdoor,Product-051,1,1,8.0,1.4,0.175,8.0
2025-12-20,2025,2025-12,Beauty,Apex Prime,Product-028,1,1,35.0,4.21,0.1204,35.0
2025-10-28,2025,2025-10,Kids,Apex Prime,Product-014,1,1,8.0,0.84,0.1056,8.0
2025-08-20,2025,2025-08,Kitchen,Apex Value,Product-079,1,1,9.11,1.62,0.1783,9.11
2025-10-04,2025,2025-10,Electronics,Apex Essentials,Product-074,1,1,62.72,6.53,0.1041,62.72
2025-09-17,2025,2025-09,Beauty,Apex Essentials,Product-019,1,2,73.26,11.96,0.1632,73.26
2025-07-24,2025,2025-07,Fitness,Apex Value,Product-009,1,1,40.12,5.65,0.1408,40.12
2025-10-07,2025,2025-10,Kitchen,Apex Prime,Product-063,1,3,94.07,12.89,0.137,94.07
2025-10-30,2025,2025-10,Kids,Apex Prime,Product-053,1,2,33.49,5.01,0.1496,33.49
2025-11-14,2025,2025-11,Fitness,Apex Prime,Product-060,1,1,47.26,8.02,0.1696,47.26
2025-11-10,2025,2025-11,Electronics,Apex Essentials,Product-035,1,1,71.34,10.67,0.1495,71.34
2025-08-11,2025,2025-08,Kids,Apex Essentials,Product-077,1,2,16.0,2.18,0.1365,16.0
2025-12-06,2025,2025-12,Electronics,Apex Essentials,Product-003,1,1,66.96,8.89,0.1328,66.96
2025-08-06,2025,2025-08,Kitchen,Apex Essentials,Product-005,1,1,35.36,6.12,0.173,35.36
2025-07-05,2025,2025-07,Electronics,Apex Outdoor,Product-001,1,1,86.59,13.98,0.1615,86.59
2025-09-18,2025,2025-09,Fitness,Apex Essentials,Product-079,1,1,43.72,4.95,0.1133,43.72
2025-12-30,2025,2025-12,Electronics,Apex Essentials,Product-037,1,1,54.33,8.88,0.1635,54.33
2025-11-01,2025,2025-11,Kitchen,Apex Prime,Product-055,1,1,32.96,3.37,0.1022,32.96
2025-07-12,2025,2025-07,Fitness,Apex Value,Product-055,1,1,61.2,6.55,0.1071,61.2
2025-10-15,2025,2025-10,Beauty,Apex Essentials,Product-078,1,1,20.51,3.25,0.1587,20.51
2025-10-13,2025,2025-10,Kitchen,Apex Outdoor,Product-050,1,1,35.86,3.82,0.1064,35.86
2025-09-14,2025,2025-09,Beauty,Apex Prime,Product-032,1,1,25.8,4.1,0.159,25.8
2025-08-08,2025,2025-08,Kids,Apex Outdoor,Product-004,1,2,16.0,2.06,0.1285,16.0
2025-11-15,2025,2025-11,Beauty,Apex Prime,Product-004,1,1,20.58,2.85,0.1384,20.58
2025-07-27,2025,2025-07,Beauty,Apex Essentials,Product-026,1,3,116.56,15.54,0.1333,116.56
2025-08-10,2025,2025-08,Home,Apex Prime,Product-001,1,1,31.55,4.67,0.148,31.55
2025-09-26,2025,2025-09,Home,Apex Essentials,Product-021,1,1,41.25,6.37,0.1545,41.25
2025-11-07,2025,2025-11,Home,Apex Prime,Product-077,1,1,34.51,4.86,0.1408,34.51
2025-12-04,2025,2025-12,Kids,Apex Outdoor,Product-043,1,3,37.27,4.92,0.1321,37.27
2025-10-24,2025,2025-10,Kids,Apex Essentials,Product-069,1,2,16.0,2.12,0.1327,16.0
2025-08-17,2025,2025-08,Kids,Apex Prime,Product-003,1,1,22.0,3.84,0.1745,22.0
2025-07-28,2025,2025-07,Beauty,Apex Value,Product-070,1,1,28.5,3.48,0.1222,28.5
2025-12-11,2025,2025-12,Beauty,Apex Value,Product-042,1,1,15.8,2.59,0.1638,15.8
2025-11-19,2025,2025-11,Fitness,Apex Prime,Product-059,1,1,53.89,6.4,0.1188,53.89
2025-10-15,2025,2025-10,Fitness,Apex Outdoor,Product-035,1,2,93.9,9.81,0.1045,93.9
2025-09-05,2025,2025-09,Kitchen,Apex Outdoor,Product-017,1,2,59.73,6.99,0.117,59.73
2025-12-14,2025,2025-12,Kids,Apex Prime,Product-034,1,1,20.58,2.48,0.1207,20.58
2025-08-08,2025,2025-08,Beauty,Apex Prime,Product-027,1,2,63.05,11.29,0.179,63.05
2025-08-01,2025,2025-08,Kitchen,Apex Value,Product-038,1,1,18.4,2.71,0.1472,18.4
2025-09-12,2025,2025-09,Kitchen,Apex Value,Product-048,1,2,24.24,2.58,0.1066,24.24
2025-11-06,2025,2025-11,Fitness,Apex Outdoor,Product-025,1,1,46.09,5.39,0.117,46.09
2025-10-21,2025,2025-10,Fitness,Apex Prime,Product-035,1,1,54.67,6.41,0.1172,54.67
2025-12-06,2025,2025-12,Electronics,Apex Outdoor,Product-058,1,1,63.34,7.83,0.1236,63.34
2025-08-07,2025,2025-08,Kids,Apex Outdoor,Product-064,1,1,16.99,1.78,0.1045,16.99
2025-07-27,2025,2025-07,Home,Apex Outdoor,Product-028,1,2,45.37,6.09,0.1343,45.37
2025-07-28,2025,2025-07,Beauty,Apex Value,Product-063,1,1,27.49,4.16,0.1512,27.49
2025-10-20,2025,2025-10,Home,Apex Prime,Product-038,1,1,29.09,3.86,0.1328,29.09
2025-09-29,2025,2025-09,Kitchen,Apex Value,Product-080,1,1,29.1,3.73,0.1283,29.1
2025-12-12,2025,2025-12,Kids,Apex Prime,Product-030,1,3,56.39,7.69,0.1363,56.39
2025-09-17,2025,2025-09,Electronics,Apex Prime,Product-064,1,1,60.81,10.79,0.1775,60.81
2025-09-11,2025,2025-09,Electronics,Apex Outdoor,Product-043,1,1,53.14,8.82,0.1659,53.14
2025-07-21,2025,2025-07,Kids,Apex Prime,Product-078,1,1,19.22,2.23,0.1158,19.22
2025-08-30,2025,2025-08,Beauty,Apex Outdoor,Product-049,1,1,8.0,1.42,0.1781,8.0
2025-12-16,2025,2025-12,Fitness,Apex Value,Product-049,1,1,52.55,7.49,0.1425,52.55
2025-09-27,2025,2025-09,Beauty,Apex Outdoor,Product-051,1,1,20.25,2.86,0.1411,20.25
2025-09-08,2025,2025-09,Home,Apex Prime,Product-056,1,1,26.18,3.36,0.1284,26.18
2025-08-05,2025,2025-08,Fitness,Apex Value,Product-043,1,3,170.53,24.08,0.1412,170.53
2025-09-14,2025,2025-09,Beauty,Apex Prime,Product-013,1,1,25.51,3.62,0.1421,25.51
2025-07-03,2025,2025-07,Fitness,Apex Prime,Product-080,1,1,42.58,6.5,0.1527,42.58
2025-08-28,2025,2025-08,Fitness,Apex Value,Product-002,1,1,38.11,4.13,0.1085,38.11
2025-08-15,2025,2025-08,Fitness,Apex Essentials,Product-061,1,1,68.48,11.3,0.165,68.48
2025-11-23,2025,2025-11,Home,Apex Essentials,Product-059,1,1,47.04,6.49,0.138,47.04
2025-10-29,2025,2025-10,Home,Apex Outdoor,Product-046,1,1,8.0,1.14,0.1424,8.0
2025-12-16,2025,2025-12,Fitness,Apex Essentials,Product-079,1,1,51.86,9.28,0.179,51.86
2025-07-07,2025,2025-07,Kitchen,Apex Prime,Product-079,1,1,27.93,4.27,0.1529,27.93
2025-08-12,2025,2025-08,Kitchen,Apex Prime,Product-066,1,2,36.85,4.83,0.1311,36.85
2025-09-13,2025,2025-09,Home,Apex Outdoor,Product-051,1,1,38.38,5.2,0.1356,38.38
2025-09-03,2025,2025-09,Kitchen,Apex Value,Product-065,1,1,33.78,4.75,0.1405,33.78
2025-10-14,2025,2025-10,Home,Apex Prime,Product-055,1,1,38.33,6.47,0.1687,38.33
2025-08-13,2025,2025-08,Electronics,Apex Prime,Product-068,1,1,64.17,10.24,0.1595,64.17
2025-10-27,2025,2025-10,Beauty,Apex Outdoor,Product-047,1,1,14.95,2.63,0.176,14.95
2025-08-26,2025,2025-08,Beauty,Apex Prime,Product-030,1,1,22.29,3.74,0.1677,22.29
2025-10-26,2025,2025-10,Beauty,Apex Value,Product-035,1,1,37.11,6.58,0.1772,37.11
2025-10-26,2025,2025-10,Kids,Apex Essentials,Product-078,1,1,10.91,1.46,0.1339,10.91
2025-11-29,2025,2025-11,Electronics,Apex Essentials,Product-042,1,1,60.17,7.41,0.1231,60.17
2025-08-20,2025,2025-08,Kitchen,Apex Value,Product-065,1,1,24.99,2.55,0.102,24.99
2025-11-20,2025,2025-11,Fitness,Apex Value,Product-077,1,3,169.71,19.69,0.116,169.71
2025-09-26,2025,2025-09,Electronics,Apex Outdoor,Product-037,1,1,44.8,5.39,0.1204,44.8
2025-11-09,2025,2025-11,Beauty,Apex Essentials,Product-031,1,1,40.4,4.04,0.1001,40.4
2025-08-04,2025,2025-08,Electronics,Apex Essentials,Product-029,1,1,63.92,9.95,0.1556,63.92
2025-12-03,2025,2025-12,Home,Apex Essentials,Product-041,1,3,148.99,17.42,0.1169,148.99
2025-12-08,2025,2025-12,Home,Apex Prime,Product-012,1,1,39.98,7.11,0.1778,39.98
2025-07-22,2025,2025-07,Beauty,Apex Outdoor,Product-079,1,1,23.43,2.99,0.1275,23.43
2025-09-03,2025,2025-09,Electronics,Apex Value,Product-009,1,2,130.23,15.05,0.1156,130.23
2025-08-31,2025,2025-08,Home,Apex Essentials,Product-056,1,1,52.1,5.93,0.1138,52.1
2025-08-27,2025,2025-08,Kitchen,Apex Prime,Product-019,1,2,76.96,10.45,0.1358,76.96
2025-11-26,2025,2025-11,Kitchen,Apex Prime,Product-008,1,2,25.72,3.02,0.1173,25.72
2025-11-10,2025,2025-11,Electronics,Apex Prime,Product-043,1,2,117.81,15.93,0.1352,117.81
2025-07-31,2025,2025-07,Electronics,Apex Outdoor,Product-014,1,1,56.98,7.17,0.1258,56.98
2025-11-03,2025,2025-11,Kitchen,Apex Prime,Product-032,1,1,33.92,3.71,0.1095,33.92
2025-08-26,2025,2025-08,Home,Apex Outdoor,Product-007,1,2,62.04,7.43,0.1197,62.04
2025-09-03,2025,2025-09,Kitchen,Apex Essentials,Product-061,1,1,20.35,2.54,0.125,20.35
2025-07-05,2025,2025-07,Home,Apex Value,Product-003,1,1,36.83,4.31,0.117,36.83
2025-10-03,2025,2025-10,Fitness,Apex Prime,Product-074,1,1,42.45,6.96,0.164,42.45
2025-10-29,2025,2025-10,Kids,Apex Value,Product-065,1,2,52.04,6.03,0.1159,52.04
2025-09-27,2025,2025-09,Home,Apex Essentials,Product-050,1,1,30.72,5.4,0.1759,30.72
2025-11-03,2025,2025-11,Kitchen,Apex Outdoor,Product-011,1,1,28.33,2.94,0.1038,28.33
2025-12-19,2025,2025-12,Kitchen,Apex Prime,Product-058,1,1,25.19,2.71,0.1075,25.19
2025-12-23,2025,2025-12,Electronics,Apex Outdoor,Product-068,1,1,48.93,5.43,0.1109,48.93
2025-10-26,2025,2025-10,Kitchen,Apex Prime,Product-037,1,1,26.23,4.71,0.1794,26.23
2025-12-12,2025,2025-12,Kitchen,Apex Value,Product-067,1,1,23.82,2.52,0.1058,23.82
2025-07-06,2025,2025-07,Kitchen,Apex Prime,Product-014,1,1,38.58,5.1,0.1323,38.58
2025-08-30,2025,2025-08,Beauty,Apex Value,Product-037,1,1,20.81,2.34,0.1125,20.81
2025-12-08,2025,2025-12,Electronics,Apex Value,Product-045,1,2,140.79,15.25,0.1083,140.79
2025-08-15,2025,2025-08,Beauty,Apex Outdoor,Product-040,1,1,30.68,5.26,0.1716,30.68
2025-09-25,2025,2025-09,Kitchen,Apex Outdoor,Product-010,1,2,67.66,8.99,0.1328,67.66
2025-07-27,2025,2025-07,Home,Apex Prime,Product-048,1,1,21.04,3.05,0.1448,21.04
2025-11-27,2025,2025-11,Beauty,Apex Outdoor,Product-051,1,1,8.0,1.37,0.1708,8.0
2025-10-11,2025,2025-10,Fitness,Apex Value,Product-074,1,1,47.96,7.4,0.1542,47.96
2025-12-22,2025,2025-12,Electronics,Apex Value,Product-060,1,1,49.64,6.38,0.1286,49.64
2025-07-28,2025,2025-07,Fitness,Apex Value,Product-003,1,1,43.62,4.47,0.1024,43.62
2025-07-14,2025,2025-07,Kids,Apex Prime,Product-026,1,1,23.25,2.5,0.1076,23.25
2025-09-17,2025,2025-09,Electronics,Apex Prime,Product-026,1,1,53.53,8.28,0.1547,53.53
2025-08-29,2025,2025-08,Kitchen,Apex Value,Product-037,1,1,23.27,4.0,0.1719,23.27
2025-12-30,2025,2025-12,Electronics,Apex Prime,Product-034,1,1,58.41,8.63,0.1478,58.41
2025-08-28,2025,2025-08,Fitness,Apex Value,Product-057,1,1,39.02,4.95,0.1268,39.02
2025-09-18,2025,2025-09,Fitness,Apex Outdoor,Product-066,1,1,52.95,6.72,0.127,52.95
2025-11-26,2025,2025-11,Kitchen,Apex Outdoor,Product-011,1,1,20.94,3.14,0.15,20.94
2025-07-26,2025,2025-07,Kitchen,Apex Prime,Product-022,1,3,52.42,7.23,0.138,52.42
2025-07-31,2025,2025-07,Kitchen,Apex Essentials,Product-012,1,1,47.97,8.22,0.1713,47.97
2025-11-25,2025,2025-11,Electronics,Apex Essentials,Product-058,1,1,78.73,8.46,0.1075,78.73
2025-08-22,2025,2025-08,Kitchen,Apex Prime,Product-035,1,1,21.19,2.38,0.1121,21.19
2025-09-17,2025,2025-09,Beauty,Apex Prime,Product-040,1,2,19.46,3.23,0.1661,19.46
2025-10-04,2025,2025-10,Electronics,Apex Prime,Product-042,1,1,65.51,9.62,0.1468,65.51
2025-08-28,2025,2025-08,Beauty,Apex Value,Product-032,1,1,23.82,4.1,0.1722,23.82
2025-07-23,2025,2025-07,Fitness,Apex Value,Product-026,1,1,50.25,6.85,0.1364,50.25
2025-12-29,2025,2025-12,Beauty,Apex Prime,Product-018,1,1,24.17,3.44,0.1422,24.17
2025-09-07,2025,2025-09,Beauty,Apex Outdoor,Product-064,1,1,29.59,3.27,0.1104,29.59
2025-07-20,2025,2025-07,Kids,Apex Essentials,Product-074,1,1,18.39,2.93,0.1591,18.39
2025-09-07,2025,2025-09,Kids,Apex Prime,Product-016,1,2,59.61,10.03,0.1683,59.61
2025-08-15,2025,2025-08,Beauty,Apex Value,Product-043,1,1,35.54,5.11,0.1439,35.54
2025-08-06,2025,2025-08,Kitchen,Apex Outdoor,Product-067,1,1,28.71,4.9,0.1708,28.71
2025-11-06,2025,2025-11,Kitchen,Apex Prime,Product-043,1,1,20.42,2.3,0.1124,20.42
2025-11-16,2025,2025-11,Fitness,Apex Prime,Product-043,1,1,58.04,10.15,0.1748,58.04
2025-11-11,2025,2025-11,Home,Apex Prime,Product-041,1,1,44.31,7.26,0.1638,44.31
2025-09-07,2025,2025-09,Kitchen,Apex Prime,Product-002,1,1,30.33,4.83,0.1594,30.33
2025-11-30,2025,2025-11,Kitchen,Apex Essentials,Product-073,1,1,9.5,1.65,0.1738,9.5
2025-09-29,2025,2025-09,Beauty,Apex Value,Product-070,1,1,12.49,1.72,0.1381,12.49
2025-12-17,2025,2025-12,Electronics,Apex Essentials,Product-029,1,1,72.14,11.01,0.1526,72.14
2025-09-08,2025,2025-09,Beauty,Apex Value,Product-041,1,1,11.14,1.29,0.1159,11.14
2025-07-14,2025,2025-07,Fitness,Apex Value,Product-007,1,1,55.0,6.08,0.1105,55.0
2025-11-22,2025,2025-11,Electronics,Apex Value,Product-034,1,1,62.6,10.91,0.1743,62.6
2025-08-14,2025,2025-08,Home,Apex Outdoor,Product-022,1,1,49.96,5.08,0.1016,49.96
2025-10-15,2025,2025-10,Fitness,Apex Value,Product-017,1,1,49.55,6.67,0.1346,49.55
2025-08-13,2025,2025-08,Fitness,Apex Value,Product-005,1,1,49.36,6.53,0.1322,49.36
2025-10-20,2025,2025-10,Home,Apex Essentials,Product-041,1,1,27.68,3.59,0.1297,27.68
2025-10-30,2025,2025-10,Home,Apex Outdoor,Product-022,1,1,25.36,4.54,0.179,25.36
2025-10-07,2025,2025-10,Home,Apex Prime,Product-058,1,2,104.49,16.34,0.1564,104.49
2025-07-11,2025,2025-07,Kitchen,Apex Value,Product-047,1,1,38.7,6.75,0.1745,38.7
2025-08-21,2025,2025-08,Beauty,Apex Prime,Product-020,1,1,42.44,5.31,0.1252,42.44
2025-08-15,2025,2025-08,Kitchen,Apex Essentials,Product-078,1,1,27.99,3.38,0.1208,27.99
2025-08-22,2025,2025-08,Beauty,Apex Value,Product-055,1,2,69.7,7.69,0.1104,69.7
2025-11-19,2025,2025-11,Beauty,Apex Prime,Product-032,1,2,30.14,3.32,0.1101,30.14
2025-07-29,2025,2025-07,Kitchen,Apex Outdoor,Product-049,1,1,30.8,5.15,0.1672,30.8
2025-12-22,2025,2025-12,Kitchen,Apex Outdoor,Product-054,1,1,33.56,4.06,0.121,33.56
2025-10-04,2025,2025-10,Kitchen,Apex Essentials,Product-024,1,1,40.5,6.18,0.1526,40.5
2025-12-02,2025,2025-12,Home,Apex Value,Product-034,1,2,82.4,11.22,0.1362,82.4
2025-07-22,2025,2025-07,Kitchen,Apex Value,Product-067,1,1,33.93,3.91,0.1151,33.93
2025-10-24,2025,2025-10,Kitchen,Apex Value,Product-036,1,1,34.25,4.78,0.1395,34.25
2025-07-29,2025,2025-07,Kids,Apex Essentials,Product-025,1,1,8.0,0.88,0.1103,8.0
2025-10-23,2025,2025-10,Fitness,Apex Outdoor,Product-061,1,1,43.73,6.28,0.1435,43.73
2025-09-25,2025,2025-09,Electronics,Apex Essentials,Product-001,1,1,69.67,11.62,0.1668,69.67
2025-10-27,2025,2025-10,Electronics,Apex Prime,Product-066,1,2,126.53,20.21,0.1597,126.53
2025-07-25,2025,2025-07,Kitchen,Apex Outdoor,Product-007,1,1,31.73,4.64,0.1463,31.73
2025-08-09,2025,2025-08,Kids,Apex Essentials,Product-033,1,1,8.69,1.28,0.1478,8.69
2025-08-30,2025,2025-08,Kitchen,Apex Prime,Product-014,1,2,48.76,5.1,0.1045,48.76
2025-10-18,2025,2025-10,Kitchen,Apex Essentials,Product-036,1,1,27.98,3.98,0.1422,27.98
2025-09-26,2025,2025-09,Electronics,Apex Outdoor,Product-032,1,1,68.31,8.99,0.1316,68.31
2025-07-13,2025,2025-07,Kids,Apex Value,Product-040,1,2,16.0,2.41,0.1505,16.0
2025-08-24,2025,2025-08,Fitness,Apex Essentials,Product-057,1,1,45.28,6.81,0.1504,45.28
2025-12-08,2025,2025-12,Home,Apex Value,Product-062,1,1,59.74,10.56,0.1768,59.74
2025-10-19,2025,2025-10,Beauty,Apex Prime,Product-062,1,1,18.12,3.03,0.1672,18.12
2025-08-13,2025,2025-08,Beauty,Apex Prime,Product-036,1,2,46.91,6.03,0.1285,46.91
2025-09-28,2025,2025-09,Beauty,Apex Value,Product-059,1,1,24.79,2.54,0.1025,24.79
2025-11-23,2025,2025-11,Fitness,Apex Prime,Product-050,1,1,46.98,7.95,0.1693,46.98
2025-09-08,2025,2025-09,Beauty,Apex Prime,Product-003,1,1,27.42,2.79,0.1017,27.42
2025-11-15,2025,2025-11,Electronics,Apex Outdoor,Product-049,1,3,218.34,23.67,0.1084,218.34
2025-09-07,2025,2025-09,Kitchen,Apex Prime,Product-058,1,1,31.16,5.54,0.1778,31.16
2025-11-30,2025,2025-11,Kitchen,Apex Outdoor,Product-079,1,1,55.19,7.39,0.1339,55.19
2025-10-28,2025,2025-10,Electronics,Apex Prime,Product-040,1,1,59.72,6.25,0.1046,59.72
2025-09-17,2025,2025-09,Kitchen,Apex Prime,Product-011,1,1,30.57,4.69,0.1534,30.57
2025-10-16,2025,2025-10,Electronics,Apex Value,Product-052,1,1,63.57,10.85,0.1707,63.57
2025-12-08,2025,2025-12,Electronics,Apex Value,Product-011,1,1,64.2,10.42,0.1623,64.2
2025-09-07,2025,2025-09,Beauty,Apex Prime,Product-052,1,1,24.25,3.74,0.1542,24.25
2025-07-31,2025,2025-07,Kids,Apex Prime,Product-048,1,1,10.12,1.17,0.1154,10.12
2025-07-24,2025,2025-07,Electronics,Apex Value,Product-056,1,1,50.48,8.7,0.1724,50.48
2025-08-19,2025,2025-08,Beauty,Apex Essentials,Product-056,1,1,40.19,5.64,0.1404,40.19
2025-08-20,2025,2025-08,Beauty,Apex Outdoor,Product-019,1,2,22.21,3.88,0.1746,22.21
2025-08-08,2025,2025-08,Kitchen,Apex Essentials,Product-056,1,1,21.33,3.6,0.169,21.33
2025-11-23,2025,2025-11,Kitchen,Apex Value,Product-007,1,1,26.62,2.76,0.1038,26.62
2025-09-17,2025,2025-09,Home,Apex Essentials,Product-051,1,1,38.88,4.11,0.1057,38.88
2025-07-20,2025,2025-07,Fitness,Apex Prime,Product-042,1,1,45.41,7.52,0.1657,45.41
2025-09-02,2025,2025-09,Fitness,Apex Essentials,Product-062,1,1,53.89,5.73,0.1064,53.89
2025-10-14,2025,2025-10,Kids,Apex Value,Product-049,1,1,23.39,3.75,0.1603,23.39
2025-10-21,2025,2025-10,Beauty,Apex Essentials,Product-028,1,2,38.81,6.95,0.1792,38.81
2025-09-22,2025,2025-09,Home,Apex Prime,Product-018,1,1,18.97,3.41,0.1796,18.97
2025-08-10,2025,2025-08,Beauty,Apex Value,Product-007,1,1,8.0,0.81,0.1018,8.0
2025-07-02,2025,2025-07,Kids,Apex Essentials,Product-069,1,1,8.0,0.8,0.1001,8.0
2025-12-27,2025,2025-12,Electronics,Apex Prime,Product-062,1,1,68.51,9.15,0.1336,68.51
2025-09-06,2025,2025-09,Home,Apex Outdoor,Product-057,1,1,58.14,6.01,0.1033,58.14
2025-10-30,2025,2025-10,Fitness,Apex Outdoor,Product-004,1,1,48.37,7.6,0.1572,48.37
2025-11-13,2025,2025-11,Kitchen,Apex Prime,Product-015,1,1,28.94,3.31,0.1143,28.94
2025-10-14,2025,2025-10,Home,Apex Prime,Product-073,1,1,26.43,4.33,0.164,26.43
2025-11-27,2025,2025-11,Kitchen,Apex Essentials,Product-072,1,1,20.06,2.69,0.134,20.06
2025-09-09,2025,2025-09,Kids,Apex Essentials,Product-026,1,1,16.39,2.92,0.1779,16.39
2025-12-27,2025,2025-12,Electronics,Apex Outdoor,Product-054,1,2,107.72,17.26,0.1602,107.72
2025-10-25,2025,2025-10,Beauty,Apex Prime,Product-051,1,2,30.93,3.35,0.1083,30.93
2025-12-20,2025,2025-12,Fitness,Apex Essentials,Product-073,1,1,51.88,8.69,0.1675,51.88
2025-07-10,2025,2025-07,Electronics,Apex Outdoor,Product-018,1,2,133.08,14.73,0.1107,133.08
2025-12-14,2025,2025-12,Electronics,Apex Outdoor,Product-003,1,1,65.4,11.0,0.1682,65.4
2025-12-10,2025,2025-12,Kitchen,Apex Essentials,Product-011,1,1,34.68,5.8,0.1671,34.68
2025-08-30,2025,2025-08,Kitchen,Apex Outdoor,Product-020,1,1,20.19,2.63,0.1302,20.19
2025-11-03,2025,2025-11,Kitchen,Apex Prime,Product-052,1,1,22.47,2.46,0.1093,22.47
2025-07-23,2025,2025-07,Fitness,Apex Prime,Product-020,1,2,134.23,14.38,0.1071,134.23
2025-09-20,2025,2025-09,Home,Apex Essentials,Product-031,1,1,44.83,5.96,0.133,44.83
2025-11-12,2025,2025-11,Home,Apex Prime,Product-032,1,1,47.81,5.39,0.1127,47.81
2025-08-24,2025,2025-08,Kitchen,Apex Essentials,Product-061,1,1,29.38,3.35,0.114,29.38
2025-11-24,2025,2025-11,Beauty,Apex Value,Product-044,1,1,30.76,3.74,0.1216,30.76
2025-11-30,2025,2025-11,Kids,Apex Essentials,Product-073,1,1,38.99,6.78,0.1739,38.99
2025-07-18,2025,2025-07,Kitchen,Apex Prime,Product-063,1,1,24.49,2.96,0.1209,24.49
2025-12-26,2025,2025-12,Kids,Apex Prime,Product-078,1,2,29.26,4.55,0.1554,29.26
2025-10-02,2025,2025-10,Fitness,Apex Outdoor,Product-014,1,1,40.58,4.48,0.1105,40.58
2025-07-03,2025,2025-07,Fitness,Apex Prime,Product-076,1,1,42.78,7.37,0.1723,42.78
2025-11-23,2025,2025-11,Kitchen,Apex Value,Product-013,1,1,28.18,3.76,0.1336,28.18
2025-10-27,2025,2025-10,Fitness,Apex Essentials,Product-068,1,2,99.82,14.33,0.1436,99.82
2025-07-12,2025,2025-07,Kitchen,Apex Prime,Product-029,1,3,85.82,10.98,0.1279,85.82
2025-08-04,2025,2025-08,Kids,Apex Value,Product-028,1,2,24.75,4.1,0.1657,24.75
2025-08-29,2025,2025-08,Electronics,Apex Prime,Product-006,1,1,67.43,7.52,0.1115,67.43
2025-09-26,2025,2025-09,Beauty,Apex Value,Product-047,1,2,37.58,3.89,0.1035,37.58
2025-07-28,2025,2025-07,Kitchen,Apex Outdoor,Product-031,1,1,28.06,4.91,0.1751,28.06
2025-11-15,2025,2025-11,Fitness,Apex Prime,Product-023,1,1,33.57,5.09,0.1517,33.57
2025-08-01,2025,2025-08,Home,Apex Value,Product-050,1,1,20.64,3.34,0.1616,20.64
2025-08-20,2025,2025-08,Fitness,Apex Outdoor,Product-017,1,2,75.55,9.27,0.1227,75.55
2025-09-22,2025,2025-09,Home,Apex Outdoor,Product-023,1,2,124.7,12.96,0.1039,124.7
2025-10-20,2025,2025-10,Electronics,Apex Outdoor,Product-033,1,1,62.2,9.22,0.1482,62.2
2025-07-13,2025,2025-07,Fitness,Apex Essentials,Product-040,1,1,27.18,3.9,0.1435,27.18
2025-07-10,2025,2025-07,Home,Apex Prime,Product-051,1,1,23.73,4.24,0.1785,23.73
2025-09-01,2025,2025-09,Kids,Apex Outdoor,Product-047,1,1,37.66,6.33,0.1681,37.66
2025-07-13,2025,2025-07,Electronics,Apex Value,Product-026,1,1,70.04,10.37,0.148,70.04
2025-10-24,2025,2025-10,Kitchen,Apex Prime,Product-017,1,2,68.93,7.49,0.1086,68.93
2025-10-08,2025,2025-10,Beauty,Apex Value,Product-070,1,1,35.44,3.8,0.1071,35.44
2025-12-06,2025,2025-12,Fitness,Apex Outdoor,Product-054,1,1,42.67,7.42,0.1738,42.67
2025-07-19,2025,2025-07,Beauty,Apex Essentials,Product-045,1,1,16.73,1.94,0.1159,16.73
2025-11-30,2025,2025-11,Kids,Apex Value,Product-025,1,1,10.24,1.2,0.1173,10.24
2025-12-07,2025,2025-12,Fitness,Apex Prime,Product-013,1,1,33.14,5.43,0.1637,33.14
2025-10-01,2025,2025-10,Home,Apex Prime,Product-044,1,1,47.92,8.06,0.1682,47.92
2025-09-20,2025,2025-09,Electronics,Apex Value,Product-007,1,1,54.13,8.49,0.1569,54.13
2025-11-03,2025,2025-11,Beauty,Apex Value,Product-009,1,1,18.9,2.12,0.112,18.9
2025-07-29,2025,2025-07,Kids,Apex Outdoor,Product-054,1,2,16.0,2.45,0.1534,16.0
2025-08-05,2025,2025-08,Beauty,Apex Prime,Product-079,1,1,33.9,5.55,0.1637,33.9
2025-07-10,2025,2025-07,Home,Apex Prime,Product-047,1,3,96.26,16.77,0.1742,96.26
2025-10-30,2025,2025-10,Kids,Apex Outdoor,Product-059,1,2,50.4,8.99,0.1783,50.4
2025-07-08,2025,2025-07,Beauty,Apex Prime,Product-012,1,1,15.0,1.67,0.1113,15.0
2025-08-11,2025,2025-08,Kids,Apex Prime,Product-058,1,1,8.0,1.21,0.1508,8.0
2025-10-15,2025,2025-10,Fitness,Apex Essentials,Product-005,1,1,47.26,6.85,0.1449,47.26
2025-11-29,2025,2025-11,Kids,Apex Outdoor,Product-026,1,1,29.55,3.63,0.123,29.55
2025-12-27,2025,2025-12,Fitness,Apex Essentials,Product-066,1,1,55.09,6.27,0.1138,55.09
2025-12-16,2025,2025-12,Kids,Apex Outdoor,Product-076,1,1,26.83,4.71,0.1754,26.83
2025-07-15,2025,2025-07,Kids,Apex Prime,Product-067,1,1,12.83,1.78,0.1386,12.83
2025-10-06,2025,2025-10,Fitness,Apex Essentials,Product-019,1,1,46.34,5.44,0.1174,46.34
2025-10-05,2025,2025-10,Electronics,Apex Outdoor,Product-047,1,2,114.16,19.74,0.1729,114.16
2025-11-28,2025,2025-11,Home,Apex Prime,Product-023,1,1,29.82,3.41,0.1144,29.82
2025-09-25,2025,2025-09,Electronics,Apex Essentials,Product-069,1,1,60.24,10.37,0.1722,60.24
2025-10-26,2025,2025-10,Electronics,Apex Prime,Product-078,1,2,123.94,14.39,0.1161,123.94
2025-12-20,2025,2025-12,Kitchen,Apex Value,Product-001,1,1,55.65,8.81,0.1584,55.65
2025-08-22,2025,2025-08,Beauty,Apex Essentials,Product-055,1,2,36.96,3.76,0.1016,36.96
2025-10-08,2025,2025-10,Home,Apex Value,Product-068,1,1,47.75,8.01,0.1677,47.75
2025-10-18,2025,2025-10,Beauty,Apex Outdoor,Product-077,1,1,18.4,2.39,0.1299,18.4
2025-08-07,2025,2025-08,Beauty,Apex Outdoor,Product-049,1,1,20.36,2.32,0.114,20.36
2025-11-10,2025,2025-11,Kitchen,Apex Outdoor,Product-041,1,2,54.97,6.02,0.1096,54.97
2025-09-05,2025,2025-09,Fitness,Apex Essentials,Product-045,1,1,43.03,5.43,0.1263,43.03
2025-07-15,2025,2025-07,Electronics,Apex Prime,Product-052,1,1,63.73,10.57,0.1658,63.73
2025-08-21,2025,2025-08,Kitchen,Apex Value,Product-063,1,1,22.38,2.37,0.1058,22.38
2025-08-27,2025,2025-08,Kitchen,Apex Essentials,Product-080,1,1,37.06,4.37,0.1179,37.06
2025-08-20,2025,2025-08,Kids,Apex Value,Product-047,1,1,10.7,1.5,0.1403,10.7
2025-09-08,2025,2025-09,Kitchen,Apex Essentials,Product-035,1,1,24.73,3.59,0.1452,24.73
2025-09-08,2025,2025-09,Electronics,Apex Outdoor,Product-002,1,1,39.54,4.74,0.1198,39.54
2025-09-04,2025,2025-09,Home,Apex Outdoor,Product-003,1,1,31.35,5.37,0.1712,31.35
2025-10-04,2025,2025-10,Home,Apex Prime,Product-054,1,1,42.54,7.44,0.1748,42.54
2025-07-10,2025,2025-07,Kitchen,Apex Outdoor,Product-070,1,2,37.94,4.67,0.1232,37.94
2025-10-14,2025,2025-10,Kids,Apex Outdoor,Product-012,1,1,13.9,1.94,0.1395,13.9
2025-08-13,2025,2025-08,Fitness,Apex Outdoor,Product-076,1,1,48.74,5.84,0.1199,48.74
2025-10-12,2025,2025-10,Electronics,Apex Outdoor,Product-062,1,1,43.25,7.1,0.1641,43.25
2025-08-04,2025,2025-08,Home,Apex Value,Product-034,1,2,74.16,10.75,0.145,74.16
2025-09-12,2025,2025-09,Home,Apex Outdoor,Product-079,1,1,44.13,5.95,0.1349,44.13
2025-10-29,2025,2025-10,Beauty,Apex Value,Product-039,1,1,8.0,0.84,0.1046,8.0
2025-09-27,2025,2025-09,Fitness,Apex Outdoor,Product-001,1,2,91.32,15.57,0.1705,91.32
2025-07-03,2025,2025-07,Electronics,Apex Prime,Product-066,1,1,67.03,8.59,0.1282,67.03
2025-07-23,2025,2025-07,Kitchen,Apex Essentials,Product-001,1,1,25.42,4.56,0.1795,25.42
2025-12-10,2025,2025-12,Home,Apex Essentials,Product-015,1,1,33.66,4.01,0.1191,33.66
2025-12-29,2025,2025-12,Electronics,Apex Outdoor,Product-044,1,1,51.08,7.45,0.1458,51.08
2025-08-14,2025,2025-08,Kitchen,Apex Outdoor,Product-073,1,1,36.67,6.57,0.1791,36.67
2025-08-23,2025,2025-08,Kids,Apex Value,Product-063,1,2,43.45,5.44,0.1253,43.45
2025-12-17,2025,2025-12,Fitness,Apex Prime,Product-040,1,1,42.8,7.34,0.1715,42.8
2025-08-06,2025,2025-08,Fitness,Apex Essentials,Product-079,1,1,37.61,5.62,0.1495,37.61
2025-10-10,2025,2025-10,Beauty,Apex Value,Product-022,1,2,76.41,7.8,0.1021,76.41
2025-11-05,2025,2025-11,Fitness,Apex Essentials,Product-077,1,1,42.54,4.87,0.1144,42.54
2025-09-29,2025,2025-09,Beauty,Apex Prime,Product-038,1,1,30.84,4.91,0.1591,30.84
2025-07-06,2025,2025-07,Fitness,Apex Value,Product-078,1,1,49.99,5.94,0.1189,49.99
2025-07-30,2025,2025-07,Kitchen,Apex Outdoor,Product-019,1,1,39.03,4.29,0.11,39.03
2025-07-16,2025,2025-07,Electronics,Apex Essentials,Product-002,1,1,77.05,11.11,0.1442,77.05
2025-12-04,2025,2025-12,Kids,Apex Outdoor,Product-011,1,1,8.71,1.42,0.1626,8.71
2025-12-02,2025,2025-12,Electronics,Apex Outdoor,Product-040,1,1,66.31,10.82,0.1631,66.31
2025-10-08,2025,2025-10,Beauty,Apex Prime,Product-030,1,1,30.3,4.12,0.136,30.3
2025-07-14,2025,2025-07,Home,Apex Value,Product-043,1,1,12.19,1.5,0.1229,12.19
2025-10-08,2025,2025-10,Beauty,Apex Prime,Product-001,1,1,31.29,5.32,0.1701,31.29
2025-11-10,2025,2025-11,Home,Apex Value,Product-001,1,2,60.9,8.53,0.1401,60.9
2025-12-02,2025,2025-12,Electronics,Apex Outdoor,Product-013,1,1,76.93,7.8,0.1014,76.93
2025-11-06,2025,2025-11,Electronics,Apex Prime,Product-020,1,1,90.24,10.85,0.1202,90.24
2025-08-31,2025,2025-08,Electronics,Apex Outdoor,Product-075,1,1,61.4,9.79,0.1595,61.4
2025-10-31,2025,2025-10,Beauty,Apex Outdoor,Product-019,1,1,25.81,3.38,0.1311,25.81
2025-11-01,2025,2025-11,Electronics,Apex Outdoor,Product-030,1,1,66.52,11.97,0.18,66.52
2025-11-05,2025,2025-11,Fitness,Apex Outdoor,Product-009,1,1,55.87,7.06,0.1264,55.87
2025-10-01,2025,2025-10,Home,Apex Essentials,Product-047,1,1,40.44,6.85,0.1693,40.44
2025-07-12,2025,2025-07,Kids,Apex Essentials,Product-023,1,1,11.92,1.64,0.1373,11.92
2025-08-31,2025,2025-08,Kids,Apex Value,Product-080,1,1,25.72,3.73,0.145,25.72
2025-07-13,2025,2025-07,Kids,Apex Value,Product-023,1,1,19.44,2.64,0.1356,19.44
2025-08-06,2025,2025-08,Electronics,Apex Value,Product-001,1,2,127.56,17.37,0.1362,127.56
2025-12-18,2025,2025-12,Electronics,Apex Value,Product-057,1,2,94.69,11.13,0.1175,94.69
2025-09-13,2025,2025-09,Fitness,Apex Outdoor,Product-075,1,1,45.55,8.0,0.1756,45.55
2025-12-19,2025,2025-12,Kitchen,Apex Value,Product-073,1,1,37.97,4.12,0.1084,37.97
2025-10-22,2025,2025-10,Home,Apex Prime,Product-031,1,2,74.32,8.89,0.1196,74.32
2025-11-08,2025,2025-11,Home,Apex Value,Product-075,1,1,34.52,4.61,0.1335,34.52
2025-10-19,2025,2025-10,Kids,Apex Essentials,Product-064,1,1,24.64,4.25,0.1726,24.64
2025-11-24,2025,2025-11,Beauty,Apex Prime,Product-041,1,1,10.56,1.27,0.1204,10.56
2025-10-06,2025,2025-10,Beauty,Apex Outdoor,Product-076,1,2,38.63,6.86,0.1776,38.63
2025-09-04,2025,2025-09,Beauty,Apex Essentials,Product-009,1,2,46.96,5.24,0.1116,46.96
2025-10-08,2025,2025-10,Home,Apex Prime,Product-046,1,1,40.78,5.17,0.1267,40.78
2025-08-29,2025,2025-08,Kids,Apex Value,Product-073,1,1,13.63,2.09,0.1531,13.63
2025-07-12,2025,2025-07,Kids,Apex Essentials,Product-032,1,1,9.22,1.52,0.1644,9.22
2025-08-02,2025,2025-08,Electronics,Apex Essentials,Product-021,1,2,72.29,11.85,0.1639,72.29
2025-11-14,2025,2025-11,Fitness,Apex Essentials,Product-035,1,1,37.67,3.98,0.1056,37.67
2025-11-04,2025,2025-11,Kids,Apex Essentials,Product-018,1,1,18.22,3.03,0.1663,18.22
2025-07-03,2025,2025-07,Beauty,Apex Prime,Product-053,1,1,8.0,1.09,0.1367,8.0
2025-12-15,2025,2025-12,Kitchen,Apex Prime,Product-056,1,1,19.42,2.25,0.116,19.42
2025-12-10,2025,2025-12,Fitness,Apex Value,Product-058,1,1,41.57,4.78,0.1149,41.57
2025-09-14,2025,2025-09,Fitness,Apex Essentials,Product-078,1,1,50.44,8.08,0.1601,50.44
2025-11-13,2025,2025-11,Kitchen,Apex Essentials,Product-075,1,1,25.66,2.86,0.1113,25.66
2025-11-27,2025,2025-11,Kitchen,Apex Prime,Product-071,1,1,24.34,2.46,0.1009,24.34
2025-08-13,2025,2025-08,Kids,Apex Value,Product-055,1,1,19.54,2.03,0.104,19.54
2025-09-06,2025,2025-09,Electronics,Apex Prime,Product-005,1,1,62.84,6.64,0.1057,62.84
2025-08-05,2025,2025-08,Kids,Apex Value,Product-046,1,1,13.02,2.2,0.169,13.02
2025-12-22,2025,2025-12,Home,Apex Outdoor,Product-017,1,2,71.1,10.47,0.1473,71.1
2025-11-11,2025,2025-11,Home,Apex Essentials,Product-072,1,1,31.73,5.32,0.1677,31.73
2025-08-26,2025,2025-08,Electronics,Apex Outdoor,Product-013,1,1,54.82,9.85,0.1797,54.82
2025-09-14,2025,2025-09,Kids,Apex Essentials,Product-054,1,2,51.89,7.36,0.1418,51.89
2025-12-22,2025,2025-12,Kids,Apex Outdoor,Product-051,1,1,13.19,1.72,0.1307,13.19
2025-09-20,2025,2025-09,Beauty,Apex Prime,Product-044,1,1,28.49,3.97,0.1392,28.49
2025-09-27,2025,2025-09,Kids,Apex Value,Product-015,1,1,15.14,2.03,0.1344,15.14
2025-07-28,2025,2025-07,Kitchen,Apex Outdoor,Product-001,1,1,20.05,2.37,0.1181,20.05
2025-12-16,2025,2025-12,Kitchen,Apex Prime,Product-042,1,2,40.28,6.68,0.1658,40.28
2025-10-14,2025,2025-10,Beauty,Apex Essentials,Product-043,1,2,39.84,4.42,0.111,39.84
2025-12-21,2025,2025-12,Kids,Apex Prime,Product-005,1,1,16.9,2.21,0.1308,16.9
2025-11-02,2025,2025-11,Electronics,Apex Value,Product-055,1,1,68.46,9.7,0.1417,68.46
2025-12-21,2025,2025-12,Home,Apex Outdoor,Product-038,1,1,34.34,4.55,0.1326,34.34
2025-10-08,2025,2025-10,Beauty,Apex Outdoor,Product-033,1,2,26.75,4.67,0.1746,26.75
2025-10-07,2025,2025-10,Kids,Apex Outdoor,Product-004,1,1,21.33,2.83,0.1325,21.33
2025-12-10,2025,2025-12,Electronics,Apex Essentials,Product-078,1,1,48.24,8.54,0.1771,48.24
2025-07-14,2025,2025-07,Home,Apex Essentials,Product-055,1,2,98.77,15.18,0.1537,98.77
2025-11-27,2025,2025-11,Home,Apex Outdoor,Product-061,1,1,15.68,2.21,0.1411,15.68
2025-11-08,2025,2025-11,Kitchen,Apex Outdoor,Product-003,1,1,32.89,3.44,0.1047,32.89
2025-08-20,2025,2025-08,Electronics,Apex Outdoor,Product-074,1,2,115.1,14.31,0.1243,115.1
2025-12-18,2025,2025-12,Kids,Apex Outdoor,Product-005,1,2,16.0,2.39,0.1494,16.0
2025-07-05,2025,2025-07,Beauty,Apex Outdoor,Product-065,1,1,8.13,1.44,0.1776,8.13
2025-08-13,2025,2025-08,Fitness,Apex Outdoor,Product-067,1,1,51.9,7.45,0.1436,51.9
2025-10-09,2025,2025-10,Home,Apex Prime,Product-034,1,1,25.28,4.04,0.1597,25.28
2025-10-31,2025,2025-10,Kitchen,Apex Prime,Product-078,1,1,26.76,3.51,0.1311,26.76
2025-07-16,2025,2025-07,Kids,Apex Essentials,Product-009,1,1,25.7,2.74,0.1068,25.7
2025-11-30,2025,2025-11,Kitchen,Apex Prime,Product-010,1,1,12.9,1.44,0.1117,12.9
2025-11-06,2025,2025-11,Kitchen,Apex Prime,Product-032,1,1,35.22,6.2,0.176,35.22
2025-08-11,2025,2025-08,Kids,Apex Outdoor,Product-056,1,1,8.0,1.01,0.1264,8.0
2025-11-28,2025,2025-11,Beauty,Apex Essentials,Product-020,1,1,8.89,1.41,0.1591,8.89
2025-11-01,2025,2025-11,Home,Apex Essentials,Product-016,1,1,11.53,1.88,0.1633,11.53
2025-09-06,2025,2025-09,Kids,Apex Prime,Product-056,1,1,37.63,5.07,0.1348,37.63
2025-07-05,2025,2025-07,Electronics,Apex Essentials,Product-079,1,1,44.88,5.75,0.1281,44.88
2025-11-15,2025,2025-11,Kitchen,Apex Prime,Product-069,1,1,32.51,4.42,0.1359,32.51
2025-11-27,2025,2025-11,Kitchen,Apex Outdoor,Product-044,1,3,109.48,16.66,0.1522,109.48
2025-10-21,2025,2025-10,Kids,Apex Prime,Product-040,1,1,49.31,5.98,0.1213,49.31
2025-07-21,2025,2025-07,Kitchen,Apex Value,Product-068,1,1,33.0,5.28,0.16,33.0
2025-10-01,2025,2025-10,Kitchen,Apex Essentials,Product-054,1,2,58.88,6.45,0.1095,58.88
2025-11-17,2025,2025-11,Electronics,Apex Outdoor,Product-036,1,2,119.32,19.03,0.1595,119.32
2025-08-14,2025,2025-08,Electronics,Apex Prime,Product-059,1,1,57.83,8.53,0.1475,57.83
2025-11-04,2025,2025-11,Home,Apex Essentials,Product-042,1,1,46.18,7.62,0.165,46.18
2025-12-23,2025,2025-12,Kitchen,Apex Value,Product-078,1,1,33.38,4.26,0.1276,33.38
2025-08-19,2025,2025-08,Electronics,Apex Value,Product-012,1,1,64.71,8.87,0.137,64.71
2025-11-06,2025,2025-11,Kitchen,Apex Essentials,Product-007,1,3,83.29,13.77,0.1653,83.29
2025-08-18,2025,2025-08,Beauty,Apex Value,Product-003,1,1,39.63,4.67,0.1178,39.63
2025-08-30,2025,2025-08,Kitchen,Apex Essentials,Product-059,1,1,19.33,3.0,0.1553,19.33
2025-08-25,2025,2025-08,Kitchen,Apex Outdoor,Product-040,1,1,37.83,5.08,0.1344,37.83
2025-11-21,2025,2025-11,Kitchen,Apex Outdoor,Product-057,1,2,75.02,12.62,0.1682,75.02
2025-08-05,2025,2025-08,Home,Apex Value,Product-019,1,2,63.02,7.54,0.1197,63.02
2025-08-25,2025,2025-08,Kitchen,Apex Essentials,Product-005,1,1,47.72,8.3,0.1739,47.72
2025-08-30,2025,2025-08,Home,Apex Outdoor,Product-053,1,1,47.21,6.81,0.1442,47.21
2025-07-29,2025,2025-07,Home,Apex Outdoor,Product-039,1,1,27.51,4.88,0.1775,27.51
2025-12-16,2025,2025-12,Fitness,Apex Essentials,Product-028,1,1,45.12,6.98,0.1546,45.12
2025-11-15,2025,2025-11,Fitness,Apex Value,Product-051,1,1,57.82,7.6,0.1314,57.82
2025-09-07,2025,2025-09,Fitness,Apex Value,Product-079,1,1,45.92,7.84,0.1707,45.92
2025-12-19,2025,2025-12,Home,Apex Essentials,Product-030,1,1,21.34,2.19,0.1026,21.34
2025-10-02,2025,2025-10,Electronics,Apex Prime,Product-072,1,1,47.32,7.35,0.1554,47.32
2025-07-27,2025,2025-07,Fitness,Apex Essentials,Product-015,1,1,41.03,5.21,0.1269,41.03
2025-10-04,2025,2025-10,Electronics,Apex Value,Product-030,1,2,161.61,23.08,0.1428,161.61
2025-07-05,2025,2025-07,Kitchen,Apex Outdoor,Product-009,1,3,91.54,10.01,0.1093,91.54
2025-11-29,2025,2025-11,Kids,Apex Prime,Product-080,1,1,21.55,2.55,0.1181,21.55
2025-07-17,2025,2025-07,Home,Apex Essentials,Product-047,1,1,38.22,5.18,0.1355,38.22
2025-12-18,2025,2025-12,Kitchen,Apex Value,Product-011,1,2,54.33,6.12,0.1127,54.33
2025-09-10,2025,2025-09,Kitchen,Apex Prime,Product-067,1,1,26.21,3.85,0.1468,26.21
2025-07-16,2025,2025-07,Kids,Apex Essentials,Product-080,1,2,22.49,2.83,0.126,22.49
2025-09-20,2025,2025-09,Electronics,Apex Prime,Product-051,1,1,59.34,9.06,0.1527,59.34
2025-09-16,2025,2025-09,Home,Apex Outdoor,Product-076,1,2,37.17,6.0,0.1614,37.17
2025-11-22,2025,2025-11,Kitchen,Apex Essentials,Product-078,1,1,27.94,4.9,0.1755,27.94
2025-08-17,2025,2025-08,Fitness,Apex Value,Product-079,1,1,41.99,6.76,0.1609,41.99
2025-11-17,2025,2025-11,Beauty,Apex Prime,Product-022,1,1,17.8,2.25,0.1266,17.8
2025-10-11,2025,2025-10,Home,Apex Prime,Product-048,1,1,33.26,4.71,0.1416,33.26
2025-09-13,2025,2025-09,Home,Apex Prime,Product-026,1,1,38.41,5.15,0.1342,38.41
2025-07-12,2025,2025-07,Electronics,Apex Prime,Product-070,1,1,74.11,7.98,0.1077,74.11
2025-08-09,2025,2025-08,Kids,Apex Outdoor,Product-078,1,1,22.69,2.37,0.1045,22.69
2025-11-04,2025,2025-11,Kids,Apex Outdoor,Product-080,1,1,14.23,2.27,0.1598,14.23
2025-10-25,2025,2025-10,Home,Apex Outdoor,Product-001,1,2,93.09,14.58,0.1566,93.09
2025-11-28,2025,2025-11,Fitness,Apex Prime,Product-066,1,1,73.03,7.51,0.1029,73.03
2025-12-22,2025,2025-12,Fitness,Apex Prime,Product-007,1,1,60.48,9.27,0.1532,60.48
2025-11-24,2025,2025-11,Fitness,Apex Essentials,Product-072,1,1,54.25,8.5,0.1566,54.25
2025-12-22,2025,2025-12,Beauty,Apex Essentials,Product-013,1,1,8.0,0.84,0.1045,8.0
2025-10-05,2025,2025-10,Beauty,Apex Essentials,Product-067,1,1,25.91,3.73,0.1439,25.91
2025-12-23,2025,2025-12,Electronics,Apex Prime,Product-032,1,1,39.42,5.94,0.1507,39.42
2025-10-22,2025,2025-10,Kids,Apex Value,Product-074,1,1,9.77,1.23,0.1256,9.77
2025-07-25,2025,2025-07,Electronics,Apex Essentials,Product-037,1,1,58.8,9.51,0.1618,58.8
2025-10-09,2025,2025-10,Kitchen,Apex Prime,Product-052,1,1,25.31,2.73,0.1079,25.31
2025-07-08,2025,2025-07,Home,Apex Prime,Product-005,1,2,59.87,7.93,0.1325,59.87
2025-09-19,2025,2025-09,Kids,Apex Essentials,Product-037,1,1,8.0,1.41,0.1757,8.0
2025-08-31,2025,2025-08,Fitness,Apex Value,Product-022,1,1,59.39,10.46,0.1761,59.39
2025-10-23,2025,2025-10,Beauty,Apex Essentials,Product-080,1,1,33.55,5.38,0.1605,33.55
2025-08-24,2025,2025-08,Beauty,Apex Value,Product-066,1,1,8.0,1.38,0.1731,8.0
2025-08-05,2025,2025-08,Kids,Apex Essentials,Product-026,1,1,17.01,2.83,0.1665,17.01
2025-09-12,2025,2025-09,Home,Apex Essentials,Product-042,1,1,28.1,4.8,0.1709,28.1
2025-09-17,2025,2025-09,Home,Apex Outdoor,Product-069,1,1,44.45,7.16,0.1611,44.45
2025-08-17,2025,2025-08,Electronics,Apex Value,Product-037,1,1,59.56,8.12,0.1364,59.56
2025-12-14,2025,2025-12,Kids,Apex Prime,Product-059,1,2,47.88,7.3,0.1524,47.88
2025-11-26,2025,2025-11,Kitchen,Apex Essentials,Product-008,1,1,33.98,4.48,0.1319,33.98
2025-10-22,2025,2025-10,Fitness,Apex Value,Product-064,1,3,150.58,23.73,0.1576,150.58
2025-08-27,2025,2025-08,Fitness,Apex Essentials,Product-013,1,1,63.31,10.55,0.1667,63.31
2025-07-17,2025,2025-07,Beauty,Apex Value,Product-053,1,1,23.71,3.75,0.1581,23.71
2025-09-30,2025,2025-09,Kids,Apex Prime,Product-037,1,2,16.0,1.97,0.1232,16.0
2025-07-03,2025,2025-07,Fitness,Apex Outdoor,Product-077,1,3,157.15,24.0,0.1527,157.15
2025-11-09,2025,2025-11,Electronics,Apex Value,Product-038,1,1,55.3,6.12,0.1106,55.3
2025-12-07,2025,2025-12,Kids,Apex Outdoor,Product-068,1,1,21.84,2.98,0.1364,21.84
2025-10-10,2025,2025-10,Home,Apex Value,Product-038,1,1,28.82,4.81,0.1668,28.82
2025-10-29,2025,2025-10,Beauty,Apex Prime,Product-005,1,1,31.99,5.54,0.1732,31.99
2025-12-27,2025,2025-12,Kids,Apex Outdoor,Product-033,1,2,57.1,8.07,0.1414,57.1
2025-11-14,2025,2025-11,Kitchen,Apex Value,Product-035,1,1,42.78,5.54,0.1295,42.78
2025-12-14,2025,2025-12,Home,Apex Essentials,Product-014,1,3,129.51,22.41,0.173,129.51
2025-08-26,2025,2025-08,Fitness,Apex Essentials,Product-053,1,1,40.15,5.73,0.1426,40.15
2025-11-30,2025,2025-11,Electronics,Apex Essentials,Product-014,1,1,70.15,9.92,0.1414,70.15
2025-11-26,2025,2025-11,Beauty,Apex Outdoor,Product-077,1,1,9.78,1.21,0.1238,9.78
2025-11-17,2025,2025-11,Electronics,Apex Outdoor,Product-062,1,1,62.57,8.69,0.1389,62.57
2025-10-13,2025,2025-10,Home,Apex Essentials,Product-080,1,1,37.42,5.0,0.1335,37.42
2025-07-15,2025,2025-07,Electronics,Apex Essentials,Product-050,1,1,41.86,6.5,0.1552,41.86
2025-12-02,2025,2025-12,Fitness,Apex Prime,Product-018,1,2,107.92,15.98,0.1481,107.92
2025-10-04,2025,2025-10,Kids,Apex Value,Product-069,1,1,8.0,1.04,0.1301,8.0
2025-11-09,2025,2025-11,Kitchen,Apex Prime,Product-046,1,1,15.88,2.52,0.159,15.88
2025-07-21,2025,2025-07,Kids,Apex Prime,Product-043,1,2,50.86,6.22,0.1223,50.86
2025-12-20,2025,2025-12,Kitchen,Apex Prime,Product-010,1,1,25.61,2.58,0.1006,25.61
2025-10-06,2025,2025-10,Kitchen,Apex Value,Product-061,1,2,75.61,8.42,0.1114,75.61
2025-12-07,2025,2025-12,Beauty,Apex Value,Product-041,1,2,74.87,9.44,0.1261,74.87
2025-10-26,2025,2025-10,Electronics,Apex Value,Product-057,1,1,64.0,7.62,0.119,64.0
2025-11-01,2025,2025-11,Fitness,Apex Essentials,Product-037,1,1,56.43,9.94,0.1762,56.43
2025-08-30,2025,2025-08,Electronics,Apex Prime,Product-013,1,1,79.02,13.16,0.1666,79.02
2025-09-26,2025,2025-09,Kids,Apex Value,Product-013,1,1,18.46,2.88,0.1562,18.46
2025-09-03,2025,2025-09,Kids,Apex Value,Product-072,1,1,22.21,2.67,0.12,22.21
2025-11-23,2025,2025-11,Kitchen,Apex Value,Product-044,1,1,25.25,4.29,0.1698,25.25
2025-12-03,2025,2025-12,Fitness,Apex Essentials,Product-067,1,1,36.12,5.7,0.1578,36.12
2025-08-13,2025,2025-08,Kitchen,Apex Outdoor,Product-053,1,1,28.34,4.07,0.1436,28.34
2025-12-27,2025,2025-12,Home,Apex Prime,Product-005,1,2,67.13,8.1,0.1207,67.13
2025-12-31,2025,2025-12,Kitchen,Apex Value,Product-007,1,1,26.12,4.38,0.1677,26.12
2025-10-15,2025,2025-10,Home,Apex Outdoor,Product-052,1,2,56.25,6.9,0.1227,56.25
2025-12-28,2025,2025-12,Fitness,Apex Prime,Product-005,1,1,42.46,4.96,0.1169,42.46
2025-07-01,2025,2025-07,Home,Apex Prime,Product-057,1,1,16.45,2.16,0.1312,16.45
2025-09-11,2025,2025-09,Kids,Apex Value,Product-018,1,1,14.24,1.7,0.1191,14.24
2025-11-18,2025,2025-11,Kids,Apex Value,Product-056,1,1,8.0,1.39,0.1742,8.0
2025-12-07,2025,2025-12,Home,Apex Value,Product-013,1,2,47.94,6.82,0.1423,47.94
2025-12-07,2025,2025-12,Beauty,Apex Value,Product-013,1,1,8.0,1.0,0.1248,8.0
2025-09-29,2025,2025-09,Home,Apex Outdoor,Product-029,1,1,48.33,8.57,0.1774,48.33
2025-09-08,2025,2025-09,Fitness,Apex Value,Product-080,1,1,29.55,4.14,0.14,29.55
2025-07-03,2025,2025-07,Fitness,Apex Prime,Product-067,1,1,44.84,7.26,0.1619,44.84
2025-12-10,2025,2025-12,Electronics,Apex Outdoor,Product-080,1,1,76.3,12.34,0.1617,76.3
2025-08-14,2025,2025-08,Home,Apex Prime,Product-018,1,1,29.82,4.4,0.1476,29.82
2025-09-27,2025,2025-09,Beauty,Apex Prime,Product-072,1,1,8.0,0.99,0.1232,8.0
2025-08-19,2025,2025-08,Kids,Apex Outdoor,Product-068,1,3,51.06,5.34,0.1046,51.06
2025-08-11,2025,2025-08,Fitness,Apex Outdoor,Product-023,1,2,88.69,15.65,0.1765,88.69
2025-07-12,2025,2025-07,Beauty,Apex Prime,Product-045,1,1,38.03,6.7,0.1763,38.03
2025-11-21,2025,2025-11,Electronics,Apex Prime,Product-053,1,1,45.75,5.61,0.1226,45.75
2025-08-15,2025,2025-08,Kitchen,Apex Essentials,Product-038,1,1,8.0,0.89,0.1112,8.0
2025-10-25,2025,2025-10,Fitness,Apex Outdoor,Product-003,1,1,60.13,9.83,0.1634,60.13
2025-10-23,2025,2025-10,Beauty,Apex Outdoor,Product-033,1,1,21.8,3.36,0.154,21.8
2025-08-04,2025,2025-08,Home,Apex Value,Product-005,1,3,62.43,9.77,0.1565,62.43
2025-11-09,2025,2025-11,Electronics,Apex Outdoor,Product-073,1,1,54.11,7.12,0.1316,54.11
2025-07-30,2025,2025-07,Electronics,Apex Value,Product-031,1,1,60.5,8.29,0.1371,60.5
2025-12-10,2025,2025-12,Beauty,Apex Essentials,Product-028,1,1,20.83,2.59,0.1242,20.83
2025-08-08,2025,2025-08,Electronics,Apex Essentials,Product-078,1,2,135.48,19.75,0.1458,135.48
2025-11-15,2025,2025-11,Beauty,Apex Essentials,Product-011,1,1,19.44,3.35,0.1722,19.44
2025-07-22,2025,2025-07,Kitchen,Apex Essentials,Product-002,1,1,36.94,5.44,0.1474,36.94
2025-08-22,2025,2025-08,Home,Apex Essentials,Product-027,1,1,24.49,3.83,0.1564,24.49
2025-11-10,2025,2025-11,Fitness,Apex Value,Product-042,1,1,50.96,7.65,0.1501,50.96
2025-10-06,2025,2025-10,Kitchen,Apex Prime,Product-002,1,1,42.02,4.37,0.1041,42.02
2025-11-27,2025,2025-11,Kids,Apex Prime,Product-070,1,1,44.41,6.01,0.1354,44.41
2025-09-19,2025,2025-09,Kids,Apex Essentials,Product-007,1,1,9.54,1.51,0.1579,9.54
2025-12-14,2025,2025-12,Home,Apex Prime,Product-039,1,1,36.5,4.08,0.1119,36.5
2025-09-21,2025,2025-09,Kids,Apex Outdoor,Product-007,1,2,47.35,6.12,0.1293,47.35
2025-12-19,2025,2025-12,Electronics,Apex Prime,Product-033,1,1,70.98,12.02,0.1693,70.98
2025-10-03,2025,2025-10,Home,Apex Prime,Product-048,1,2,70.67,10.97,0.1552,70.67
2025-07-13,2025,2025-07,Kids,Apex Prime,Product-023,1,1,8.0,1.24,0.1549,8.0
2025-09-02,2025,2025-09,Beauty,Apex Essentials,Product-029,1,2,31.44,5.23,0.1665,31.44
2025-08-16,2025,2025-08,Fitness,Apex Prime,Product-047,1,1,42.28,5.81,0.1375,42.28
2025-07-22,2025,2025-07,Fitness,Apex Prime,Product-028,1,2,111.1,14.72,0.1325,111.1
2025-08-05,2025,2025-08,Home,Apex Value,Product-019,1,1,32.75,3.67,0.1121,32.75
2025-10-17,2025,2025-10,Kitchen,Apex Prime,Product-068,1,1,8.0,1.03,0.1287,8.0
2025-07-12,2025,2025-07,Electronics,Apex Value,Product-004,1,2,133.43,23.78,0.1782,133.43
2025-10-25,2025,2025-10,Electronics,Apex Outdoor,Product-042,1,1,50.03,6.61,0.1322,50.03
2025-09-30,2025,2025-09,Beauty,Apex Essentials,Product-024,1,1,21.89,3.27,0.1495,21.89
2025-10-23,2025,2025-10,Fitness,Apex Value,Product-056,1,1,43.12,5.27,0.1223,43.12
2025-07-16,2025,2025-07,Beauty,Apex Essentials,Product-074,1,1,11.45,1.96,0.1708,11.45
2025-09-03,2025,2025-09,Beauty,Apex Outdoor,Product-007,1,1,14.48,1.68,0.1161,14.48
2025-11-11,2025,2025-11,Beauty,Apex Prime,Product-056,1,2,86.29,11.51,0.1334,86.29
2025-07-28,2025,2025-07,Kids,Apex Value,Product-078,1,1,26.26,3.78,0.1438,26.26
2025-09-09,2025,2025-09,Home,Apex Essentials,Product-016,1,1,28.54,3.94,0.1382,28.54
2025-10-01,2025,2025-10,Beauty,Apex Outdoor,Product-041,1,2,59.17,6.61,0.1117,59.17
2025-09-03,2025,2025-09,Electronics,Apex Outdoor,Product-053,1,1,60.97,8.03,0.1317,60.97
2025-09-25,2025,2025-09,Home,Apex Essentials,Product-033,1,1,47.54,5.41,0.1137,47.54
2025-08-26,2025,2025-08,Kitchen,Apex Outdoor,Product-075,1,1,31.57,4.37,0.1383,31.57
2025-11-13,2025,2025-11,Beauty,Apex Prime,Product-027,1,2,32.47,4.96,0.1529,32.47
2025-12-08,2025,2025-12,Kids,Apex Essentials,Product-018,1,1,24.69,3.22,0.1305,24.69
2025-10-02,2025,2025-10,Kids,Apex Outdoor,Product-064,1,2,23.09,3.87,0.1678,23.09
2025-10-21,2025,2025-10,Electronics,Apex Value,Product-077,1,1,72.01,8.4,0.1167,72.01
2025-07-16,2025,2025-07,Kids,Apex Essentials,Product-037,1,1,28.9,4.85,0.1678,28.9
2025-10-03,2025,2025-10,Electronics,Apex Value,Product-027,1,1,53.3,6.28,0.1179,53.3
2025-08-18,2025,2025-08,Kids,Apex Value,Product-005,1,1,15.92,2.68,0.1686,15.92
2025-10-28,2025,2025-10,Fitness,Apex Essentials,Product-070,1,1,28.62,3.27,0.1144,28.62
2025-09-10,2025,2025-09,Home,Apex Essentials,Product-037,1,1,31.61,5.35,0.1692,31.61
2025-09-20,2025,2025-09,Kitchen,Apex Essentials,Product-080,1,2,75.59,13.61,0.18,75.59
2025-11-03,2025,2025-11,Kids,Apex Prime,Product-074,1,1,27.32,4.54,0.1663,27.32
2025-08-20,2025,2025-08,Electronics,Apex Prime,Product-038,1,1,67.54,7.67,0.1135,67.54
2025-10-23,2025,2025-10,Kids,Apex Essentials,Product-047,1,2,16.0,1.66,0.1035,16.0
2025-10-14,2025,2025-10,Kitchen,Apex Essentials,Product-016,1,1,29.91,3.49,0.1168,29.91
2025-08-29,2025,2025-08,Electronics,Apex Outdoor,Product-061,1,1,80.67,11.75,0.1456,80.67
2025-09-28,2025,2025-09,Electronics,Apex Essentials,Product-001,1,2,172.07,28.12,0.1634,172.07
2025-10-07,2025,2025-10,Kids,Apex Value,Product-042,1,2,22.4,3.12,0.1393,22.4
2025-12-07,2025,2025-12,Home,Apex Outdoor,Product-059,1,1,20.64,3.33,0.1612,20.64
2025-10-29,2025,2025-10,Beauty,Apex Essentials,Product-078,1,1,11.5,1.48,0.1283,11.5
2025-11-10,2025,2025-11,Beauty,Apex Value,Product-021,1,1,24.78,2.69,0.1084,24.78
2025-10-07,2025,2025-10,Kitchen,Apex Outdoor,Product-032,1,1,34.25,4.24,0.1239,34.25
2025-12-16,2025,2025-12,Home,Apex Value,Product-009,1,2,46.33,7.53,0.1625,46.33
2025-08-21,2025,2025-08,Home,Apex Outdoor,Product-068,1,1,25.41,2.74,0.108,25.41
2025-10-09,2025,2025-10,Kitchen,Apex Prime,Product-056,1,1,12.54,2.04,0.1625,12.54
2025-12-25,2025,2025-12,Beauty,Apex Prime,Product-005,1,1,20.72,2.39,0.1152,20.72
2025-07-23,2025,2025-07,Kids,Apex Outdoor,Product-013,1,1,16.48,2.61,0.1585,16.48
2025-09-20,2025,2025-09,Electronics,Apex Essentials,Product-023,1,1,45.62,5.61,0.1229,45.62
2025-11-27,2025,2025-11,Fitness,Apex Essentials,Product-073,1,2,103.36,13.27,0.1284,103.36
2025-10-23,2025,2025-10,Fitness,Apex Prime,Product-022,1,1,55.01,6.0,0.109,55.01
2025-11-25,2025,2025-11,Fitness,Apex Outdoor,Product-014,1,1,52.08,9.35,0.1796,52.08
2025-11-11,2025,2025-11,Kitchen,Apex Essentials,Product-015,1,1,21.89,2.42,0.1104,21.89
2025-08-17,2025,2025-08,Fitness,Apex Outdoor,Product-029,1,1,52.71,7.96,0.151,52.71
2025-08-05,2025,2025-08,Electronics,Apex Outdoor,Product-055,1,2,124.97,19.27,0.1542,124.97
2025-08-10,2025,2025-08,Home,Apex Value,Product-041,1,1,40.92,4.62,0.113,40.92
2025-11-30,2025,2025-11,Home,Apex Value,Product-021,1,1,29.33,4.17,0.1421,29.33
2025-08-31,2025,2025-08,Kids,Apex Value,Product-040,1,2,44.36,7.65,0.1724,44.36
2025-11-27,2025,2025-11,Beauty,Apex Outdoor,Product-057,1,1,15.82,2.02,0.1277,15.82
2025-09-20,2025,2025-09,Beauty,Apex Prime,Product-012,1,2,57.43,9.29,0.1618,57.43
2025-07-13,2025,2025-07,Kids,Apex Value,Product-078,1,1,28.18,4.96,0.1759,28.18
2025-12-22,2025,2025-12,Home,Apex Outdoor,Product-056,1,3,79.21,13.16,0.1661,79.21
2025-11-18,2025,2025-11,Fitness,Apex Essentials,Product-032,1,1,41.51,6.75,0.1625,41.51
2025-08-30,2025,2025-08,Kids,Apex Essentials,Product-055,1,1,8.0,1.36,0.1702,8.0
2025-07-31,2025,2025-07,Electronics,Apex Prime,Product-042,1,3,230.69,25.56,0.1108,230.69
2025-10-22,2025,2025-10,Home,Apex Prime,Product-007,1,1,32.95,4.98,0.1511,32.95
2025-11-04,2025,2025-11,Kids,Apex Value,Product-078,1,1,22.94,2.45,0.107,22.94
2025-11-23,2025,2025-11,Home,Apex Outdoor,Product-060,1,1,33.35,5.83,0.1747,33.35
2025-10-05,2025,2025-10,Kitchen,Apex Value,Product-024,1,2,74.47,10.87,0.146,74.47
2025-12-11,2025,2025-12,Kitchen,Apex Essentials,Product-052,1,1,16.87,2.93,0.1735,16.87
2025-11-14,2025,2025-11,Kids,Apex Outdoor,Product-012,1,1,11.56,1.67,0.1447,11.56
2025-10-16,2025,2025-10,Electronics,Apex Outdoor,Product-008,1,2,110.1,18.28,0.166,110.1
2025-11-01,2025,2025-11,Electronics,Apex Essentials,Product-076,1,2,176.21,24.97,0.1417,176.21
2025-08-14,2025,2025-08,Fitness,Apex Value,Product-075,1,1,28.24,3.35,0.1185,28.24
2025-08-24,2025,2025-08,Beauty,Apex Prime,Product-019,1,2,52.51,8.29,0.1579,52.51
2025-07-18,2025,2025-07,Electronics,Apex Prime,Product-078,1,1,44.32,7.37,0.1663,44.32
2025-10-18,2025,2025-10,Home,Apex Outdoor,Product-006,1,3,71.46,11.94,0.1671,71.46
2025-10-13,2025,2025-10,Electronics,Apex Value,Product-050,1,1,59.2,10.38,0.1754,59.2
2025-11-01,2025,2025-11,Beauty,Apex Prime,Product-044,1,1,14.97,2.37,0.1581,14.97
2025-10-10,2025,2025-10,Electronics,Apex Value,Product-022,1,1,70.01,8.92,0.1274,70.01
2025-10-14,2025,2025-10,Kitchen,Apex Essentials,Product-005,1,1,20.79,3.11,0.1496,20.79
2025-07-12,2025,2025-07,Fitness,Apex Prime,Product-024,1,2,77.23,11.23,0.1454,77.23
2025-11-04,2025,2025-11,Home,Apex Essentials,Product-060,1,1,53.02,7.09,0.1338,53.02
2025-11-30,2025,2025-11,Beauty,Apex Essentials,Product-040,1,1,16.72,2.88,0.172,16.72
2025-10-13,2025,2025-10,Electronics,Apex Essentials,Product-063,1,1,65.28,7.07,0.1083,65.28
2025-10-20,2025,2025-10,Home,Apex Prime,Product-028,1,1,47.45,5.64,0.1188,47.45
2025-10-21,2025,2025-10,Home,Apex Prime,Product-057,1,2,79.21,10.07,0.1271,79.21
2025-09-19,2025,2025-09,Home,Apex Prime,Product-019,1,1,36.84,4.97,0.1348,36.84
2025-07-18,2025,2025-07,Beauty,Apex Outdoor,Product-006,1,1,23.65,3.31,0.1401,23.65
2025-09-14,2025,2025-09,Kids,Apex Essentials,Product-042,1,1,19.92,3.35,0.168,19.92
2025-11-01,2025,2025-11,Home,Apex Value,Product-047,1,1,34.5,3.5,0.1015,34.5
2025-08-29,2025,2025-08,Beauty,Apex Essentials,Product-068,1,1,20.45,3.19,0.1561,20.45
2025-08-26,2025,2025-08,Beauty,Apex Prime,Product-030,1,1,24.22,3.66,0.1511,24.22
2025-09-09,2025,2025-09,Home,Apex Prime,Product-022,1,1,30.63,4.49,0.1467,30.63
2025-10-19,2025,2025-10,Electronics,Apex Value,Product-006,1,1,54.92,7.02,0.1278,54.92
2025-09-01,2025,2025-09,Kitchen,Apex Outdoor,Product-031,1,1,34.74,5.35,0.1539,34.74
2025-10-07,2025,2025-10,Kids,Apex Prime,Product-037,1,1,28.18,3.87,0.1373,28.18
2025-09-17,2025,2025-09,Kitchen,Apex Outdoor,Product-060,1,1,28.48,2.9,0.102,28.48
2025-12-30,2025,2025-12,Electronics,Apex Prime,Product-034,1,1,58.44,9.95,0.1702,58.44
2025-08-02,2025,2025-08,Electronics,Apex Outdoor,Product-049,1,1,65.51,10.99,0.1677,65.51
2025-08-07,2025,2025-08,Home,Apex Prime,Product-028,1,1,29.25,4.52,0.1545,29.25
2025-10-12,2025,2025-10,Kitchen,Apex Prime,Product-044,1,2,58.59,6.94,0.1185,58.59
2025-10-22,2025,2025-10,Electronics,Apex Essentials,Product-016,1,3,178.03,23.45,0.1317,178.03
2025-08-29,2025,2025-08,Home,Apex Outdoor,Product-057,1,1,40.38,6.21,0.1538,40.38
2025-08-02,2025,2025-08,Kids,Apex Outdoor,Product-011,1,1,8.0,1.22,0.1527,8.0
2025-08-18,2025,2025-08,Beauty,Apex Value,Product-071,1,1,27.38,4.12,0.1503,27.38
2025-11-03,2025,2025-11,Fitness,Apex Value,Product-017,1,1,37.15,6.66,0.1794,37.15
2025-08-30,2025,2025-08,Beauty,Apex Essentials,Product-013,1,2,54.57,5.72,0.1049,54.57
2025-12-04,2025,2025-12,Kids,Apex Prime,Product-058,1,1,40.77,6.44,0.1579,40.77
2025-10-02,2025,2025-10,Electronics,Apex Value,Product-023,1,1,42.14,6.53,0.155,42.14
2025-12-09,2025,2025-12,Kids,Apex Prime,Product-051,1,1,40.4,4.69,0.1161,40.4
2025-07-22,2025,2025-07,Electronics,Apex Prime,Product-042,1,1,54.64,7.47,0.1368,54.64
2025-08-09,2025,2025-08,Kitchen,Apex Value,Product-072,1,1,20.93,2.46,0.1177,20.93
2025-11-29,2025,2025-11,Home,Apex Value,Product-059,1,1,31.39,5.09,0.1621,31.39
2025-12-13,2025,2025-12,Beauty,Apex Essentials,Product-070,1,1,14.09,1.73,0.1228,14.09
2025-11-05,2025,2025-11,Electronics,Apex Outdoor,Product-051,1,1,64.03,6.51,0.1017,64.03
2025-11-25,2025,2025-11,Kitchen,Apex Value,Product-035,1,1,24.68,3.89,0.1576,24.68
2025-11-18,2025,2025-11,Electronics,Apex Outdoor,Product-062,1,1,69.35,9.18,0.1323,69.35
2025-08-12,2025,2025-08,Home,Apex Value,Product-002,1,1,31.62,3.26,0.1031,31.62
2025-11-23,2025,2025-11,Kitchen,Apex Outdoor,Product-016,1,1,34.08,6.02,0.1767,34.08
2025-10-05,2025,2025-10,Fitness,Apex Outdoor,Product-045,1,1,58.64,8.16,0.1392,58.64
2025-09-19,2025,2025-09,Home,Apex Outdoor,Product-035,1,1,58.45,10.26,0.1755,58.45
2025-07-24,2025,2025-07,Electronics,Apex Prime,Product-044,1,1,59.02,8.98,0.1521,59.02
2025-07-18,2025,2025-07,Kitchen,Apex Essentials,Product-013,1,1,8.0,1.24,0.1551,8.0
2025-09-27,2025,2025-09,Beauty,Apex Value,Product-008,1,2,57.37,10.05,0.1751,57.37
2025-09-14,2025,2025-09,Kids,Apex Essentials,Product-017,1,1,12.61,1.51,0.12,12.61
2025-08-20,2025,2025-08,Home,Apex Value,Product-033,1,2,92.4,15.34,0.166,92.4
2025-11-24,2025,2025-11,Fitness,Apex Value,Product-016,1,2,61.48,10.67,0.1736,61.48
2025-10-03,2025,2025-10,Kitchen,Apex Outdoor,Product-047,1,2,37.2,4.03,0.1084,37.2
2025-12-02,2025,2025-12,Home,Apex Prime,Product-001,1,1,28.33,4.57,0.1614,28.33
2025-09-02,2025,2025-09,Electronics,Apex Prime,Product-024,1,1,74.35,12.8,0.1721,74.35
2025-09-07,2025,2025-09,Fitness,Apex Value,Product-076,1,1,37.02,4.82,0.1303,37.02
2025-10-11,2025,2025-10,Electronics,Apex Essentials,Product-014,1,1,64.63,9.68,0.1498,64.63
2025-11-30,2025,2025-11,Home,Apex Prime,Product-023,1,1,33.91,5.23,0.1542,33.91
2025-09-24,2025,2025-09,Electronics,Apex Value,Product-076,1,1,59.3,9.74,0.1643,59.3
2025-08-21,2025,2025-08,Home,Apex Outdoor,Product-031,1,1,49.59,7.56,0.1525,49.59
2025-07-29,2025,2025-07,Kitchen,Apex Outdoor,Product-045,1,1,14.07,1.81,0.1287,14.07
2025-12-20,2025,2025-12,Kids,Apex Prime,Product-060,1,1,8.0,1.42,0.1771,8.0
2025-08-04,2025,2025-08,Beauty,Apex Prime,Product-036,1,1,26.18,4.34,0.1656,26.18
2025-08-31,2025,2025-08,Beauty,Apex Prime,Product-028,1,1,11.23,1.68,0.1499,11.23
2025-10-31,2025,2025-10,Kids,Apex Essentials,Product-038,1,1,28.07,3.16,0.1127,28.07
2025-07-08,2025,2025-07,Kitchen,Apex Outdoor,Product-033,1,3,44.75,7.78,0.1739,44.75
2025-12-03,2025,2025-12,Kids,Apex Value,Product-068,1,1,21.4,2.92,0.1363,21.4
2025-10-01,2025,2025-10,Electronics,Apex Value,Product-057,1,1,56.37,6.05,0.1074,56.37
2025-09-11,2025,2025-09,Kids,Apex Prime,Product-021,1,1,8.0,1.12,0.1397,8.0
2025-10-08,2025,2025-10,Fitness,Apex Value,Product-080,1,1,26.9,3.64,0.1353,26.9
2025-08-25,2025,2025-08,Fitness,Apex Prime,Product-012,1,3,136.58,14.78,0.1082,136.58
2025-10-19,2025,2025-10,Beauty,Apex Essentials,Product-024,1,1,8.0,1.18,0.1476,8.0
2025-09-26,2025,2025-09,Fitness,Apex Outdoor,Product-066,1,1,49.63,6.61,0.1331,49.63
2025-07-10,2025,2025-07,Electronics,Apex Prime,Product-033,1,1,61.41,9.83,0.1601,61.41
2025-07-23,2025,2025-07,Home,Apex Value,Product-073,1,1,18.17,2.31,0.127,18.17
2025-09-02,2025,2025-09,Kitchen,Apex Prime,Product-040,1,1,48.56,6.37,0.1312,48.56
2025-07-12,2025,2025-07,Home,Apex Prime,Product-011,1,1,29.31,3.45,0.1178,29.31
2025-07-27,2025,2025-07,Kids,Apex Prime,Product-071,1,2,26.54,3.05,0.1149,26.54
2025-09-13,2025,2025-09,Kitchen,Apex Prime,Product-020,1,1,33.6,4.75,0.1414,33.6
2025-10-31,2025,2025-10,Electronics,Apex Essentials,Product-030,1,2,125.43,14.79,0.1179,125.43
2025-11-22,2025,2025-11,Kitchen,Apex Essentials,Product-077,1,1,38.29,6.31,0.1649,38.29
2025-11-23,2025,2025-11,Beauty,Apex Prime,Product-011,1,1,19.13,2.71,0.1416,19.13
2025-10-15,2025,2025-10,Kitchen,Apex Prime,Product-029,1,3,76.73,9.65,0.1258,76.73
2025-10-29,2025,2025-10,Home,Apex Essentials,Product-018,1,2,37.67,4.51,0.1197,37.67
2025-07-29,2025,2025-07,Kitchen,Apex Prime,Product-024,1,3,84.01,10.11,0.1203,84.01
2025-11-12,2025,2025-11,Kids,Apex Prime,Product-030,1,2,16.0,2.08,0.1301,16.0
2025-10-22,2025,2025-10,Kitchen,Apex Value,Product-026,1,1,43.01,7.02,0.1632,43.01
2025-11-03,2025,2025-11,Fitness,Apex Value,Product-010,1,1,37.28,6.04,0.1621,37.28
2025-07-16,2025,2025-07,Electronics,Apex Outdoor,Product-051,1,1,63.36,6.43,0.1015,63.36
2025-12-25,2025,2025-12,Kitchen,Apex Essentials,Product-063,1,1,29.82,4.73,0.1586,29.82
2025-08-19,2025,2025-08,Fitness,Apex Outdoor,Product-006,1,1,52.37,5.7,0.1089,52.37
2025-12-02,2025,2025-12,Kitchen,Apex Essentials,Product-038,1,2,64.46,10.67,0.1655,64.46
2025-08-31,2025,2025-08,Kitchen,Apex Outdoor,Product-034,1,1,42.86,6.39,0.149,42.86
2025-11-05,2025,2025-11,Home,Apex Prime,Product-080,1,2,48.63,7.4,0.1522,48.63
2025-11-27,2025,2025-11,Kids,Apex Essentials,Product-002,1,1,20.15,2.87,0.1423,20.15
2025-11-07,2025,2025-11,Kitchen,Apex Value,Product-063,1,1,30.25,3.67,0.1213,30.25
2025-10-12,2025,2025-10,Home,Apex Value,Product-067,1,1,50.2,8.18,0.1629,50.2
2025-11-11,2025,2025-11,Home,Apex Outdoor,Product-002,1,1,35.54,6.02,0.1695,35.54
2025-09-26,2025,2025-09,Electronics,Apex Prime,Product-070,1,3,209.29,35.22,0.1683,209.29
2025-12-29,2025,2025-12,Beauty,Apex Value,Product-080,1,1,22.94,2.3,0.1002,22.94
2025-10-09,2025,2025-10,Fitness,Apex Essentials,Product-014,1,1,43.55,4.78,0.1097,43.55
2025-07-13,2025,2025-07,Electronics,Apex Outdoor,Product-030,1,1,59.59,7.95,0.1334,59.59
2025-10-26,2025,2025-10,Electronics,Apex Outdoor,Product-056,1,2,107.71,14.1,0.1309,107.71
2025-12-05,2025,2025-12,Electronics,Apex Outdoor,Product-062,1,1,65.74,7.52,0.1144,65.74
2025-08-22,2025,2025-08,Beauty,Apex Outdoor,Product-037,1,2,38.99,4.43,0.1135,38.99
2025-07-15,2025,2025-07,Kitchen,Apex Value,Product-051,1,1,33.33,3.34,0.1003,33.33
2025-09-25,2025,2025-09,Kids,Apex Outdoor,Product-046,1,1,16.44,2.61,0.1587,16.44
2025-09-20,2025,2025-09,Electronics,Apex Prime,Product-022,1,2,125.76,12.92,0.1027,125.76
2025-12-12,2025,2025-12,Electronics,Apex Essentials,Product-023,1,1,66.31,10.48,0.158,66.31
2025-07-28,2025,2025-07,Kitchen,Apex Essentials,Product-068,1,1,14.25,1.8,0.1264,14.25
2025-12-08,2025,2025-12,Kitchen,Apex Value,Product-027,1,1,22.11,3.74,0.1691,22.11
2025-11-01,2025,2025-11,Fitness,Apex Essentials,Product-051,1,1,49.73,5.17,0.1039,49.73
2025-07-11,2025,2025-07,Home,Apex Prime,Product-077,1,2,79.36,12.88,0.1623,79.36
2025-12-03,2025,2025-12,Beauty,Apex Outdoor,Product-058,1,1,11.1,1.37,0.1233,11.1
2025-07-24,2025,2025-07,Kids,Apex Essentials,Product-053,1,1,8.0,1.09,0.1359,8.0
2025-08-01,2025,2025-08,Beauty,Apex Outdoor,Product-011,1,1,45.27,5.2,0.1149,45.27
2025-07-11,2025,2025-07,Home,Apex Essentials,Product-068,1,1,46.46,7.2,0.155,46.46
2025-11-17,2025,2025-11,Fitness,Apex Essentials,Product-042,1,1,35.76,5.34,0.1494,35.76
2025-07-07,2025,2025-07,Fitness,Apex Value,Product-030,1,1,53.47,7.63,0.1427,53.47
2025-11-19,2025,2025-11,Kitchen,Apex Prime,Product-006,1,1,26.98,3.43,0.1272,26.98
2025-12-18,2025,2025-12,Fitness,Apex Essentials,Product-022,1,1,27.85,3.16,0.1135,27.85
2025-08-01,2025,2025-08,Fitness,Apex Value,Product-076,1,1,56.08,9.39,0.1675,56.08
2025-08-21,2025,2025-08,Beauty,Apex Value,Product-069,1,1,28.4,4.21,0.1484,28.4
2025-11-26,2025,2025-11,Fitness,Apex Essentials,Product-034,1,1,56.54,7.47,0.1322,56.54
2025-10-09,2025,2025-10,Beauty,Apex Value,Product-053,1,1,8.0,0.98,0.1222,8.0
2025-09-15,2025,2025-09,Electronics,Apex Essentials,Product-076,1,1,64.0,6.77,0.1058,64.0
2025-08-26,2025,2025-08,Beauty,Apex Prime,Product-053,1,1,8.0,0.84,0.1044,8.0
2025-08-26,2025,2025-08,Fitness,Apex Prime,Product-022,1,1,43.07,5.22,0.1213,43.07
2025-07-01,2025,2025-07,Fitness,Apex Outdoor,Product-069,1,1,42.03,5.68,0.1352,42.03
2025-10-07,2025,2025-10,Kitchen,Apex Prime,Product-018,1,1,21.67,3.8,0.1755,21.67
2025-11-14,2025,2025-11,Beauty,Apex Essentials,Product-064,1,1,25.49,3.33,0.1305,25.49
2025-09-29,2025,2025-09,Electronics,Apex Prime,Product-051,1,1,70.55,12.65,0.1793,70.55
2025-12-19,2025,2025-12,Fitness,Apex Outdoor,Product-075,1,3,128.9,16.01,0.1242,128.9
2025-09-26,2025,2025-09,Electronics,Apex Essentials,Product-038,1,1,43.97,7.83,0.178,43.97
2025-12-25,2025,2025-12,Fitness,Apex Value,Product-035,1,1,44.22,5.6,0.1266,44.22
2025-12-07,2025,2025-12,Kitchen,Apex Prime,Product-008,1,1,29.5,4.23,0.1433,29.5
2025-08-17,2025,2025-08,Fitness,Apex Value,Product-066,1,1,39.94,5.35,0.134,39.94
2025-09-12,2025,2025-09,Home,Apex Value,Product-079,1,1,51.3,8.62,0.168,51.3
2025-07-10,2025,2025-07,Electronics,Apex Value,Product-008,1,2,128.44,22.01,0.1714,128.44
2025-09-26,2025,2025-09,Fitness,Apex Prime,Product-065,1,2,93.11,10.97,0.1178,93.11
2025-08-23,2025,2025-08,Beauty,Apex Essentials,Product-066,1,2,34.42,4.85,0.1408,34.42
2025-08-01,2025,2025-08,Home,Apex Essentials,Product-078,1,1,40.77,4.65,0.114,40.77
2025-07-08,2025,2025-07,Fitness,Apex Value,Product-016,1,1,53.79,7.94,0.1477,53.79
2025-10-09,2025,2025-10,Kids,Apex Prime,Product-050,1,1,31.16,4.25,0.1363,31.16
2025-08-13,2025,2025-08,Beauty,Apex Value,Product-028,1,1,9.28,1.5,0.1619,9.28
2025-07-19,2025,2025-07,Home,Apex Outdoor,Product-009,1,1,32.33,5.38,0.1665,32.33
2025-08-13,2025,2025-08,Kids,Apex Value,Product-022,1,1,23.76,2.75,0.1157,23.76
2025-12-14,2025,2025-12,Fitness,Apex Outdoor,Product-023,1,3,124.87,21.74,0.1741,124.87
2025-08-28,2025,2025-08,Home,Apex Value,Product-065,1,1,47.88,4.96,0.1035,47.88
2025-10-30,2025,2025-10,Kids,Apex Essentials,Product-080,1,1,26.67,3.11,0.1165,26.67
2025-10-28,2025,2025-10,Kids,Apex Essentials,Product-068,1,1,25.75,2.81,0.109,25.75
2025-07-02,2025,2025-07,Electronics,Apex Value,Product-038,1,1,45.25,7.65,0.169,45.25
2025-11-04,2025,2025-11,Home,Apex Prime,Product-017,1,1,34.07,5.39,0.1581,34.07
2025-08-15,2025,2025-08,Kids,Apex Outdoor,Product-003,1,1,11.74,2.0,0.1705,11.74
2025-07-22,2025,2025-07,Kitchen,Apex Essentials,Product-076,1,1,31.72,3.26,0.1028,31.72
2025-07-11,2025,2025-07,Home,Apex Outdoor,Product-060,1,1,55.74,7.9,0.1418,55.74
2025-11-14,2025,2025-11,Home,Apex Essentials,Product-026,1,1,37.2,5.29,0.1421,37.2
2025-08-21,2025,2025-08,Electronics,Apex Value,Product-040,1,2,132.66,23.79,0.1793,132.66
2025-10-23,2025,2025-10,Kitchen,Apex Essentials,Product-029,1,1,28.14,4.27,0.1518,28.14
2025-08-31,2025,2025-08,Kitchen,Apex Outdoor,Product-044,1,3,91.56,16.38,0.1789,91.56
2025-08-30,2025,2025-08,Electronics,Apex Outdoor,Product-017,1,1,56.24,6.78,0.1206,56.24
2025-09-02,2025,2025-09,Electronics,Apex Outdoor,Product-054,1,1,74.31,12.83,0.1727,74.31
2025-08-22,2025,2025-08,Fitness,Apex Essentials,Product-070,1,1,47.06,5.03,0.1068,47.06
2025-09-18,2025,2025-09,Electronics,Apex Outdoor,Product-057,1,1,52.17,8.01,0.1535,52.17
2025-12-11,2025,2025-12,Electronics,Apex Outdoor,Product-019,1,1,59.81,7.26,0.1214,59.81
2025-07-27,2025,2025-07,Electronics,Apex Value,Product-036,1,1,55.12,9.39,0.1703,55.12
2025-07-25,2025,2025-07,Electronics,Apex Outdoor,Product-034,1,1,65.83,9.82,0.1492,65.83
2025-11-05,2025,2025-11,Fitness,Apex Value,Product-037,1,1,64.92,7.92,0.122,64.92
2025-07-01,2025,2025-07,Electronics,Apex Outdoor,Product-035,1,1,53.23,7.71,0.1448,53.23
2025-08-22,2025,2025-08,Home,Apex Value,Product-051,1,1,29.24,3.86,0.1319,29.24
2025-11-23,2025,2025-11,Kitchen,Apex Prime,Product-044,1,1,25.47,3.71,0.1455,25.47
2025-12-03,2025,2025-12,Electronics,Apex Prime,Product-069,1,1,60.52,7.49,0.1238,60.52
2025-09-22,2025,2025-09,Fitness,Apex Prime,Product-045,1,1,63.41,7.51,0.1184,63.41
2025-11-12,2025,2025-11,Fitness,Apex Outdoor,Product-022,1,1,60.3,7.12,0.118,60.3
2025-10-02,2025,2025-10,Beauty,Apex Prime,Product-005,1,1,24.36,4.18,0.1714,24.36
2025-10-01,2025,2025-10,Kitchen,Apex Outdoor,Product-058,1,2,58.43,8.81,0.1507,58.43
2025-09-01,2025,2025-09,Kitchen,Apex Value,Product-017,1,1,33.92,3.87,0.1141,33.92
2025-09-16,2025,2025-09,Kids,Apex Outdoor,Product-057,1,1,12.07,1.51,0.125,12.07
2025-07-24,2025,2025-07,Electronics,Apex Value,Product-058,1,1,65.27,11.04,0.1691,65.27
2025-11-01,2025,2025-11,Electronics,Apex Outdoor,Product-045,1,1,66.21,9.48,0.1432,66.21
2025-07-11,2025,2025-07,Kitchen,Apex Prime,Product-017,1,1,9.72,1.46,0.1504,9.72
2025-07-15,2025,2025-07,Electronics,Apex Essentials,Product-040,1,1,68.13,12.07,0.1771,68.13
2025-07-01,2025,2025-07,Kitchen,Apex Prime,Product-047,1,2,60.65,6.57,0.1084,60.65
2025-11-15,2025,2025-11,Electronics,Apex Outdoor,Product-030,1,2,143.65,16.63,0.1158,143.65
2025-11-20,2025,2025-11,Beauty,Apex Prime,Product-037,1,1,23.27,3.97,0.1708,23.27
2025-11-23,2025,2025-11,Electronics,Apex Outdoor,Product-077,1,1,60.87,7.41,0.1217,60.87
2025-12-13,2025,2025-12,Fitness,Apex Outdoor,Product-016,1,2,88.91,14.95,0.1682,88.91
2025-07-23,2025,2025-07,Kids,Apex Value,Product-004,1,2,16.0,2.52,0.1572,16.0
2025-10-15,2025,2025-10,Beauty,Apex Value,Product-051,1,1,29.13,4.7,0.1613,29.13
2025-07-11,2025,2025-07,Fitness,Apex Essentials,Product-043,1,1,43.67,6.27,0.1435,43.67
2025-08-20,2025,2025-08,Beauty,Apex Prime,Product-047,1,1,8.0,1.21,0.1507,8.0
2025-12-11,2025,2025-12,Fitness,Apex Essentials,Product-038,1,1,59.05,7.85,0.1329,59.05
2025-07-18,2025,2025-07,Kitchen,Apex Outdoor,Product-046,1,1,22.75,2.38,0.1046,22.75
2025-11-11,2025,2025-11,Kitchen,Apex Essentials,Product-013,1,1,11.06,1.43,0.1289,11.06
2025-07-18,2025,2025-07,Beauty,Apex Prime,Product-068,1,1,27.49,3.38,0.1229,27.49
2025-11-23,2025,2025-11,Kitchen,Apex Value,Product-080,1,2,52.93,7.28,0.1375,52.93
2025-07-16,2025,2025-07,Home,Apex Outdoor,Product-080,1,1,48.89,6.38,0.1305,48.89
2025-10-18,2025,2025-10,Beauty,Apex Prime,Product-063,1,1,21.23,2.6,0.1226,21.23
2025-08-24,2025,2025-08,Kitchen,Apex Value,Product-019,1,1,11.63,1.2,0.1028,11.63
2025-11-07,2025,2025-11,Fitness,Apex Essentials,Product-079,1,1,46.84,5.52,0.1179,46.84
2025-07-25,2025,2025-07,Home,Apex Value,Product-044,1,3,109.22,15.72,0.1439,109.22
2025-12-23,2025,2025-12,Fitness,Apex Outdoor,Product-059,1,3,117.75,12.03,0.1022,117.75
2025-10-24,2025,2025-10,Kids,Apex Prime,Product-035,1,1,8.0,0.88,0.1095,8.0
2025-11-12,2025,2025-11,Home,Apex Value,Product-057,1,2,75.03,11.16,0.1487,75.03
2025-10-07,2025,2025-10,Beauty,Apex Essentials,Product-046,1,1,43.29,4.9,0.1132,43.29
2025-07-29,2025,2025-07,Kids,Apex Essentials,Product-023,1,1,9.67,1.01,0.1041,9.67
2025-09-19,2025,2025-09,Kids,Apex Essentials,Product-056,1,1,23.81,3.84,0.1614,23.81
2025-12-10,2025,2025-12,Kitchen,Apex Value,Product-046,1,2,76.7,13.55,0.1767,76.7
2025-08-27,2025,2025-08,Kids,Apex Prime,Product-015,1,1,18.58,2.63,0.1414,18.58
2025-10-27,2025,2025-10,Kitchen,Apex Outdoor,Product-043,1,1,37.57,5.72,0.1523,37.57
2025-11-09,2025,2025-11,Fitness,Apex Outdoor,Product-056,1,3,118.74,12.44,0.1048,118.74
2025-07-23,2025,2025-07,Beauty,Apex Prime,Product-048,1,2,16.0,1.68,0.1049,16.0
2025-10-20,2025,2025-10,Kitchen,Apex Prime,Product-007,1,1,31.66,3.31,0.1047,31.66
2025-11-03,2025,2025-11,Kitchen,Apex Outdoor,Product-059,1,2,18.91,1.92,0.1014,18.91
2025-10-17,2025,2025-10,Kitchen,Apex Outdoor,Product-036,1,1,23.79,2.95,0.1239,23.79
2025-09-30,2025,2025-09,Kids,Apex Prime,Product-024,1,1,8.0,0.85,0.1067,8.0
2025-09-25,2025,2025-09,Fitness,Apex Essentials,Product-072,1,1,46.18,5.48,0.1186,46.18
2025-10-08,2025,2025-10,Home,Apex Prime,Product-031,1,1,43.89,4.64,0.1058,43.89
2025-10-25,2025,2025-10,Kids,Apex Essentials,Product-066,1,2,29.01,3.56,0.1227,29.01
2025-11-10,2025,2025-11,Kids,Apex Prime,Product-056,1,2,43.6,7.32,0.1678,43.6
2025-09-10,2025,2025-09,Kitchen,Apex Value,Product-057,1,2,78.76,12.6,0.16,78.76
2025-08-12,2025,2025-08,Fitness,Apex Outdoor,Product-040,1,2,77.61,13.53,0.1743,77.61
2025-09-10,2025,2025-09,Beauty,Apex Essentials,Product-008,1,1,28.08,4.5,0.1602,28.08
2025-12-11,2025,2025-12,Electronics,Apex Value,Product-080,1,1,47.79,5.62,0.1176,47.79
2025-08-19,2025,2025-08,Electronics,Apex Value,Product-052,1,3,206.28,22.38,0.1085,206.28
2025-12-07,2025,2025-12,Kitchen,Apex Essentials,Product-051,1,1,52.93,5.89,0.1113,52.93
2025-11-23,2025,2025-11,Home,Apex Prime,Product-041,1,1,50.42,7.74,0.1536,50.42
2025-09-22,2025,2025-09,Home,Apex Value,Product-022,1,1,33.27,3.5,0.1052,33.27
2025-12-27,2025,2025-12,Kids,Apex Prime,Product-005,1,1,13.46,1.72,0.1278,13.46
2025-12-24,2025,2025-12,Kids,Apex Value,Product-077,1,1,11.82,1.57,0.133,11.82
2025-08-14,2025,2025-08,Kitchen,Apex Value,Product-008,1,2,72.92,8.63,0.1183,72.92
2025-09-25,2025,2025-09,Beauty,Apex Prime,Product-079,1,1,40.35,4.23,0.1048,40.35
2025-11-22,2025,2025-11,Kids,Apex Essentials,Product-055,1,1,29.67,4.72,0.1592,29.67
2025-07-26,2025,2025-07,Kids,Apex Essentials,Product-042,1,1,28.11,3.18,0.1133,28.11
2025-11-29,2025,2025-11,Fitness,Apex Value,Product-079,1,1,27.57,4.49,0.163,27.57
2025-08-13,2025,2025-08,Kitchen,Apex Prime,Product-059,1,2,46.57,7.27,0.1561,46.57
2025-09-09,2025,2025-09,Fitness,Apex Essentials,Product-062,1,2,66.72,8.55,0.1282,66.72
2025-11-12,2025,2025-11,Electronics,Apex Prime,Product-072,1,1,65.39,8.65,0.1323,65.39
2025-08-13,2025,2025-08,Electronics,Apex Prime,Product-075,1,2,134.0,18.49,0.138,134.0
2025-09-18,2025,2025-09,Kitchen,Apex Essentials,Product-032,1,2,44.58,5.79,0.1299,44.58
2025-12-04,2025,2025-12,Kitchen,Apex Essentials,Product-046,1,1,26.27,3.82,0.1456,26.27
2025-07-03,2025,2025-07,Fitness,Apex Outdoor,Product-067,1,1,66.43,11.48,0.1728,66.43
2025-07-17,2025,2025-07,Fitness,Apex Value,Product-024,1,1,61.93,11.01,0.1778,61.93
2025-08-21,2025,2025-08,Fitness,Apex Prime,Product-018,1,2,98.88,12.99,0.1314,98.88
2025-10-20,2025,2025-10,Home,Apex Outdoor,Product-051,1,1,30.25,5.19,0.1715,30.25
2025-09-16,2025,2025-09,Beauty,Apex Prime,Product-013,1,1,29.98,5.37,0.1791,29.98
2025-08-31,2025,2025-08,Home,Apex Prime,Product-058,1,2,42.32,5.3,0.1253,42.32
2025-11-13,2025,2025-11,Beauty,Apex Outdoor,Product-053,1,1,29.43,4.54,0.1544,29.43
2025-12-24,2025,2025-12,Kitchen,Apex Outdoor,Product-016,1,1,36.45,3.87,0.1063,36.45
2025-10-21,2025,2025-10,Fitness,Apex Prime,Product-046,1,1,49.33,7.61,0.1543,49.33
2025-10-02,2025,2025-10,Fitness,Apex Outdoor,Product-052,1,1,36.24,4.26,0.1175,36.24
2025-10-15,2025,2025-10,Electronics,Apex Prime,Product-038,1,1,57.29,9.64,0.1682,57.29
2025-07-24,2025,2025-07,Fitness,Apex Prime,Product-064,1,1,53.8,9.31,0.1731,53.8
2025-08-22,2025,2025-08,Kids,Apex Prime,Product-076,1,1,23.31,2.53,0.1084,23.31
2025-09-28,2025,2025-09,Kitchen,Apex Prime,Product-010,1,1,29.95,3.43,0.1146,29.95
2025-07-17,2025,2025-07,Kitchen,Apex Essentials,Product-040,1,1,38.07,5.12,0.1346,38.07
2025-10-30,2025,2025-10,Kids,Apex Essentials,Product-039,1,1,27.63,3.81,0.138,27.63
2025-07-03,2025,2025-07,Kids,Apex Prime,Product-069,1,1,32.78,3.8,0.1159,32.78
2025-08-08,2025,2025-08,Electronics,Apex Value,Product-063,1,1,65.35,10.48,0.1603,65.35
2025-12-16,2025,2025-12,Fitness,Apex Outdoor,Product-077,1,2,93.07,16.73,0.1798,93.07
2025-11-12,2025,2025-11,Electronics,Apex Prime,Product-057,1,3,150.94,19.4,0.1285,150.94
2025-10-13,2025,2025-10,Kids,Apex Prime,Product-045,1,1,23.72,3.74,0.1578,23.72
2025-10-05,2025,2025-10,Fitness,Apex Prime,Product-076,1,2,90.87,13.88,0.1528,90.87
2025-09-22,2025,2025-09,Kids,Apex Value,Product-030,1,1,28.96,3.98,0.1373,28.96
2025-07-13,2025,2025-07,Beauty,Apex Value,Product-074,1,1,31.16,4.82,0.1548,31.16
2025-09-14,2025,2025-09,Fitness,Apex Essentials,Product-024,1,2,74.63,12.05,0.1614,74.63
2025-09-09,2025,2025-09,Kids,Apex Prime,Product-045,1,1,9.93,1.26,0.1269,9.93
2025-10-12,2025,2025-10,Kitchen,Apex Value,Product-061,1,1,22.1,2.24,0.1013,22.1
2025-12-07,2025,2025-12,Kitchen,Apex Value,Product-064,1,1,36.14,4.89,0.1354,36.14
2025-07-22,2025,2025-07,Kids,Apex Outdoor,Product-035,1,1,18.41,2.13,0.1156,18.41
2025-10-29,2025,2025-10,Kids,Apex Essentials,Product-019,1,1,20.91,2.2,0.105,20.91
2025-09-17,2025,2025-09,Beauty,Apex Outdoor,Product-052,1,1,21.41,2.93,0.1368,21.41
2025-11-01,2025,2025-11,Home,Apex Outdoor,Product-018,1,1,35.22,4.23,0.1201,35.22
2025-10-23,2025,2025-10,Kids,Apex Prime,Product-074,1,1,23.72,2.8,0.118,23.72
2025-12-22,2025,2025-12,Fitness,Apex Value,Product-060,1,1,36.95,6.08,0.1645,36.95
2025-10-02,2025,2025-10,Kids,Apex Prime,Product-080,1,1,16.42,2.06,0.1254,16.42
2025-08-20,2025,2025-08,Beauty,Apex Prime,Product-050,1,1,8.0,1.04,0.1295,8.0
2025-09-03,2025,2025-09,Home,Apex Essentials,Product-013,1,2,38.23,4.75,0.1243,38.23
2025-09-13,2025,2025-09,Kids,Apex Value,Product-019,1,1,15.09,1.89,0.1254,15.09
2025-12-14,2025,2025-12,Kids,Apex Prime,Product-063,1,2,24.93,2.99,0.1201,24.93
2025-12-06,2025,2025-12,Kids,Apex Prime,Product-057,1,2,26.84,4.13,0.1537,26.84
2025-10-15,2025,2025-10,Home,Apex Essentials,Product-007,1,1,16.5,2.75,0.1668,16.5
2025-12-16,2025,2025-12,Kids,Apex Prime,Product-022,1,2,16.0,2.28,0.1423,16.0
2025-10-29,2025,2025-10,Kitchen,Apex Prime,Product-035,1,1,13.01,2.14,0.1644,13.01
2025-12-17,2025,2025-12,Home,Apex Value,Product-030,1,2,74.96,11.45,0.1528,74.96
2025-11-07,2025,2025-11,Home,Apex Outdoor,Product-005,1,1,25.72,2.87,0.1114,25.72
2025-11-14,2025,2025-11,Kitchen,Apex Essentials,Product-059,1,1,31.0,3.52,0.1135,31.0
2025-11-12,2025,2025-11,Kids,Apex Essentials,Product-016,1,2,32.76,4.91,0.1499,32.76
2025-12-09,2025,2025-12,Home,Apex Outdoor,Product-031,1,1,38.12,4.51,0.1184,38.12
2025-11-01,2025,2025-11,Fitness,Apex Prime,Product-025,1,1,49.38,8.36,0.1692,49.38
2025-07-25,2025,2025-07,Kitchen,Apex Value,Product-041,1,2,35.16,3.7,0.1051,35.16
2025-07-11,2025,2025-07,Kids,Apex Essentials,Product-044,1,1,11.26,1.42,0.126,11.26
2025-09-08,2025,2025-09,Beauty,Apex Essentials,Product-060,1,1,15.15,2.11,0.1396,15.15
2025-08-02,2025,2025-08,Fitness,Apex Outdoor,Product-029,1,2,116.24,19.95,0.1716,116.24
2025-12-21,2025,2025-12,Home,Apex Prime,Product-037,1,3,85.42,10.83,0.1268,85.42
2025-11-04,2025,2025-11,Kids,Apex Outdoor,Product-057,1,1,24.47,3.54,0.1446,24.47
2025-11-10,2025,2025-11,Fitness,Apex Value,Product-018,1,1,38.34,5.5,0.1434,38.34
2025-08-10,2025,2025-08,Kids,Apex Value,Product-026,1,1,17.6,2.07,0.1178,17.6
2025-09-15,2025,2025-09,Kitchen,Apex Prime,Product-014,1,1,21.56,3.13,0.145,21.56
2025-08-13,2025,2025-08,Home,Apex Value,Product-058,1,1,33.6,3.81,0.1133,33.6
2025-10-30,2025,2025-10,Fitness,Apex Prime,Product-032,1,1,36.55,5.36,0.1467,36.55
2025-08-15,2025,2025-08,Kitchen,Apex Value,Product-020,1,1,23.25,3.49,0.1502,23.25
2025-09-28,2025,2025-09,Kids,Apex Outdoor,Product-052,1,1,8.0,0.96,0.1198,8.0
2025-07-23,2025,2025-07,Kitchen,Apex Prime,Product-015,1,2,60.23,10.8,0.1793,60.23
2025-07-10,2025,2025-07,Kitchen,Apex Value,Product-075,1,1,38.12,4.91,0.1288,38.12
2025-08-31,2025,2025-08,Fitness,Apex Essentials,Product-057,1,1,31.94,4.9,0.1534,31.94
2025-12-08,2025,2025-12,Home,Apex Essentials,Product-003,1,1,27.4,2.98,0.1087,27.4
2025-08-15,2025,2025-08,Beauty,Apex Essentials,Product-053,1,1,32.1,4.58,0.1428,32.1
2025-08-01,2025,2025-08,Home,Apex Outdoor,Product-006,1,1,42.4,6.52,0.1537,42.4
2025-11-27,2025,2025-11,Home,Apex Value,Product-059,1,1,38.3,6.56,0.1713,38.3
2025-12-30,2025,2025-12,Home,Apex Value,Product-035,1,2,67.55,8.35,0.1236,67.55
2025-08-14,2025,2025-08,Kids,Apex Outdoor,Product-002,1,3,32.74,4.42,0.1351,32.74
2025-11-08,2025,2025-11,Fitness,Apex Outdoor,Product-038,1,2,106.2,17.44,0.1642,106.2
2025-07-02,2025,2025-07,Kids,Apex Value,Product-031,1,1,16.78,2.07,0.1233,16.78
2025-10-30,2025,2025-10,Electronics,Apex Value,Product-002,1,1,71.05,7.73,0.1088,71.05
2025-10-12,2025,2025-10,Home,Apex Essentials,Product-071,1,1,15.08,2.14,0.142,15.08
2025-08-05,2025,2025-08,Kids,Apex Outdoor,Product-013,1,1,15.6,1.98,0.1269,15.6
2025-12-30,2025,2025-12,Beauty,Apex Essentials,Product-055,1,2,42.74,6.79,0.1588,42.74
2025-09-03,2025,2025-09,Fitness,Apex Outdoor,Product-066,1,1,25.2,3.05,0.121,25.2
2025-11-23,2025,2025-11,Electronics,Apex Outdoor,Product-058,1,1,61.65,10.11,0.164,61.65
2025-12-31,2025,2025-12,Fitness,Apex Value,Product-014,1,1,26.02,2.98,0.1147,26.02
2025-07-22,2025,2025-07,Fitness,Apex Prime,Product-028,1,1,61.75,9.4,0.1522,61.75
2025-12-28,2025,2025-12,Kitchen,Apex Prime,Product-046,1,1,27.95,4.54,0.1623,27.95
2025-07-22,2025,2025-07,Electronics,Apex Essentials,Product-003,1,1,52.7,6.31,0.1197,52.7
2025-08-17,2025,2025-08,Kids,Apex Essentials,Product-043,1,1,36.09,6.08,0.1686,36.09
2025-07-05,2025,2025-07,Beauty,Apex Essentials,Product-069,1,3,58.29,5.97,0.1025,58.29
2025-07-21,2025,2025-07,Kids,Apex Outdoor,Product-013,1,1,14.63,1.76,0.12,14.63
2025-08-15,2025,2025-08,Kids,Apex Value,Product-061,1,1,20.43,2.28,0.1117,20.43
2025-10-04,2025,2025-10,Beauty,Apex Value,Product-048,1,1,9.07,1.54,0.1703,9.07
2025-08-02,2025,2025-08,Kids,Apex Value,Product-036,1,1,31.24,3.69,0.118,31.24
2025-11-10,2025,2025-11,Fitness,Apex Value,Product-028,1,1,52.52,5.8,0.1105,52.52
2025-07-21,2025,2025-07,Kids,Apex Outdoor,Product-053,1,2,32.24,5.46,0.1694,32.24
2025-08-10,2025,2025-08,Kitchen,Apex Outdoor,Product-007,1,1,30.42,4.74,0.1558,30.42
2025-07-13,2025,2025-07,Beauty,Apex Essentials,Product-064,1,1,25.03,4.09,0.1636,25.03
2025-08-31,2025,2025-08,Fitness,Apex Essentials,Product-076,1,1,52.54,7.49,0.1425,52.54
2025-07-05,2025,2025-07,Fitness,Apex Essentials,Product-054,1,3,145.62,25.92,0.178,145.62
2025-07-22,2025,2025-07,Electronics,Apex Essentials,Product-056,1,1,52.25,7.7,0.1473,52.25
2025-07-16,2025,2025-07,Kids,Apex Essentials,Product-018,1,2,16.0,2.65,0.1658,16.0
2025-12-24,2025,2025-12,Fitness,Apex Essentials,Product-039,1,1,43.37,5.5,0.1269,43.37
2025-10-31,2025,2025-10,Beauty,Apex Essentials,Product-055,1,3,79.1,9.72,0.1229,79.1
2025-10-02,2025,2025-10,Kitchen,Apex Essentials,Product-058,1,1,30.96,4.63,0.1494,30.96
2025-09-29,2025,2025-09,Kitchen,Apex Value,Product-050,1,1,21.95,2.75,0.1255,21.95
2025-10-29,2025,2025-10,Fitness,Apex Value,Product-039,1,1,41.76,5.75,0.1378,41.76
2025-08-19,2025,2025-08,Kids,Apex Value,Product-040,1,1,8.0,0.84,0.1052,8.0
2025-08-09,2025,2025-08,Kitchen,Apex Outdoor,Product-035,1,2,58.19,6.18,0.1062,58.19
2025-07-16,2025,2025-07,Beauty,Apex Essentials,Product-033,1,3,77.86,9.11,0.117,77.86
2025-09-10,2025,2025-09,Kids,Apex Value,Product-067,1,1,16.96,2.06,0.1212,16.96
2025-09-26,2025,2025-09,Electronics,Apex Outdoor,Product-074,1,1,55.83,8.07,0.1446,55.83
2025-12-21,2025,2025-12,Electronics,Apex Outdoor,Product-045,1,1,50.46,5.29,0.1048,50.46
2025-09-20,2025,2025-09,Kitchen,Apex Value,Product-020,1,2,58.89,6.71,0.114,58.89
2025-09-29,2025,2025-09,Kitchen,Apex Prime,Product-073,1,3,107.15,15.14,0.1413,107.15
2025-12-14,2025,2025-12,Electronics,Apex Essentials,Product-017,1,1,54.48,7.63,0.14,54.48
2025-08-17,2025,2025-08,Home,Apex Outdoor,Product-038,1,1,17.75,2.06,0.1161,17.75
2025-07-10,2025,2025-07,Kids,Apex Outdoor,Product-024,1,2,16.0,2.0,0.1249,16.0
2025-11-29,2025,2025-11,Home,Apex Value,Product-053,1,2,69.8,8.67,0.1242,69.8
2025-10-09,2025,2025-10,Kids,Apex Value,Product-072,1,1,22.26,3.02,0.1355,22.26
2025-12-11,2025,2025-12,Fitness,Apex Value,Product-033,1,1,38.36,3.98,0.1037,38.36
2025-09-26,2025,2025-09,Electronics,Apex Value,Product-054,1,3,226.19,23.91,0.1057,226.19
2025-08-30,2025,2025-08,Electronics,Apex Value,Product-006,1,1,56.91,7.55,0.1326,56.91
2025-08-13,2025,2025-08,Beauty,Apex Prime,Product-058,1,2,27.77,4.57,0.1645,27.77
2025-09-23,2025,2025-09,Kids,Apex Value,Product-007,1,1,8.83,1.02,0.1151,8.83
2025-10-03,2025,2025-10,Kids,Apex Prime,Product-046,1,1,28.39,4.65,0.1637,28.39
2025-09-27,2025,2025-09,Fitness,Apex Outdoor,Product-064,1,1,56.28,7.79,0.1385,56.28
2025-10-15,2025,2025-10,Kitchen,Apex Value,Product-059,1,3,69.1,7.26,0.1051,69.1
2025-08-15,2025,2025-08,Kids,Apex Value,Product-056,1,2,16.0,2.22,0.1388,16.0
2025-07-03,2025,2025-07,Kids,Apex Essentials,Product-040,1,1,31.13,5.3,0.1702,31.13
2025-07-12,2025,2025-07,Fitness,Apex Essentials,Product-025,1,1,47.61,7.55,0.1585,47.61
2025-07-15,2025,2025-07,Home,Apex Prime,Product-068,1,1,37.47,5.86,0.1563,37.47
2025-09-01,2025,2025-09,Kids,Apex Prime,Product-015,1,1,31.14,4.6,0.1476,31.14
2025-07-22,2025,2025-07,Home,Apex Essentials,Product-027,1,1,47.41,6.92,0.146,47.41
2025-11-02,2025,2025-11,Electronics,Apex Prime,Product-051,1,1,55.74,8.41,0.1509,55.74
2025-12-22,2025,2025-12,Kitchen,Apex Value,Product-056,1,1,32.82,4.74,0.1445,32.82
2025-12-02,2025,2025-12,Beauty,Apex Essentials,Product-041,1,1,23.26,3.01,0.1292,23.26
2025-12-13,2025,2025-12,Kitchen,Apex Essentials,Product-053,1,3,54.85,5.56,0.1013,54.85
2025-09-21,2025,2025-09,Fitness,Apex Essentials,Product-008,1,1,44.42,7.17,0.1615,44.42
2025-12-15,2025,2025-12,Home,Apex Prime,Product-069,1,1,13.45,2.07,0.1538,13.45
2025-07-21,2025,2025-07,Beauty,Apex Prime,Product-064,1,1,14.4,1.47,0.1022,14.4
2025-12-02,2025,2025-12,Kids,Apex Outdoor,Product-048,1,1,32.72,5.45,0.1666,32.72
2025-09-14,2025,2025-09,Kitchen,Apex Outdoor,Product-078,1,3,144.52,23.2,0.1605,144.52
2025-07-24,2025,2025-07,Kids,Apex Outdoor,Product-019,1,2,59.67,6.74,0.113,59.67
2025-08-08,2025,2025-08,Electronics,Apex Outdoor,Product-049,1,1,43.99,5.89,0.1338,43.99
2025-10-04,2025,2025-10,Beauty,Apex Essentials,Product-001,1,1,37.33,4.15,0.1112,37.33
2025-09-30,2025,2025-09,Fitness,Apex Value,Product-012,1,1,26.0,3.6,0.1384,26.0
2025-07-12,2025,2025-07,Beauty,Apex Prime,Product-066,1,2,52.09,9.08,0.1744,52.09
2025-12-15,2025,2025-12,Electronics,Apex Essentials,Product-036,1,1,51.88,6.33,0.1221,51.88
2025-12-18,2025,2025-12,Home,Apex Outdoor,Product-022,1,1,46.23,5.29,0.1145,46.23
2025-09-27,2025,2025-09,Home,Apex Outdoor,Product-013,1,1,21.33,2.88,0.135,21.33
2025-07-06,2025,2025-07,Home,Apex Value,Product-038,1,1,19.02,2.35,0.1236,19.02
2025-11-26,2025,2025-11,Kids,Apex Outdoor,Product-040,1,1,16.82,2.39,0.1418,16.82
2025-07-19,2025,2025-07,Home,Apex Value,Product-014,1,1,33.86,3.92,0.1159,33.86
2025-12-17,2025,2025-12,Fitness,Apex Outdoor,Product-004,1,1,52.51,7.15,0.1362,52.51
2025-12-23,2025,2025-12,Beauty,Apex Value,Product-078,1,2,68.59,9.9,0.1443,68.59
2025-12-02,2025,2025-12,Electronics,Apex Essentials,Product-075,1,1,56.66,8.23,0.1453,56.66
2025-07-11,2025,2025-07,Home,Apex Value,Product-029,1,1,16.61,2.24,0.1346,16.61
2025-08-17,2025,2025-08,Electronics,Apex Essentials,Product-077,1,1,71.46,7.46,0.1044,71.46
2025-11-28,2025,2025-11,Electronics,Apex Essentials,Product-060,1,2,120.93,20.79,0.1719,120.93
2025-07-22,2025,2025-07,Kids,Apex Prime,Product-047,1,1,17.72,1.99,0.1125,17.72
2025-11-10,2025,2025-11,Electronics,Apex Essentials,Product-038,1,1,56.07,6.85,0.1221,56.07
2025-10-14,2025,2025-10,Kids,Apex Outdoor,Product-052,1,1,22.6,3.88,0.1719,22.6
2025-10-17,2025,2025-10,Fitness,Apex Outdoor,Product-035,1,1,39.5,5.65,0.1431,39.5
2025-09-13,2025,2025-09,Fitness,Apex Prime,Product-037,1,1,47.02,5.16,0.1097,47.02
2025-09-23,2025,2025-09,Kitchen,Apex Essentials,Product-021,1,1,27.57,3.44,0.1246,27.57
2025-10-11,2025,2025-10,Fitness,Apex Essentials,Product-018,1,2,96.62,9.95,0.103,96.62
2025-08-05,2025,2025-08,Home,Apex Value,Product-008,1,3,94.05,11.62,0.1235,94.05
2025-08-09,2025,2025-08,Electronics,Apex Value,Product-029,1,1,75.98,11.96,0.1574,75.98
2025-09-08,2025,2025-09,Home,Apex Essentials,Product-079,1,2,67.34,11.0,0.1633,67.34
2025-12-13,2025,2025-12,Kitchen,Apex Prime,Product-021,1,1,33.26,3.79,0.1141,33.26
2025-08-28,2025,2025-08,Home,Apex Outdoor,Product-017,1,1,33.39,3.97,0.1188,33.39
2025-09-25,2025,2025-09,Electronics,Apex Value,Product-040,1,1,64.7,10.5,0.1623,64.7
2025-12-26,2025,2025-12,Fitness,Apex Prime,Product-037,1,1,41.4,7.38,0.1783,41.4
2025-08-21,2025,2025-08,Fitness,Apex Essentials,Product-047,1,1,49.05,6.08,0.124,49.05
2025-07-28,2025,2025-07,Home,Apex Essentials,Product-026,1,1,30.08,5.09,0.1693,30.08
2025-07-08,2025,2025-07,Kids,Apex Prime,Product-003,1,1,8.0,1.4,0.1747,8.0
2025-09-07,2025,2025-09,Kitchen,Apex Outdoor,Product-031,1,1,30.94,5.5,0.1779,30.94
2025-08-04,2025,2025-08,Home,Apex Value,Product-001,1,1,52.14,6.31,0.1211,52.14
2025-11-14,2025,2025-11,Kids,Apex Value,Product-028,1,2,58.94,6.21,0.1054,58.94
2025-08-29,2025,2025-08,Beauty,Apex Value,Product-009,1,2,51.91,6.6,0.1272,51.91
2025-10-07,2025,2025-10,Fitness,Apex Outdoor,Product-006,1,1,34.84,3.88,0.1113,34.84
2025-08-06,2025,2025-08,Electronics,Apex Essentials,Product-034,1,1,66.54,6.83,0.1027,66.54
2025-11-30,2025,2025-11,Home,Apex Prime,Product-003,1,1,17.14,2.13,0.1242,17.14
2025-08-20,2025,2025-08,Home,Apex Essentials,Product-032,1,1,21.37,3.51,0.1641,21.37
2025-07-03,2025,2025-07,Beauty,Apex Essentials,Product-011,1,1,17.81,2.8,0.1574,17.81
2025-10-11,2025,2025-10,Kids,Apex Outdoor,Product-050,1,1,8.0,1.19,0.1483,8.0
2025-07-06,2025,2025-07,Fitness,Apex Essentials,Product-071,1,1,53.49,6.6,0.1234,53.49
2025-11-06,2025,2025-11,Beauty,Apex Outdoor,Product-019,1,1,29.45,4.66,0.1583,29.45
2025-11-04,2025,2025-11,Kids,Apex Value,Product-019,1,1,22.19,3.42,0.1542,22.19
2025-10-26,2025,2025-10,Fitness,Apex Essentials,Product-040,1,1,41.36,6.59,0.1594,41.36
2025-07-21,2025,2025-07,Beauty,Apex Prime,Product-032,1,1,12.86,1.66,0.1293,12.86
2025-11-28,2025,2025-11,Kitchen,Apex Prime,Product-024,1,1,21.39,3.32,0.1551,21.39
2025-09-01,2025,2025-09,Home,Apex Outdoor,Product-054,1,1,15.66,1.89,0.1205,15.66
2025-07-11,2025,2025-07,Electronics,Apex Essentials,Product-015,1,1,58.52,7.19,0.1229,58.52
2025-10-26,2025,2025-10,Beauty,Apex Value,Product-017,1,1,10.28,1.51,0.1467,10.28
2025-10-08,2025,2025-10,Home,Apex Essentials,Product-071,1,1,31.44,4.84,0.1539,31.44
2025-09-13,2025,2025-09,Fitness,Apex Value,Product-007,1,1,47.97,8.53,0.1779,47.97
2025-12-02,2025,2025-12,Fitness,Apex Outdoor,Product-005,1,2,98.17,13.33,0.1358,98.17
2025-10-02,2025,2025-10,Electronics,Apex Value,Product-071,1,1,59.44,6.1,0.1026,59.44
2025-09-30,2025,2025-09,Kids,Apex Essentials,Product-053,1,1,15.36,1.94,0.1263,15.36
2025-12-29,2025,2025-12,Electronics,Apex Essentials,Product-023,1,1,72.89,7.68,0.1053,72.89
2025-10-15,2025,2025-10,Fitness,Apex Value,Product-015,1,2,75.48,9.74,0.129,75.48
2025-08-14,2025,2025-08,Home,Apex Outdoor,Product-054,1,1,26.5,4.5,0.1697,26.5
2025-08-20,2025,2025-08,Fitness,Apex Outdoor,Product-070,1,1,45.29,7.42,0.1639,45.29
2025-08-27,2025,2025-08,Fitness,Apex Value,Product-072,1,1,40.24,5.92,0.1471,40.24
2025-08-14,2025,2025-08,Home,Apex Prime,Product-053,1,1,18.39,2.21,0.1202,18.39
2025-07-31,2025,2025-07,Kids,Apex Essentials,Product-039,1,1,8.0,1.1,0.137,8.0
2025-10-02,2025,2025-10,Electronics,Apex Value,Product-060,1,2,79.35,13.15,0.1657,79.35
2025-09-16,2025,2025-09,Kids,Apex Value,Product-034,1,1,22.7,2.92,0.1288,22.7
2025-07-08,2025,2025-07,Kids,Apex Value,Product-079,1,2,41.63,5.82,0.1398,41.63
2025-08-30,2025,2025-08,Kitchen,Apex Value,Product-022,1,1,32.21,5.19,0.161,32.21
2025-07-03,2025,2025-07,Electronics,Apex Outdoor,Product-002,1,2,164.03,21.93,0.1337,164.03
2025-12-18,2025,2025-12,Home,Apex Prime,Product-069,1,2,58.88,7.58,0.1287,58.88
2025-07-06,2025,2025-07,Kitchen,Apex Essentials,Product-007,1,1,38.47,6.81,0.1769,38.47
2025-10-17,2025,2025-10,Home,Apex Prime,Product-036,1,2,74.24,8.23,0.1109,74.24
2025-09-16,2025,2025-09,Kids,Apex Essentials,Product-064,1,1,21.22,2.7,0.1273,21.22
2025-11-06,2025,2025-11,Home,Apex Essentials,Product-067,1,1,43.72,7.41,0.1695,43.72
2025-10-28,2025,2025-10,Beauty,Apex Essentials,Product-058,1,1,21.17,3.4,0.1607,21.17
2025-08-15,2025,2025-08,Kids,Apex Value,Product-076,1,1,21.04,2.85,0.1356,21.04
2025-10-08,2025,2025-10,Beauty,Apex Essentials,Product-031,1,1,35.5,4.26,0.1199,35.5
2025-12-18,2025,2025-12,Fitness,Apex Essentials,Product-049,1,1,50.06,6.75,0.1349,50.06
2025-08-29,2025,2025-08,Beauty,Apex Essentials,Product-041,1,1,8.0,1.43,0.179,8.0
2025-09-21,2025,2025-09,Fitness,Apex Value,Product-013,1,1,48.51,6.02,0.1241,48.51
2025-08-19,2025,2025-08,Kids,Apex Prime,Product-043,1,1,8.0,1.18,0.148,8.0
2025-10-08,2025,2025-10,Electronics,Apex Essentials,Product-064,1,2,116.94,16.85,0.1441,116.94
2025-08-20,2025,2025-08,Beauty,Apex Prime,Product-020,1,1,20.1,3.18,0.158,20.1
2025-07-06,2025,2025-07,Kids,Apex Prime,Product-008,1,2,17.44,2.26,0.1298,17.44
2025-09-16,2025,2025-09,Beauty,Apex Essentials,Product-009,1,1,21.51,3.31,0.1537,21.51
2025-10-22,2025,2025-10,Fitness,Apex Value,Product-009,1,2,118.58,17.4,0.1467,118.58
2025-10-19,2025,2025-10,Kids,Apex Prime,Product-019,1,1,20.34,2.91,0.143,20.34
2025-07-26,2025,2025-07,Electronics,Apex Outdoor,Product-014,1,1,51.66,8.44,0.1634,51.66
2025-09-12,2025,2025-09,Kids,Apex Value,Product-080,1,2,24.25,2.88,0.1187,24.25
2025-07-07,2025,2025-07,Beauty,Apex Outdoor,Product-071,1,1,33.41,4.08,0.122,33.41
2025-09-04,2025,2025-09,Fitness,Apex Essentials,Product-065,1,1,57.66,6.42,0.1113,57.66
2025-09-15,2025,2025-09,Kitchen,Apex Essentials,Product-031,1,1,52.93,7.16,0.1353,52.93
2025-11-19,2025,2025-11,Electronics,Apex Prime,Product-067,1,1,57.67,6.68,0.1158,57.67
2025-07-26,2025,2025-07,Kids,Apex Prime,Product-072,1,1,20.44,2.08,0.102,20.44
2025-09-12,2025,2025-09,Kids,Apex Value,Product-064,1,1,9.91,1.42,0.143,9.91
2025-12-01,2025,2025-12,Electronics,Apex Outdoor,Product-033,1,2,95.47,10.55,0.1105,95.47
2025-07-25,2025,2025-07,Beauty,Apex Essentials,Product-079,1,1,23.54,3.25,0.1379,23.54
2025-08-02,2025,2025-08,Kitchen,Apex Prime,Product-059,1,2,64.82,10.8,0.1666,64.82
2025-08-16,2025,2025-08,Kids,Apex Outdoor,Product-045,1,1,21.18,2.4,0.1133,21.18
2025-11-24,2025,2025-11,Beauty,Apex Value,Product-060,1,1,18.87,3.02,0.1601,18.87
2025-12-31,2025,2025-12,Home,Apex Prime,Product-067,1,2,109.57,16.46,0.1502,109.57
2025-10-14,2025,2025-10,Electronics,Apex Outdoor,Product-072,1,1,59.62,7.16,0.1201,59.62
2025-09-15,2025,2025-09,Beauty,Apex Prime,Product-002,1,1,21.67,3.06,0.1412,21.67
2025-09-30,2025,2025-09,Home,Apex Prime,Product-057,1,1,34.69,4.97,0.1434,34.69
2025-10-19,2025,2025-10,Fitness,Apex Prime,Product-019,1,1,46.99,5.04,0.1073,46.99
2025-11-30,2025,2025-11,Beauty,Apex Value,Product-044,1,1,30.72,5.09,0.1656,30.72
2025-07-28,2025,2025-07,Beauty,Apex Essentials,Product-054,1,2,40.08,4.42,0.1102,40.08
2025-10-18,2025,2025-10,Kids,Apex Essentials,Product-006,1,1,36.13,4.13,0.1144,36.13
2025-07-20,2025,2025-07,Electronics,Apex Value,Product-035,1,1,65.03,9.6,0.1476,65.03
2025-07-09,2025,2025-07,Kitchen,Apex Essentials,Product-011,1,1,32.56,5.84,0.1793,32.56
2025-09-19,2025,2025-09,Home,Apex Essentials,Product-052,1,1,48.64,5.77,0.1186,48.64
2025-09-10,2025,2025-09,Beauty,Apex Value,Product-024,1,1,35.18,6.18,0.1757,35.18
2025-11-28,2025,2025-11,Electronics,Apex Value,Product-046,1,1,46.76,6.29,0.1345,46.76
2025-07-30,2025,2025-07,Kitchen,Apex Value,Product-014,1,1,35.21,4.95,0.1406,35.21
2025-10-14,2025,2025-10,Fitness,Apex Value,Product-060,1,1,37.71,5.5,0.1459,37.71
2025-09-10,2025,2025-09,Home,Apex Value,Product-064,1,1,29.04,3.17,0.1091,29.04
2025-12-03,2025,2025-12,Kitchen,Apex Essentials,Product-037,1,1,17.74,2.48,0.1396,17.74
2025-09-15,2025,2025-09,Kids,Apex Value,Product-033,1,1,22.01,2.99,0.1358,22.01
2025-07-27,2025,2025-07,Beauty,Apex Value,Product-049,1,1,34.99,5.73,0.1638,34.99
2025-08-09,2025,2025-08,Kitchen,Apex Outdoor,Product-001,1,1,31.89,3.86,0.121,31.89
2025-10-30,2025,2025-10,Beauty,Apex Value,Product-066,1,1,24.92,3.33,0.1335,24.92
2025-10-17,2025,2025-10,Beauty,Apex Prime,Product-038,1,1,19.89,3.09,0.1554,19.89
2025-11-19,2025,2025-11,Kids,Apex Value,Product-009,1,1,27.94,2.82,0.1008,27.94
2025-08-03,2025,2025-08,Beauty,Apex Essentials,Product-063,1,1,31.84,3.64,0.1142,31.84
2025-11-08,2025,2025-11,Kitchen,Apex Value,Product-024,1,2,72.88,11.35,0.1558,72.88
2025-10-11,2025,2025-10,Fitness,Apex Essentials,Product-052,1,1,48.94,5.15,0.1053,48.94
2025-08-03,2025,2025-08,Electronics,Apex Outdoor,Product-021,1,2,146.27,20.42,0.1396,146.27
2025-10-09,2025,2025-10,Kids,Apex Outdoor,Product-080,1,1,23.63,2.65,0.1122,23.63
2025-08-18,2025,2025-08,Fitness,Apex Outdoor,Product-004,1,1,18.66,2.67,0.1431,18.66
2025-07-12,2025,2025-07,Home,Apex Outdoor,Product-044,1,1,33.59,3.82,0.1136,33.59
2025-07-17,2025,2025-07,Home,Apex Value,Product-051,1,1,47.15,6.93,0.1469,47.15
2025-12-06,2025,2025-12,Electronics,Apex Outdoor,Product-003,1,1,81.44,10.47,0.1285,81.44
2025-07-06,2025,2025-07,Home,Apex Prime,Product-017,1,1,36.74,6.08,0.1654,36.74
2025-10-14,2025,2025-10,Home,Apex Outdoor,Product-032,1,1,29.53,3.27,0.1109,29.53
2025-12-24,2025,2025-12,Fitness,Apex Value,Product-022,1,1,48.03,5.86,0.1221,48.03
2025-07-05,2025,2025-07,Home,Apex Outdoor,Product-059,1,1,30.65,3.12,0.1017,30.65
2025-10-16,2025,2025-10,Kids,Apex Value,Product-027,1,1,21.52,2.3,0.107,21.52
2025-11-24,2025,2025-11,Kitchen,Apex Prime,Product-042,1,1,35.34,6.09,0.1722,35.34
2025-08-01,2025,2025-08,Beauty,Apex Value,Product-041,1,1,21.39,3.76,0.176,21.39
2025-10-28,2025,2025-10,Fitness,Apex Value,Product-067,1,1,68.66,9.07,0.1321,68.66
2025-07-22,2025,2025-07,Fitness,Apex Outdoor,Product-075,1,1,38.55,5.14,0.1334,38.55
2025-08-27,2025,2025-08,Electronics,Apex Value,Product-049,1,1,71.93,11.12,0.1546,71.93
2025-09-15,2025,2025-09,Beauty,Apex Outdoor,Product-025,1,2,52.52,8.72,0.166,52.52
2025-10-09,2025,2025-10,Beauty,Apex Value,Product-018,1,1,10.28,1.67,0.1628,10.28
2025-08-26,2025,2025-08,Kitchen,Apex Value,Product-069,1,1,31.07,4.03,0.1298,31.07
2025-08-18,2025,2025-08,Fitness,Apex Essentials,Product-011,1,1,44.05,7.04,0.1598,44.05
2025-08-11,2025,2025-08,Kitchen,Apex Essentials,Product-011,1,1,20.9,3.59,0.172,20.9
2025-07-27,2025,2025-07,Fitness,Apex Prime,Product-071,1,1,36.58,5.68,0.1554,36.58
2025-08-26,2025,2025-08,Fitness,Apex Value,Product-014,1,3,159.14,21.82,0.1371,159.14
2025-12-13,2025,2025-12,Electronics,Apex Value,Product-032,1,1,47.1,6.36,0.1351,47.1
2025-09-10,2025,2025-09,Home,Apex Essentials,Product-071,1,1,30.2,5.12,0.1696,30.2
2025-07-03,2025,2025-07,Electronics,Apex Outdoor,Product-075,1,1,43.33,5.88,0.1357,43.33
2025-09-05,2025,2025-09,Beauty,Apex Outdoor,Product-032,1,1,20.81,3.3,0.1584,20.81
2025-10-12,2025,2025-10,Electronics,Apex Essentials,Product-033,1,1,51.66,5.61,0.1086,51.66
2025-11-15,2025,2025-11,Beauty,Apex Outdoor,Product-080,1,1,47.35,5.68,0.12,47.35
2025-12-12,2025,2025-12,Home,Apex Value,Product-006,1,2,41.6,4.66,0.1121,41.6
2025-11-10,2025,2025-11,Home,Apex Essentials,Product-061,1,1,41.29,6.78,0.1642,41.29
2025-08-12,2025,2025-08,Beauty,Apex Essentials,Product-036,1,1,8.0,0.93,0.1168,8.0
2025-07-12,2025,2025-07,Electronics,Apex Value,Product-005,1,1,77.49,11.18,0.1443,77.49
2025-09-11,2025,2025-09,Kitchen,Apex Prime,Product-026,1,1,22.9,2.54,0.111,22.9
2025-08-14,2025,2025-08,Kids,Apex Value,Product-058,1,1,23.22,2.45,0.1054,23.22
2025-10-30,2025,2025-10,Beauty,Apex Outdoor,Product-048,1,1,19.66,2.59,0.1319,19.66
2025-07-06,2025,2025-07,Fitness,Apex Essentials,Product-038,1,1,52.91,6.12,0.1157,52.91
2025-09-30,2025,2025-09,Electronics,Apex Prime,Product-014,1,1,58.59,7.76,0.1325,58.59
2025-12-19,2025,2025-12,Electronics,Apex Essentials,Product-046,1,1,70.2,8.67,0.1235,70.2
2025-11-01,2025,2025-11,Home,Apex Outdoor,Product-054,1,1,44.27,7.03,0.1588,44.27
2025-09-27,2025,2025-09,Fitness,Apex Value,Product-071,1,2,91.29,10.04,0.11,91.29
2025-08-07,2025,2025-08,Electronics,Apex Value,Product-021,1,1,67.79,12.19,0.1798,67.79
2025-07-13,2025,2025-07,Kids,Apex Prime,Product-032,1,1,22.66,2.57,0.1134,22.66
2025-08-08,2025,2025-08,Electronics,Apex Outdoor,Product-028,1,3,128.37,18.06,0.1407,128.37
2025-11-25,2025,2025-11,Beauty,Apex Outdoor,Product-049,1,2,52.27,5.5,0.1052,52.27
2025-12-09,2025,2025-12,Fitness,Apex Outdoor,Product-056,1,1,34.43,4.28,0.1244,34.43
2025-10-18,2025,2025-10,Kitchen,Apex Value,Product-052,1,1,8.0,1.09,0.1359,8.0
2025-08-31,2025,2025-08,Electronics,Apex Prime,Product-029,1,1,69.74,8.58,0.1231,69.74
2025-09-30,2025,2025-09,Home,Apex Outdoor,Product-005,1,1,36.11,4.1,0.1136,36.11
2025-09-03,2025,2025-09,Electronics,Apex Essentials,Product-075,1,1,46.55,5.98,0.1284,46.55
2025-12-15,2025,2025-12,Home,Apex Prime,Product-001,1,2,91.97,10.31,0.1121,91.97
2025-07-17,2025,2025-07,Home,Apex Prime,Product-036,1,1,36.06,4.92,0.1364,36.06
2025-10-17,2025,2025-10,Kitchen,Apex Essentials,Product-007,1,1,11.34,1.28,0.1126,11.34
2025-07-06,2025,2025-07,Home,Apex Outdoor,Product-054,1,1,58.5,6.65,0.1136,58.5
2025-07-13,2025,2025-07,Kids,Apex Prime,Product-061,1,1,10.32,1.17,0.1131,10.32
2025-08-27,2025,2025-08,Kids,Apex Essentials,Product-029,1,1,34.07,5.62,0.1651,34.07
2025-12-15,2025,2025-12,Kids,Apex Essentials,Product-012,1,1,20.05,2.43,0.1211,20.05
2025-07-19,2025,2025-07,Electronics,Apex Prime,Product-047,1,1,57.41,9.67,0.1685,57.41
2025-07-29,2025,2025-07,Beauty,Apex Essentials,Product-030,1,2,34.83,4.2,0.1207,34.83
2025-11-04,2025,2025-11,Beauty,Apex Essentials,Product-014,1,2,35.44,4.85,0.1369,35.44
2025-10-14,2025,2025-10,Home,Apex Value,Product-019,1,1,18.25,2.24,0.1227,18.25
2025-07-07,2025,2025-07,Home,Apex Essentials,Product-043,1,1,42.77,5.67,0.1326,42.77
2025-12-27,2025,2025-12,Kids,Apex Prime,Product-057,1,1,18.33,2.79,0.1523,18.33
2025-08-16,2025,2025-08,Electronics,Apex Essentials,Product-011,1,1,56.02,8.09,0.1444,56.02
2025-07-30,2025,2025-07,Home,Apex Prime,Product-004,1,1,25.81,2.75,0.1065,25.81
2025-07-16,2025,2025-07,Beauty,Apex Essentials,Product-079,1,1,24.26,3.23,0.133,24.26
2025-11-06,2025,2025-11,Electronics,Apex Prime,Product-051,1,1,64.49,11.06,0.1715,64.49
2025-09-14,2025,2025-09,Fitness,Apex Prime,Product-037,1,1,37.75,4.17,0.1105,37.75
2025-12-15,2025,2025-12,Electronics,Apex Essentials,Product-034,1,1,56.69,7.6,0.1341,56.69
2025-11-29,2025,2025-11,Kids,Apex Prime,Product-050,1,1,8.84,1.55,0.1757,8.84
2025-10-15,2025,2025-10,Beauty,Apex Outdoor,Product-066,1,1,27.38,4.05,0.148,27.38
2025-11-28,2025,2025-11,Kitchen,Apex Outdoor,Product-041,1,1,46.19,5.77,0.1249,46.19
2025-12-29,2025,2025-12,Kids,Apex Prime,Product-077,1,1,30.37,3.27,0.1078,30.37
2025-12-27,2025,2025-12,Beauty,Apex Value,Product-024,1,1,29.06,5.11,0.176,29.06
2025-07-08,2025,2025-07,Beauty,Apex Prime,Product-052,1,1,25.54,2.7,0.1059,25.54
2025-12-10,2025,2025-12,Kitchen,Apex Outdoor,Product-078,1,2,43.35,4.34,0.1002,43.35
2025-07-30,2025,2025-07,Electronics,Apex Prime,Product-064,1,1,58.68,10.19,0.1736,58.68
2025-11-05,2025,2025-11,Beauty,Apex Essentials,Product-043,1,3,83.52,14.28,0.171,83.52
2025-07-06,2025,2025-07,Beauty,Apex Essentials,Product-022,1,1,17.63,2.54,0.144,17.63
2025-09-28,2025,2025-09,Home,Apex Value,Product-067,1,1,43.06,6.72,0.156,43.06
2025-09-12,2025,2025-09,Beauty,Apex Essentials,Product-043,1,1,56.52,7.35,0.13,56.52
2025-10-09,2025,2025-10,Kids,Apex Outdoor,Product-044,1,1,11.73,1.91,0.1625,11.73
2025-07-22,2025,2025-07,Kids,Apex Value,Product-039,1,1,30.83,3.78,0.1225,30.83
2025-12-02,2025,2025-12,Electronics,Apex Value,Product-020,1,1,77.5,9.45,0.1219,77.5
2025-10-19,2025,2025-10,Kitchen,Apex Value,Product-070,1,2,70.05,8.84,0.1262,70.05
2025-09-01,2025,2025-09,Home,Apex Value,Product-008,1,2,91.04,10.32,0.1134,91.04
2025-08-23,2025,2025-08,Beauty,Apex Value,Product-012,1,1,16.17,2.9,0.1794,16.17
2025-08-25,2025,2025-08,Fitness,Apex Essentials,Product-005,1,1,50.96,5.61,0.11,50.96
2025-07-12,2025,2025-07,Kids,Apex Outdoor,Product-007,1,1,8.43,1.18,0.1398,8.43
2025-11-08,2025,2025-11,Electronics,Apex Essentials,Product-053,1,1,53.55,9.37,0.1749,53.55
2025-09-08,2025,2025-09,Electronics,Apex Essentials,Product-034,1,1,51.91,7.81,0.1505,51.91
2025-09-15,2025,2025-09,Fitness,Apex Prime,Product-053,1,1,57.9,6.19,0.1069,57.9
2025-07-15,2025,2025-07,Kitchen,Apex Prime,Product-036,1,2,51.63,6.03,0.1167,51.63
2025-11-11,2025,2025-11,Fitness,Apex Value,Product-009,1,1,56.67,6.57,0.1159,56.67
2025-12-27,2025,2025-12,Kids,Apex Value,Product-047,1,1,12.83,1.45,0.1128,12.83
2025-11-21,2025,2025-11,Kids,Apex Prime,Product-061,1,1,22.52,3.81,0.1692,22.52
2025-11-10,2025,2025-11,Fitness,Apex Essentials,Product-034,1,1,48.68,6.76,0.1389,48.68
2025-11-16,2025,2025-11,Home,Apex Value,Product-007,1,1,24.14,3.41,0.1413,24.14
2025-10-29,2025,2025-10,Beauty,Apex Essentials,Product-070,1,1,26.17,4.31,0.1648,26.17
2025-09-29,2025,2025-09,Kids,Apex Value,Product-023,1,2,38.92,4.2,0.1079,38.92
2025-08-27,2025,2025-08,Electronics,Apex Outdoor,Product-047,1,1,65.91,8.2,0.1244,65.91
2025-08-18,2025,2025-08,Home,Apex Outdoor,Product-020,1,1,52.53,8.22,0.1565,52.53
2025-07-14,2025,2025-07,Beauty,Apex Value,Product-075,1,1,8.0,0.93,0.116,8.0
2025-10-18,2025,2025-10,Fitness,Apex Essentials,Product-044,1,2,100.51,14.33,0.1426,100.51
2025-07-15,2025,2025-07,Electronics,Apex Essentials,Product-053,1,2,105.31,11.84,0.1124,105.31
2025-11-16,2025,2025-11,Kitchen,Apex Outdoor,Product-070,1,1,26.39,3.13,0.1185,26.39
2025-12-28,2025,2025-12,Kids,Apex Value,Product-065,1,1,23.03,3.1,0.1348,23.03
2025-12-15,2025,2025-12,Kids,Apex Outdoor,Product-028,1,1,20.16,3.41,0.1692,20.16
2025-07-12,2025,2025-07,Fitness,Apex Value,Product-060,1,1,47.79,6.77,0.1417,47.79
2025-09-01,2025,2025-09,Beauty,Apex Outdoor,Product-043,1,1,27.3,4.66,0.1707,27.3
2025-11-27,2025,2025-11,Home,Apex Outdoor,Product-008,1,1,43.88,7.27,0.1656,43.88
2025-11-04,2025,2025-11,Electronics,Apex Prime,Product-048,1,1,60.77,9.65,0.1588,60.77
2025-11-14,2025,2025-11,Beauty,Apex Prime,Product-009,1,1,18.88,3.03,0.1606,18.88
2025-10-02,2025,2025-10,Kids,Apex Outdoor,Product-063,1,1,8.0,1.35,0.1689,8.0
2025-12-27,2025,2025-12,Beauty,Apex Essentials,Product-040,1,1,34.75,5.69,0.1638,34.75
2025-11-03,2025,2025-11,Kids,Apex Value,Product-032,1,1,13.15,1.6,0.1217,13.15
2025-11-01,2025,2025-11,Beauty,Apex Outdoor,Product-044,1,1,40.07,6.78,0.1691,40.07
2025-08-09,2025,2025-08,Electronics,Apex Essentials,Product-077,1,1,66.01,7.47,0.1132,66.01
2025-08-23,2025,2025-08,Home,Apex Outdoor,Product-025,1,1,28.63,3.76,0.1312,28.63
2025-09-20,2025,2025-09,Kids,Apex Value,Product-006,1,1,21.84,2.55,0.1167,21.84
2025-10-29,2025,2025-10,Fitness,Apex Prime,Product-002,1,1,42.42,6.58,0.155,42.42
2025-10-20,2025,2025-10,Electronics,Apex Value,Product-049,1,3,210.36,36.71,0.1745,210.36
2025-07-23,2025,2025-07,Fitness,Apex Essentials,Product-025,1,1,32.5,5.47,0.1682,32.5
2025-11-18,2025,2025-11,Kitchen,Apex Outdoor,Product-078,1,1,23.12,3.44,0.1489,23.12
2025-09-05,2025,2025-09,Home,Apex Prime,Product-030,1,1,39.68,4.71,0.1187,39.68
2025-09-21,2025,2025-09,Home,Apex Essentials,Product-069,1,1,26.25,3.26,0.1242,26.25
2025-09-06,2025,2025-09,Beauty,Apex Value,Product-074,1,1,20.78,2.31,0.1111,20.78
2025-10-18,2025,2025-10,Beauty,Apex Value,Product-078,1,1,16.34,1.86,0.1137,16.34
2025-08-05,2025,2025-08,Kids,Apex Prime,Product-061,1,1,12.1,1.85,0.1528,12.1
2025-12-27,2025,2025-12,Home,Apex Outdoor,Product-039,1,2,69.85,9.19,0.1316,69.85
2025-08-17,2025,2025-08,Electronics,Apex Outdoor,Product-077,1,1,81.65,14.12,0.1729,81.65
2025-08-28,2025,2025-08,Beauty,Apex Essentials,Product-018,1,1,19.19,2.49,0.1296,19.19
2025-12-04,2025,2025-12,Fitness,Apex Outdoor,Product-020,1,1,42.54,5.07,0.1192,42.54
2025-12-30,2025,2025-12,Home,Apex Outdoor,Product-079,1,2,59.03,9.06,0.1534,59.03
2025-09-12,2025,2025-09,Home,Apex Outdoor,Product-048,1,1,33.41,5.84,0.1747,33.41
2025-10-10,2025,2025-10,Kids,Apex Prime,Product-036,1,3,24.0,3.62,0.151,24.0
2025-08-29,2025,2025-08,Kids,Apex Value,Product-029,1,1,26.45,3.7,0.1399,26.45
2025-07-14,2025,2025-07,Electronics,Apex Essentials,Product-013,1,1,48.25,5.19,0.1075,48.25
2025-12-12,2025,2025-12,Home,Apex Prime,Product-070,1,1,56.54,8.22,0.1454,56.54
2025-08-11,2025,2025-08,Home,Apex Prime,Product-079,1,1,25.1,3.71,0.1478,25.1
2025-07-15,2025,2025-07,Home,Apex Outdoor,Product-038,1,2,89.08,13.72,0.154,89.08
2025-10-04,2025,2025-10,Home,Apex Essentials,Product-006,1,1,26.08,4.63,0.1775,26.08
2025-10-21,2025,2025-10,Fitness,Apex Prime,Product-070,1,1,53.81,9.43,0.1752,53.81
2025-11-08,2025,2025-11,Beauty,Apex Essentials,Product-012,1,1,22.0,2.94,0.1338,22.0
2025-10-21,2025,2025-10,Kitchen,Apex Value,Product-075,1,1,8.0,1.0,0.1256,8.0
2025-08-29,2025,2025-08,Kitchen,Apex Prime,Product-005,1,1,20.83,2.85,0.1367,20.83
2025-09-02,2025,2025-09,Home,Apex Value,Product-041,1,1,27.49,4.84,0.176,27.49
2025-07-29,2025,2025-07,Kids,Apex Prime,Product-018,1,1,24.4,3.8,0.1557,24.4
2025-12-04,2025,2025-12,Kids,Apex Outdoor,Product-024,1,1,26.43,4.5,0.1701,26.43
2025-08-10,2025,2025-08,Home,Apex Value,Product-055,1,1,37.71,6.01,0.1594,37.71
2025-08-20,2025,2025-08,Kids,Apex Prime,Product-022,1,2,54.03,8.59,0.159,54.03
2025-12-14,2025,2025-12,Beauty,Apex Outdoor,Product-036,1,1,20.14,3.27,0.1623,20.14
2025-11-19,2025,2025-11,Kids,Apex Prime,Product-074,1,1,10.56,1.42,0.1348,10.56
2025-12-03,2025,2025-12,Electronics,Apex Outdoor,Product-061,1,1,75.45,13.38,0.1774,75.45
2025-07-28,2025,2025-07,Beauty,Apex Value,Product-026,1,1,13.35,1.6,0.1195,13.35
2025-12-17,2025,2025-12,Kitchen,Apex Outdoor,Product-046,1,1,47.5,7.51,0.1582,47.5
2025-12-10,2025,2025-12,Kitchen,Apex Value,Product-062,1,3,87.54,11.24,0.1284,87.54
2025-09-03,2025,2025-09,Kids,Apex Prime,Product-061,1,1,37.22,4.74,0.1274,37.22
2025-07-31,2025,2025-07,Beauty,Apex Value,Product-024,1,1,23.65,3.95,0.167,23.65
2025-12-25,2025,2025-12,Home,Apex Outdoor,Product-072,1,2,74.21,8.1,0.1091,74.21
2025-07-20,2025,2025-07,Beauty,Apex Prime,Product-048,1,1,31.48,5.06,0.1608,31.48
2025-09-03,2025,2025-09,Kids,Apex Outdoor,Product-009,1,1,8.0,0.93,0.1163,8.0
2025-09-04,2025,2025-09,Fitness,Apex Value,Product-058,1,1,36.36,3.84,0.1057,36.36
2025-11-01,2025,2025-11,Kitchen,Apex Essentials,Product-041,1,2,50.77,7.51,0.1479,50.77
2025-08-11,2025,2025-08,Fitness,Apex Essentials,Product-019,1,1,51.17,7.47,0.1459,51.17
2025-09-12,2025,2025-09,Beauty,Apex Essentials,Product-052,1,1,32.1,4.62,0.144,32.1
2025-12-04,2025,2025-12,Kitchen,Apex Prime,Product-058,1,2,68.63,7.74,0.1128,68.63
2025-09-23,2025,2025-09,Home,Apex Prime,Product-017,1,1,20.15,2.82,0.14,20.15
2025-10-08,2025,2025-10,Kitchen,Apex Essentials,Product-011,1,1,16.76,2.23,0.1331,16.76
2025-12-31,2025,2025-12,Kitchen,Apex Outdoor,Product-025,1,1,20.77,2.91,0.1401,20.77
2025-10-26,2025,2025-10,Beauty,Apex Value,Product-014,1,2,16.0,2.79,0.1744,16.0
2025-07-22,2025,2025-07,Electronics,Apex Essentials,Product-022,1,1,48.04,5.54,0.1153,48.04
2025-10-22,2025,2025-10,Kitchen,Apex Value,Product-072,1,1,30.71,5.48,0.1784,30.71
2025-08-10,2025,2025-08,Beauty,Apex Outdoor,Product-060,1,1,33.56,4.83,0.144,33.56
2025-12-03,2025,2025-12,Kitchen,Apex Prime,Product-006,1,1,31.75,4.8,0.1512,31.75
2025-08-09,2025,2025-08,Home,Apex Outdoor,Product-068,1,2,92.52,10.5,0.1135,92.52
2025-11-11,2025,2025-11,Home,Apex Prime,Product-046,1,1,34.14,4.47,0.1308,34.14
2025-11-21,2025,2025-11,Kids,Apex Prime,Product-057,1,1,33.33,4.99,0.1497,33.33
2025-10-25,2025,2025-10,Kitchen,Apex Outdoor,Product-006,1,1,27.21,3.63,0.1334,27.21
2025-10-15,2025,2025-10,Beauty,Apex Essentials,Product-048,1,1,14.1,2.08,0.1477,14.1
2025-08-29,2025,2025-08,Fitness,Apex Prime,Product-005,1,1,32.19,5.46,0.1695,32.19
2025-08-06,2025,2025-08,Kitchen,Apex Value,Product-014,1,1,30.37,3.15,0.1037,30.37
2025-07-20,2025,2025-07,Home,Apex Essentials,Product-053,1,1,31.23,4.48,0.1436,31.23
2025-07-19,2025,2025-07,Kitchen,Apex Essentials,Product-048,1,2,42.32,5.0,0.1181,42.32
2025-11-12,2025,2025-11,Electronics,Apex Outdoor,Product-034,1,1,60.9,10.83,0.1779,60.9
2025-09-03,2025,2025-09,Kitchen,Apex Value,Product-016,1,1,30.13,4.69,0.1556,30.13
2025-08-27,2025,2025-08,Home,Apex Prime,Product-073,1,1,29.98,4.62,0.1542,29.98
2025-11-26,2025,2025-11,Electronics,Apex Value,Product-049,1,1,52.53,6.43,0.1225,52.53
2025-11-29,2025,2025-11,Kitchen,Apex Outdoor,Product-029,1,1,27.07,4.78,0.1766,27.07
2025-11-21,2025,2025-11,Kitchen,Apex Value,Product-076,1,1,30.02,3.92,0.1306,30.02
2025-10-17,2025,2025-10,Kitchen,Apex Essentials,Product-042,1,1,28.77,4.24,0.1474,28.77
2025-07-04,2025,2025-07,Electronics,Apex Essentials,Product-040,1,1,81.56,11.56,0.1417,81.56
2025-12-05,2025,2025-12,Beauty,Apex Essentials,Product-042,1,3,24.0,4.26,0.1773,24.0
2025-08-12,2025,2025-08,Home,Apex Prime,Product-046,1,1,26.6,4.44,0.1668,26.6
2025-10-02,2025,2025-10,Home,Apex Essentials,Product-065,1,1,24.77,3.57,0.1441,24.77
2025-07-11,2025,2025-07,Fitness,Apex Outdoor,Product-060,1,1,42.18,4.88,0.1156,42.18
2025-07-28,2025,2025-07,Kitchen,Apex Essentials,Product-070,1,1,25.32,2.58,0.1017,25.32
2025-09-13,2025,2025-09,Electronics,Apex Value,Product-044,1,1,60.11,10.06,0.1673,60.11
2025-09-26,2025,2025-09,Beauty,Apex Prime,Product-047,1,2,35.2,5.5,0.1563,35.2
2025-11-07,2025,2025-11,Kids,Apex Outdoor,Product-048,1,1,17.09,2.64,0.1544,17.09
2025-07-20,2025,2025-07,Kids,Apex Value,Product-057,1,1,27.52,4.39,0.1596,27.52
2025-08-20,2025,2025-08,Electronics,Apex Outdoor,Product-036,1,1,49.93,8.79,0.1761,49.93
2025-07-24,2025,2025-07,Kitchen,Apex Prime,Product-014,1,2,45.43,6.3,0.1386,45.43
2025-07-13,2025,2025-07,Home,Apex Prime,Product-031,1,1,27.87,3.78,0.1355,27.87
2025-12-03,2025,2025-12,Home,Apex Prime,Product-024,1,2,31.98,5.23,0.1634,31.98
2025-09-21,2025,2025-09,Kids,Apex Outdoor,Product-011,1,1,23.53,3.08,0.1311,23.53
2025-08-02,2025,2025-08,Electronics,Apex Prime,Product-026,1,1,56.97,8.36,0.1467,56.97
2025-09-27,2025,2025-09,Kids,Apex Essentials,Product-004,1,1,30.58,4.5,0.1473,30.58
2025-07-22,2025,2025-07,Kitchen,Apex Essentials,Product-012,1,1,20.39,2.26,0.1108,20.39
2025-09-03,2025,2025-09,Beauty,Apex Prime,Product-003,1,1,9.77,1.53,0.1565,9.77
2025-07-11,2025,2025-07,Home,Apex Outdoor,Product-070,1,1,29.09,3.34,0.1147,29.09
2025-08-11,2025,2025-08,Electronics,Apex Essentials,Product-036,1,2,154.88,25.29,0.1633,154.88
2025-10-16,2025,2025-10,Kids,Apex Value,Product-014,1,1,8.98,0.98,0.1094,8.98
2025-07-26,2025,2025-07,Electronics,Apex Prime,Product-076,1,2,126.11,15.37,0.1219,126.11
2025-10-23,2025,2025-10,Electronics,Apex Essentials,Product-001,1,2,119.32,17.84,0.1495,119.32
2025-11-13,2025,2025-11,Fitness,Apex Outdoor,Product-035,1,1,42.91,5.82,0.1357,42.91
2025-10-22,2025,2025-10,Home,Apex Essentials,Product-036,1,2,58.42,7.48,0.128,58.42
2025-09-13,2025,2025-09,Beauty,Apex Prime,Product-055,1,2,55.24,8.69,0.1573,55.24
2025-08-29,2025,2025-08,Beauty,Apex Value,Product-052,1,1,21.93,3.46,0.1577,21.93
2025-08-10,2025,2025-08,Electronics,Apex Value,Product-023,1,2,85.02,13.6,0.16,85.02
2025-11-20,2025,2025-11,Kitchen,Apex Essentials,Product-079,1,1,22.94,3.79,0.1653,22.94
2025-12-14,2025,2025-12,Fitness,Apex Essentials,Product-072,1,1,28.85,3.31,0.1149,28.85
2025-12-19,2025,2025-12,Kids,Apex Essentials,Product-011,1,1,16.58,2.28,0.1378,16.58
2025-10-08,2025,2025-10,Home,Apex Value,Product-080,1,1,10.98,1.45,0.1317,10.98
2025-10-28,2025,2025-10,Home,Apex Prime,Product-032,1,1,27.13,4.38,0.1616,27.13
2025-07-06,2025,2025-07,Kids,Apex Value,Product-004,1,1,18.17,2.19,0.1207,18.17
2025-08-21,2025,2025-08,Fitness,Apex Prime,Product-029,1,1,39.36,4.27,0.1086,39.36
2025-11-05,2025,2025-11,Kids,Apex Prime,Product-060,1,1,15.29,2.37,0.1547,15.29
2025-08-23,2025,2025-08,Home,Apex Value,Product-069,1,1,37.68,4.39,0.1166,37.68
2025-11-01,2025,2025-11,Beauty,Apex Essentials,Product-012,1,3,44.89,6.81,0.1516,44.89
2025-10-25,2025,2025-10,Electronics,Apex Value,Product-030,1,1,64.29,8.99,0.1399,64.29
2025-07-31,2025,2025-07,Beauty,Apex Value,Product-014,1,1,24.93,3.52,0.1413,24.93
2025-12-02,2025,2025-12,Kitchen,Apex Outdoor,Product-003,1,1,10.33,1.45,0.1408,10.33
2025-09-30,2025,2025-09,Kids,Apex Essentials,Product-080,1,1,8.0,1.15,0.1438,8.0
2025-12-25,2025,2025-12,Kids,Apex Value,Product-041,1,3,47.87,7.13,0.149,47.87
2025-08-16,2025,2025-08,Home,Apex Value,Product-080,1,1,47.79,6.92,0.1449,47.79
2025-09-20,2025,2025-09,Electronics,Apex Essentials,Product-072,1,1,77.86,10.38,0.1333,77.86
2025-12-16,2025,2025-12,Kitchen,Apex Essentials,Product-008,1,1,16.21,2.65,0.1633,16.21
2025-08-08,2025,2025-08,Kitchen,Apex Outdoor,Product-056,1,1,38.64,5.99,0.1549,38.64
2025-08-29,2025,2025-08,Home,Apex Value,Product-060,1,1,36.57,4.75,0.1298,36.57
2025-12-16,2025,2025-12,Beauty,Apex Essentials,Product-078,1,1,8.0,0.84,0.1044,8.0
2025-10-26,2025,2025-10,Kitchen,Apex Value,Product-044,1,1,20.53,3.35,0.1631,20.53
2025-11-05,2025,2025-11,Home,Apex Essentials,Product-034,1,1,50.89,5.83,0.1145,50.89
2025-12-12,2025,2025-12,Electronics,Apex Outdoor,Product-014,1,1,57.65,8.12,0.1408,57.65
2025-07-24,2025,2025-07,Electronics,Apex Essentials,Product-072,1,1,53.53,7.89,0.1474,53.53
2025-08-09,2025,2025-08,Electronics,Apex Prime,Product-006,1,1,72.28,11.86,0.1641,72.28
2025-09-10,2025,2025-09,Kids,Apex Value,Product-003,1,1,8.33,1.1,0.1317,8.33
2025-09-01,2025,2025-09,Kids,Apex Outdoor,Product-026,1,1,27.48,4.92,0.1791,27.48
2025-11-02,2025,2025-11,Home,Apex Outdoor,Product-019,1,1,12.19,1.93,0.1581,12.19
2025-11-13,2025,2025-11,Fitness,Apex Essentials,Product-021,1,1,42.66,7.06,0.1655,42.66
2025-11-20,2025,2025-11,Fitness,Apex Prime,Product-044,1,1,38.13,3.87,0.1015,38.13
2025-10-23,2025,2025-10,Electronics,Apex Outdoor,Product-006,1,1,58.44,6.07,0.1039,58.44
2025-08-22,2025,2025-08,Beauty,Apex Outdoor,Product-058,1,1,17.65,2.17,0.1231,17.65
2025-08-31,2025,2025-08,Kitchen,Apex Outdoor,Product-033,1,1,43.4,4.62,0.1064,43.4
2025-12-22,2025,2025-12,Home,Apex Outdoor,Product-017,1,1,22.02,3.82,0.1736,22.02
2025-12-12,2025,2025-12,Kitchen,Apex Essentials,Product-029,1,1,20.02,2.26,0.113,20.02
2025-10-15,2025,2025-10,Kitchen,Apex Prime,Product-065,1,1,31.31,5.15,0.1644,31.31
2025-10-09,2025,2025-10,Fitness,Apex Outdoor,Product-034,1,1,41.24,4.12,0.1,41.24
2025-09-02,2025,2025-09,Kitchen,Apex Prime,Product-071,1,1,29.84,4.78,0.1602,29.84
2025-11-13,2025,2025-11,Home,Apex Prime,Product-079,1,1,39.31,6.73,0.1712,39.31
2025-11-27,2025,2025-11,Kitchen,Apex Outdoor,Product-061,1,1,31.79,4.51,0.1419,31.79
2025-11-11,2025,2025-11,Electronics,Apex Essentials,Product-068,1,1,59.88,6.66,0.1113,59.88
2025-09-13,2025,2025-09,Kids,Apex Essentials,Product-063,1,1,16.69,2.74,0.1641,16.69
2025-12-04,2025,2025-12,Kids,Apex Outdoor,Product-039,1,1,19.21,3.27,0.1704,19.21
2025-10-19,2025,2025-10,Kids,Apex Outdoor,Product-074,1,2,36.04,5.1,0.1415,36.04
2025-09-22,2025,2025-09,Home,Apex Outdoor,Product-060,1,1,41.32,6.82,0.165,41.32
2025-10-14,2025,2025-10,Electronics,Apex Essentials,Product-060,1,2,95.1,10.43,0.1097,95.1
2025-12-16,2025,2025-12,Beauty,Apex Outdoor,Product-040,1,1,32.81,4.93,0.1502,32.81
2025-12-28,2025,2025-12,Kitchen,Apex Prime,Product-060,1,1,30.76,3.51,0.1141,30.76
2025-09-22,2025,2025-09,Beauty,Apex Essentials,Product-019,1,1,24.86,2.83,0.114,24.86
2025-07-14,2025,2025-07,Beauty,Apex Outdoor,Product-048,1,1,28.18,3.58,0.1272,28.18
2025-12-30,2025,2025-12,Beauty,Apex Value,Product-030,1,2,55.28,9.22,0.1668,55.28
2025-10-29,2025,2025-10,Kitchen,Apex Outdoor,Product-014,1,1,29.72,5.01,0.1685,29.72
2025-08-17,2025,2025-08,Beauty,Apex Essentials,Product-049,1,1,29.93,4.44,0.1483,29.93
2025-08-04,2025,2025-08,Kids,Apex Value,Product-001,1,1,18.25,1.87,0.1026,18.25
2025-09-07,2025,2025-09,Fitness,Apex Value,Product-038,1,2,84.7,14.42,0.1703,84.7
2025-07-26,2025,2025-07,Beauty,Apex Essentials,Product-058,1,1,22.68,3.59,0.1584,22.68
2025-07-04,2025,2025-07,Home,Apex Essentials,Product-057,1,1,38.02,6.57,0.1727,38.02
2025-09-10,2025,2025-09,Kitchen,Apex Prime,Product-060,1,1,36.37,6.33,0.174,36.37
2025-10-09,2025,2025-10,Electronics,Apex Outdoor,Product-033,1,1,52.42,8.08,0.1541,52.42
2025-07-28,2025,2025-07,Fitness,Apex Prime,Product-064,1,2,72.07,12.52,0.1737,72.07
2025-10-03,2025,2025-10,Kids,Apex Value,Product-049,1,1,22.52,3.79,0.1681,22.52
2025-10-23,2025,2025-10,Beauty,Apex Value,Product-017,1,1,24.25,2.82,0.1162,24.25
2025-12-20,2025,2025-12,Kitchen,Apex Prime,Product-051,1,1,33.58,5.89,0.1754,33.58
2025-08-04,2025,2025-08,Electronics,Apex Outdoor,Product-075,1,1,65.55,10.88,0.166,65.55
2025-11-22,2025,2025-11,Kitchen,Apex Essentials,Product-058,1,1,30.0,3.86,0.1286,30.0
2025-12-23,2025,2025-12,Beauty,Apex Outdoor,Product-071,1,1,17.32,2.29,0.1323,17.32
2025-07-27,2025,2025-07,Fitness,Apex Essentials,Product-056,1,1,46.1,6.4,0.1389,46.1
2025-08-21,2025,2025-08,Beauty,Apex Essentials,Product-011,1,1,33.4,4.04,0.1211,33.4
2025-07-07,2025,2025-07,Kitchen,Apex Value,Product-003,1,1,27.75,3.63,0.1308,27.75
2025-07-23,2025,2025-07,Fitness,Apex Outdoor,Product-067,1,1,54.81,9.19,0.1676,54.81
2025-12-31,2025,2025-12,Kitchen,Apex Outdoor,Product-045,1,1,27.18,3.63,0.1334,27.18
2025-10-24,2025,2025-10,Fitness,Apex Prime,Product-071,1,1,47.02,7.66,0.163,47.02
2025-09-01,2025,2025-09,Home,Apex Prime,Product-062,1,1,19.6,3.24,0.1653,19.6
2025-12-04,2025,2025-12,Kitchen,Apex Prime,Product-064,1,3,124.72,14.97,0.12,124.72
2025-11-06,2025,2025-11,Kitchen,Apex Value,Product-075,1,1,23.19,2.47,0.1066,23.19
2025-12-11,2025,2025-12,Kitchen,Apex Essentials,Product-077,1,1,37.33,5.54,0.1485,37.33
2025-08-23,2025,2025-08,Kitchen,Apex Prime,Product-023,1,1,33.36,4.43,0.1328,33.36
2025-12-10,2025,2025-12,Fitness,Apex Essentials,Product-048,1,1,46.82,5.3,0.1133,46.82
2025-07-03,2025,2025-07,Kids,Apex Outdoor,Product-015,1,1,30.01,4.89,0.163,30.01
2025-10-22,2025,2025-10,Beauty,Apex Prime,Product-037,1,1,27.05,4.27,0.1578,27.05
2025-11-30,2025,2025-11,Beauty,Apex Outdoor,Product-018,1,1,25.06,4.13,0.1648,25.06
2025-09-08,2025,2025-09,Kids,Apex Value,Product-001,1,1,33.18,4.93,0.1487,33.18
2025-11-09,2025,2025-11,Fitness,Apex Essentials,Product-020,1,2,101.97,17.06,0.1673,101.97
2025-10-31,2025,2025-10,Kitchen,Apex Essentials,Product-072,1,1,16.96,2.87,0.1692,16.96
2025-08-17,2025,2025-08,Electronics,Apex Value,Product-040,1,1,84.02,13.1,0.1559,84.02
2025-08-07,2025,2025-08,Fitness,Apex Prime,Product-073,1,1,56.72,7.3,0.1287,56.72
2025-09-16,2025,2025-09,Fitness,Apex Outdoor,Product-003,1,1,45.38,6.16,0.1357,45.38
2025-09-30,2025,2025-09,Kitchen,Apex Outdoor,Product-003,1,1,18.24,3.18,0.1742,18.24
2025-08-23,2025,2025-08,Electronics,Apex Essentials,Product-038,1,1,68.6,11.07,0.1613,68.6
2025-10-03,2025,2025-10,Electronics,Apex Prime,Product-052,1,1,42.3,7.28,0.1722,42.3
2025-07-24,2025,2025-07,Electronics,Apex Value,Product-012,1,1,70.68,11.75,0.1662,70.68
2025-08-04,2025,2025-08,Home,Apex Value,Product-026,1,1,44.05,7.68,0.1743,44.05
2025-08-08,2025,2025-08,Home,Apex Prime,Product-077,1,1,28.06,2.9,0.1034,28.06
2025-10-24,2025,2025-10,Beauty,Apex Prime,Product-008,1,1,25.05,3.49,0.1392,25.05
2025-08-31,2025,2025-08,Fitness,Apex Essentials,Product-068,1,2,109.36,13.59,0.1243,109.36
2025-07-13,2025,2025-07,Kitchen,Apex Essentials,Product-008,1,3,101.36,13.02,0.1285,101.36
2025-12-13,2025,2025-12,Electronics,Apex Outdoor,Product-030,1,1,64.83,7.08,0.1092,64.83
2025-10-02,2025,2025-10,Home,Apex Essentials,Product-008,1,1,41.03,4.38,0.1067,41.03
2025-10-16,2025,2025-10,Fitness,Apex Outdoor,Product-011,1,3,108.21,18.09,0.1672,108.21
2025-09-07,2025,2025-09,Kitchen,Apex Prime,Product-018,1,1,29.88,3.43,0.1148,29.88
2025-09-02,2025,2025-09,Home,Apex Outdoor,Product-045,1,1,36.52,3.79,0.1037,36.52
2025-12-07,2025,2025-12,Fitness,Apex Prime,Product-017,1,1,28.97,4.18,0.1444,28.97
2025-07-22,2025,2025-07,Electronics,Apex Essentials,Product-063,1,1,64.29,9.59,0.1491,64.29
2025-08-29,2025,2025-08,Home,Apex Value,Product-027,1,1,31.14,4.48,0.144,31.14
2025-10-29,2025,2025-10,Electronics,Apex Value,Product-028,1,1,57.52,6.16,0.1071,57.52
2025-07-05,2025,2025-07,Fitness,Apex Outdoor,Product-035,1,2,91.73,15.26,0.1664,91.73
2025-08-03,2025,2025-08,Home,Apex Outdoor,Product-063,1,1,25.23,3.32,0.1315,25.23
2025-12-05,2025,2025-12,Fitness,Apex Value,Product-063,1,1,49.82,8.72,0.1751,49.82
2025-09-09,2025,2025-09,Kitchen,Apex Prime,Product-024,1,1,35.14,5.36,0.1525,35.14
2025-09-01,2025,2025-09,Beauty,Apex Value,Product-080,1,1,33.63,5.8,0.1724,33.63
2025-12-06,2025,2025-12,Beauty,Apex Prime,Product-078,1,1,26.33,2.98,0.1131,26.33
2025-09-11,2025,2025-09,Beauty,Apex Prime,Product-066,1,1,21.67,2.9,0.1338,21.67
2025-10-01,2025,2025-10,Home,Apex Prime,Product-009,1,1,39.91,6.37,0.1595,39.91
2025-11-22,2025,2025-11,Kitchen,Apex Value,Product-019,1,1,20.78,2.1,0.1012,20.78
2025-12-24,2025,2025-12,Beauty,Apex Essentials,Product-070,1,1,16.18,2.76,0.1705,16.18
2025-07-22,2025,2025-07,Electronics,Apex Essentials,Product-056,1,1,51.63,6.69,0.1295,51.63
2025-10-24,2025,2025-10,Electronics,Apex Outdoor,Product-062,1,1,63.23,6.4,0.1012,63.23
2025-11-14,2025,2025-11,Fitness,Apex Outdoor,Product-060,1,1,28.72,3.75,0.1304,28.72
2025-08-13,2025,2025-08,Fitness,Apex Outdoor,Product-042,1,1,37.72,5.79,0.1535,37.72
2025-12-05,2025,2025-12,Fitness,Apex Outdoor,Product-004,1,1,72.92,12.48,0.1711,72.92
2025-10-30,2025,2025-10,Beauty,Apex Essentials,Product-065,1,1,8.71,1.3,0.1489,8.71
2025-09-17,2025,2025-09,Kitchen,Apex Outdoor,Product-009,1,2,40.33,5.17,0.1281,40.33
2025-07-29,2025,2025-07,Home,Apex Essentials,Product-078,1,1,31.44,3.59,0.1141,31.44
2025-11-03,2025,2025-11,Beauty,Apex Essentials,Product-074,1,1,12.65,1.94,0.1533,12.65
2025-09-18,2025,2025-09,Beauty,Apex Essentials,Product-053,1,1,32.72,5.35,0.1635,32.72
2025-12-12,2025,2025-12,Kitchen,Apex Value,Product-036,1,1,31.24,5.49,0.1758,31.24
2025-08-25,2025,2025-08,Kitchen,Apex Prime,Product-041,1,1,40.22,4.6,0.1143,40.22
2025-07-09,2025,2025-07,Electronics,Apex Outdoor,Product-057,1,1,65.2,11.34,0.1739,65.2
2025-09-19,2025,2025-09,Home,Apex Essentials,Product-040,1,1,62.24,11.15,0.1791,62.24
2025-09-22,2025,2025-09,Kids,Apex Essentials,Product-046,1,1,16.8,2.79,0.166,16.8
2025-09-30,2025,2025-09,Fitness,Apex Essentials,Product-015,1,2,56.37,6.83,0.1211,56.37
2025-08-03,2025,2025-08,Beauty,Apex Outdoor,Product-001,1,1,24.46,2.64,0.108,24.46
2025-12-09,2025,2025-12,Electronics,Apex Value,Product-046,1,1,64.41,6.51,0.101,64.41
2025-07-02,2025,2025-07,Beauty,Apex Essentials,Product-010,1,1,16.35,2.16,0.132,16.35
2025-10-31,2025,2025-10,Electronics,Apex Outdoor,Product-019,1,2,95.86,13.7,0.1429,95.86
2025-10-06,2025,2025-10,Kids,Apex Outdoor,Product-003,1,1,30.41,3.75,0.1233,30.41
2025-11-09,2025,2025-11,Electronics,Apex Outdoor,Product-004,1,1,60.33,9.95,0.165,60.33
2025-10-30,2025,2025-10,Electronics,Apex Outdoor,Product-028,1,1,71.14,11.95,0.168,71.14
2025-12-08,2025,2025-12,Beauty,Apex Essentials,Product-040,1,1,31.82,3.4,0.107,31.82
2025-07-14,2025,2025-07,Kids,Apex Essentials,Product-076,1,1,12.36,1.95,0.1579,12.36
2025-12-15,2025,2025-12,Fitness,Apex Prime,Product-048,1,1,61.68,8.1,0.1313,61.68
2025-08-27,2025,2025-08,Fitness,Apex Essentials,Product-017,1,1,32.29,4.88,0.1512,32.29
2025-10-31,2025,2025-10,Beauty,Apex Prime,Product-077,1,1,8.0,1.15,0.1438,8.0
2025-07-10,2025,2025-07,Electronics,Apex Value,Product-050,1,2,116.59,18.85,0.1617,116.59
2025-09-15,2025,2025-09,Beauty,Apex Essentials,Product-024,1,1,15.53,2.51,0.1619,15.53
2025-08-10,2025,2025-08,Home,Apex Prime,Product-015,1,1,54.6,7.43,0.1361,54.6
2025-10-16,2025,2025-10,Fitness,Apex Prime,Product-059,1,1,57.34,7.05,0.1229,57.34
2025-11-08,2025,2025-11,Fitness,Apex Essentials,Product-055,1,1,46.05,6.37,0.1383,46.05
2025-07-31,2025,2025-07,Kids,Apex Value,Product-029,1,2,44.42,6.39,0.1438,44.42
2025-07-09,2025,2025-07,Electronics,Apex Outdoor,Product-062,1,1,69.55,10.88,0.1565,69.55
2025-08-05,2025,2025-08,Home,Apex Prime,Product-008,1,1,23.82,2.75,0.1154,23.82
2025-12-12,2025,2025-12,Kids,Apex Value,Product-054,1,1,8.0,0.87,0.1082,8.0
2025-12-26,2025,2025-12,Beauty,Apex Essentials,Product-079,1,1,26.0,3.15,0.1213,26.0
2025-07-05,2025,2025-07,Kitchen,Apex Outdoor,Product-002,1,1,18.91,2.32,0.1225,18.91
2025-08-06,2025,2025-08,Beauty,Apex Prime,Product-007,1,1,26.64,3.48,0.1305,26.64
2025-08-12,2025,2025-08,Beauty,Apex Value,Product-076,1,1,26.98,4.34,0.1608,26.98
2025-10-20,2025,2025-10,Home,Apex Prime,Product-034,1,1,22.25,2.46,0.1106,22.25
2025-07-07,2025,2025-07,Fitness,Apex Outdoor,Product-003,1,1,46.71,6.31,0.135,46.71
2025-11-23,2025,2025-11,Kitchen,Apex Prime,Product-014,1,1,20.23,3.05,0.151,20.23
2025-12-31,2025,2025-12,Fitness,Apex Prime,Product-008,1,2,79.87,8.99,0.1126,79.87
2025-10-01,2025,2025-10,Home,Apex Value,Product-048,1,1,40.79,5.29,0.1297,40.79
2025-08-20,2025,2025-08,Beauty,Apex Prime,Product-028,1,1,27.44,4.28,0.1558,27.44
2025-08-17,2025,2025-08,Kitchen,Apex Essentials,Product-038,1,1,39.67,4.54,0.1144,39.67
2025-09-15,2025,2025-09,Fitness,Apex Prime,Product-014,1,2,104.86,15.95,0.1521,104.86
2025-10-26,2025,2025-10,Kids,Apex Outdoor,Product-021,1,3,52.97,8.7,0.1642,52.97
2025-09-11,2025,2025-09,Kitchen,Apex Outdoor,Product-049,1,1,31.07,3.22,0.1035,31.07
2025-10-26,2025,2025-10,Beauty,Apex Prime,Product-028,1,1,14.18,2.39,0.1688,14.18
2025-12-15,2025,2025-12,Electronics,Apex Prime,Product-025,1,1,66.56,10.74,0.1614,66.56
2025-07-20,2025,2025-07,Home,Apex Outdoor,Product-065,1,2,43.55,6.82,0.1566,43.55
2025-12-11,2025,2025-12,Fitness,Apex Outdoor,Product-079,1,1,37.57,5.28,0.1406,37.57
2025-10-23,2025,2025-10,Electronics,Apex Prime,Product-044,1,1,58.22,10.39,0.1785,58.22
2025-11-24,2025,2025-11,Beauty,Apex Essentials,Product-070,1,1,11.14,1.17,0.1046,11.14
2025-10-04,2025,2025-10,Beauty,Apex Outdoor,Product-065,1,1,13.86,1.76,0.1267,13.86
2025-11-20,2025,2025-11,Fitness,Apex Outdoor,Product-068,1,1,51.15,9.17,0.1793,51.15
2025-07-16,2025,2025-07,Electronics,Apex Outdoor,Product-037,1,1,73.22,12.58,0.1718,73.22
2025-11-20,2025,2025-11,Kids,Apex Outdoor,Product-057,1,2,78.43,8.74,0.1114,78.43
2025-11-29,2025,2025-11,Kitchen,Apex Value,Product-059,1,2,69.99,9.6,0.1372,69.99
2025-12-08,2025,2025-12,Electronics,Apex Value,Product-021,1,2,101.03,11.68,0.1156,101.03
2025-12-15,2025,2025-12,Kids,Apex Outdoor,Product-029,1,2,33.38,4.88,0.1462,33.38
2025-07-04,2025,2025-07,Kitchen,Apex Prime,Product-021,1,1,27.83,3.61,0.1297,27.83
2025-12-07,2025,2025-12,Kids,Apex Value,Product-074,1,1,15.95,2.71,0.1702,15.95
2025-10-17,2025,2025-10,Electronics,Apex Value,Product-005,1,1,56.01,7.7,0.1374,56.01
2025-07-08,2025,2025-07,Electronics,Apex Essentials,Product-050,1,2,143.32,25.68,0.1792,143.32
2025-09-12,2025,2025-09,Kids,Apex Outdoor,Product-065,1,1,13.07,1.67,0.1281,13.07
2025-12-24,2025,2025-12,Kitchen,Apex Essentials,Product-015,1,1,31.63,3.34,0.1055,31.63
2025-10-03,2025,2025-10,Fitness,Apex Outdoor,Product-029,1,1,41.42,5.96,0.144,41.42
2025-09-11,2025,2025-09,Fitness,Apex Prime,Product-002,1,1,39.5,5.34,0.1353,39.5
2025-11-30,2025,2025-11,Kids,Apex Outdoor,Product-077,1,1,8.0,1.09,0.136,8.0
2025-11-02,2025,2025-11,Kitchen,Apex Prime,Product-009,1,2,59.19,7.32,0.1236,59.19
2025-10-04,2025,2025-10,Kids,Apex Outdoor,Product-073,1,1,46.76,6.73,0.1439,46.76
2025-07-24,2025,2025-07,Beauty,Apex Essentials,Product-015,1,1,27.97,4.95,0.1768,27.97
2025-09-28,2025,2025-09,Fitness,Apex Outdoor,Product-074,1,1,60.47,6.13,0.1013,60.47
2025-08-25,2025,2025-08,Kids,Apex Outdoor,Product-058,1,1,8.05,1.41,0.1749,8.05
2025-08-16,2025,2025-08,Fitness,Apex Prime,Product-075,1,1,29.33,3.79,0.1291,29.33
2025-08-04,2025,2025-08,Kitchen,Apex Essentials,Product-021,1,1,30.15,4.33,0.1437,30.15
2025-12-30,2025,2025-12,Fitness,Apex Outdoor,Product-038,1,2,71.41,11.93,0.167,71.41
2025-09-29,2025,2025-09,Fitness,Apex Prime,Product-040,1,1,58.41,8.28,0.1417,58.41
2025-11-19,2025,2025-11,Fitness,Apex Prime,Product-031,1,1,54.46,5.79,0.1064,54.46
2025-07-21,2025,2025-07,Beauty,Apex Prime,Product-015,1,2,64.32,11.27,0.1752,64.32
2025-11-29,2025,2025-11,Home,Apex Essentials,Product-038,1,2,72.31,9.2,0.1272,72.31
2025-08-01,2025,2025-08,Kitchen,Apex Essentials,Product-039,1,1,20.04,2.37,0.1184,20.04
2025-10-28,2025,2025-10,Kids,Apex Value,Product-015,1,1,24.03,2.57,0.1068,24.03
2025-12-03,2025,2025-12,Home,Apex Prime,Product-052,1,1,36.18,5.95,0.1645,36.18
2025-12-01,2025,2025-12,Beauty,Apex Prime,Product-011,1,1,23.45,2.39,0.1021,23.45
2025-07-28,2025,2025-07,Kids,Apex Essentials,Product-018,1,3,55.5,7.06,0.1272,55.5
2025-10-03,2025,2025-10,Beauty,Apex Essentials,Product-018,1,1,21.99,2.39,0.1087,21.99
2025-12-14,2025,2025-12,Fitness,Apex Essentials,Product-028,1,2,86.55,14.48,0.1673,86.55
2025-09-27,2025,2025-09,Fitness,Apex Essentials,Product-057,1,1,34.53,5.03,0.1457,34.53
2025-11-18,2025,2025-11,Beauty,Apex Value,Product-054,1,1,21.97,2.72,0.1237,21.97
2025-08-18,2025,2025-08,Beauty,Apex Outdoor,Product-005,1,1,9.55,1.13,0.1186,9.55
2025-12-12,2025,2025-12,Kids,Apex Outdoor,Product-061,1,1,17.0,2.21,0.1301,17.0
2025-09-19,2025,2025-09,Beauty,Apex Essentials,Product-015,1,1,9.46,1.28,0.135,9.46
2025-11-11,2025,2025-11,Electronics,Apex Prime,Product-002,1,1,76.56,10.04,0.1312,76.56
2025-11-11,2025,2025-11,Home,Apex Value,Product-057,1,1,36.71,4.21,0.1146,36.71
2025-12-04,2025,2025-12,Electronics,Apex Value,Product-022,1,1,67.4,9.46,0.1404,67.4
2025-11-03,2025,2025-11,Home,Apex Essentials,Product-055,1,1,35.86,6.38,0.1779,35.86
2025-09-22,2025,2025-09,Kitchen,Apex Prime,Product-043,1,1,31.63,4.2,0.1327,31.63
2025-10-27,2025,2025-10,Home,Apex Outdoor,Product-070,1,1,15.36,2.68,0.1743,15.36
2025-11-30,2025,2025-11,Electronics,Apex Value,Product-051,1,1,76.63,7.82,0.102,76.63
2025-12-27,2025,2025-12,Kids,Apex Essentials,Product-027,1,1,35.56,3.99,0.1123,35.56
2025-09-17,2025,2025-09,Fitness,Apex Essentials,Product-008,1,2,144.4,20.06,0.1389,144.4
2025-12-24,2025,2025-12,Home,Apex Value,Product-019,1,1,36.62,5.94,0.1623,36.62
2025-08-27,2025,2025-08,Home,Apex Outdoor,Product-003,1,1,24.38,3.92,0.1608,24.38
2025-08-17,2025,2025-08,Fitness,Apex Prime,Product-020,1,1,33.07,3.63,0.1099,33.07
2025-10-21,2025,2025-10,Beauty,Apex Essentials,Product-073,1,2,17.43,2.02,0.1158,17.43
2025-10-11,2025,2025-10,Home,Apex Essentials,Product-019,1,1,30.33,3.29,0.1086,30.33
2025-09-10,2025,2025-09,Electronics,Apex Outdoor,Product-068,1,3,222.45,24.45,0.1099,222.45
2025-07-14,2025,2025-07,Beauty,Apex Essentials,Product-026,1,2,41.84,4.42,0.1057,41.84
2025-10-08,2025,2025-10,Home,Apex Value,Product-001,1,1,14.07,1.89,0.134,14.07
2025-12-12,2025,2025-12,Kids,Apex Value,Product-058,1,1,16.85,2.35,0.1392,16.85
2025-08-10,2025,2025-08,Electronics,Apex Value,Product-050,1,1,58.65,7.39,0.126,58.65
2025-08-20,2025,2025-08,Kitchen,Apex Outdoor,Product-008,1,1,54.88,8.07,0.147,54.88
2025-10-16,2025,2025-10,Kids,Apex Essentials,Product-060,1,2,50.93,8.45,0.166,50.93
2025-12-15,2025,2025-12,Beauty,Apex Essentials,Product-049,1,1,30.69,3.19,0.104,30.69
2025-07-29,2025,2025-07,Electronics,Apex Prime,Product-031,1,1,68.02,10.15,0.1492,68.02
2025-10-17,2025,2025-10,Beauty,Apex Prime,Product-012,1,1,17.06,2.03,0.1187,17.06
2025-10-20,2025,2025-10,Home,Apex Prime,Product-062,1,1,30.91,4.69,0.1518,30.91
2025-10-09,2025,2025-10,Kids,Apex Outdoor,Product-060,1,1,10.41,1.39,0.1335,10.41
2025-11-01,2025,2025-11,Home,Apex Outdoor,Product-063,1,1,38.29,4.04,0.1056,38.29
2025-08-23,2025,2025-08,Home,Apex Prime,Product-042,1,1,36.58,4.44,0.1214,36.58
2025-08-21,2025,2025-08,Kitchen,Apex Essentials,Product-049,1,2,42.45,5.99,0.1411,42.45
2025-09-14,2025,2025-09,Kitchen,Apex Prime,Product-002,1,1,32.57,4.44,0.1362,32.57
2025-07-25,2025,2025-07,Home,Apex Outdoor,Product-039,1,1,47.65,7.13,0.1497,47.65
2025-07-07,2025,2025-07,Fitness,Apex Value,Product-006,1,1,39.92,4.69,0.1174,39.92
2025-08-26,2025,2025-08,Electronics,Apex Prime,Product-027,1,2,148.26,26.57,0.1792,148.26
2025-11-04,2025,2025-11,Kids,Apex Outdoor,Product-040,1,1,32.65,3.77,0.1156,32.65
2025-09-29,2025,2025-09,Fitness,Apex Outdoor,Product-036,1,1,53.66,7.43,0.1384,53.66
2025-07-16,2025,2025-07,Home,Apex Value,Product-055,1,1,36.93,3.76,0.1017,36.93
2025-12-30,2025,2025-12,Home,Apex Essentials,Product-042,1,1,35.52,5.2,0.1465,35.52
2025-08-28,2025,2025-08,Kids,Apex Prime,Product-054,1,2,50.49,6.63,0.1314,50.49
2025-11-06,2025,2025-11,Kitchen,Apex Prime,Product-005,1,1,25.04,3.94,0.1573,25.04
2025-12-18,2025,2025-12,Kitchen,Apex Value,Product-025,1,2,30.74,5.34,0.1736,30.74
2025-12-11,2025,2025-12,Beauty,Apex Value,Product-016,1,1,32.37,5.13,0.1584,32.37
2025-07-06,2025,2025-07,Home,Apex Essentials,Product-010,1,1,44.13,6.5,0.1474,44.13
2025-07-16,2025,2025-07,Beauty,Apex Value,Product-032,1,1,16.26,2.38,0.1463,16.26
2025-10-01,2025,2025-10,Fitness,Apex Outdoor,Product-021,1,1,54.33,9.57,0.1761,54.33
2025-08-29,2025,2025-08,Electronics,Apex Essentials,Product-024,1,1,45.01,6.87,0.1526,45.01
2025-08-28,2025,2025-08,Fitness,Apex Essentials,Product-025,1,1,63.97,8.88,0.1388,63.97
2025-11-26,2025,2025-11,Electronics,Apex Essentials,Product-063,1,2,123.32,19.76,0.1602,123.32
2025-07-20,2025,2025-07,Home,Apex Outdoor,Product-071,1,1,33.72,4.39,0.1302,33.72
2025-08-04,2025,2025-08,Kitchen,Apex Essentials,Product-066,1,3,64.91,8.07,0.1243,64.91
2025-12-24,2025,2025-12,Electronics,Apex Value,Product-048,1,3,204.8,34.57,0.1688,204.8
2025-11-02,2025,2025-11,Home,Apex Value,Product-052,1,1,48.09,6.08,0.1265,48.09
2025-12-23,2025,2025-12,Fitness,Apex Essentials,Product-009,1,2,128.06,20.52,0.1602,128.06
2025-12-06,2025,2025-12,Fitness,Apex Value,Product-031,1,2,121.72,15.77,0.1296,121.72
2025-12-17,2025,2025-12,Kids,Apex Prime,Product-068,1,1,8.0,1.26,0.1579,8.0
2025-07-26,2025,2025-07,Home,Apex Outdoor,Product-042,1,1,29.85,3.48,0.1167,29.85
2025-11-21,2025,2025-11,Fitness,Apex Outdoor,Product-071,1,1,54.56,8.17,0.1498,54.56
2025-07-31,2025,2025-07,Kitchen,Apex Outdoor,Product-079,1,1,48.77,7.28,0.1493,48.77
2025-11-01,2025,2025-11,Kids,Apex Prime,Product-044,1,1,19.91,3.13,0.1574,19.91
2025-11-30,2025,2025-11,Fitness,Apex Value,Product-042,1,1,53.98,7.75,0.1436,53.98
2025-10-12,2025,2025-10,Kitchen,Apex Prime,Product-048,1,1,8.32,1.29,0.1548,8.32
2025-10-25,2025,2025-10,Kids,Apex Outdoor,Product-076,1,1,27.24,2.98,0.1093,27.24
2025-07-31,2025,2025-07,Fitness,Apex Essentials,Product-017,1,1,34.62,5.29,0.1527,34.62
2025-12-19,2025,2025-12,Fitness,Apex Prime,Product-061,1,2,120.97,21.23,0.1755,120.97
2025-11-06,2025,2025-11,Fitness,Apex Outdoor,Product-012,1,2,105.63,17.75,0.168,105.63
2025-09-22,2025,2025-09,Home,Apex Outdoor,Product-003,1,1,29.76,3.98,0.1338,29.76
2025-11-21,2025,2025-11,Fitness,Apex Value,Product-026,1,1,54.67,7.13,0.1305,54.67
2025-10-07,2025,2025-10,Kids,Apex Value,Product-045,1,1,12.88,2.23,0.1731,12.88
2025-09-26,2025,2025-09,Electronics,Apex Outdoor,Product-035,1,1,57.4,6.66,0.1161,57.4
2025-12-15,2025,2025-12,Home,Apex Prime,Product-001,1,1,47.54,7.44,0.1566,47.54
2025-12-28,2025,2025-12,Kitchen,Apex Value,Product-004,1,3,72.62,10.67,0.1469,72.62
2025-09-25,2025,2025-09,Fitness,Apex Value,Product-009,1,1,34.26,4.29,0.1252,34.26
2025-07-26,2025,2025-07,Kitchen,Apex Prime,Product-052,1,1,11.18,1.62,0.1446,11.18
2025-09-30,2025,2025-09,Electronics,Apex Outdoor,Product-056,1,3,143.32,17.76,0.1239,143.32
2025-12-21,2025,2025-12,Electronics,Apex Outdoor,Product-035,1,2,127.34,19.62,0.1541,127.34
2025-11-19,2025,2025-11,Beauty,Apex Prime,Product-016,1,1,40.7,6.8,0.167,40.7
2025-07-24,2025,2025-07,Home,Apex Outdoor,Product-078,1,1,34.11,4.75,0.1392,34.11
2025-09-29,2025,2025-09,Fitness,Apex Prime,Product-074,1,1,51.45,8.78,0.1707,51.45
2025-10-31,2025,2025-10,Home,Apex Value,Product-076,1,1,33.38,5.23,0.1568,33.38
2025-10-08,2025,2025-10,Fitness,Apex Essentials,Product-029,1,1,36.43,5.64,0.1548,36.43
2025-08-13,2025,2025-08,Home,Apex Value,Product-062,1,1,36.97,6.15,0.1664,36.97
2025-09-15,2025,2025-09,Electronics,Apex Prime,Product-039,1,1,51.08,7.2,0.141,51.08
2025-07-07,2025,2025-07,Kids,Apex Value,Product-041,1,1,14.07,1.73,0.1227,14.07
2025-09-27,2025,2025-09,Home,Apex Value,Product-061,1,1,42.44,6.78,0.1598,42.44
2025-10-21,2025,2025-10,Fitness,Apex Outdoor,Product-029,1,1,23.87,3.24,0.1359,23.87
2025-12-06,2025,2025-12,Kids,Apex Outdoor,Product-008,1,1,11.25,1.56,0.1388,11.25
2025-07-11,2025,2025-07,Electronics,Apex Outdoor,Product-050,1,1,64.76,6.9,0.1066,64.76
2025-07-03,2025,2025-07,Kitchen,Apex Essentials,Product-064,1,1,15.62,2.39,0.1531,15.62
2025-11-10,2025,2025-11,Fitness,Apex Prime,Product-041,1,1,45.85,7.59,0.1656,45.85
2025-11-15,2025,2025-11,Kids,Apex Value,Product-037,1,1,8.0,1.39,0.1736,8.0
2025-08-09,2025,2025-08,Home,Apex Value,Product-011,1,1,27.52,4.93,0.1793,27.52
2025-11-15,2025,2025-11,Fitness,Apex Outdoor,Product-076,1,1,47.13,4.74,0.1006,47.13
2025-08-15,2025,2025-08,Beauty,Apex Essentials,Product-049,1,2,34.8,4.97,0.1429,34.8
2025-07-13,2025,2025-07,Electronics,Apex Value,Product-071,1,1,64.52,10.39,0.1611,64.52
2025-08-11,2025,2025-08,Home,Apex Outdoor,Product-057,1,1,38.63,6.76,0.1751,38.63
2025-08-09,2025,2025-08,Kids,Apex Prime,Product-048,1,1,11.98,1.99,0.166,11.98
2025-12-27,2025,2025-12,Home,Apex Value,Product-040,1,1,43.57,5.56,0.1277,43.57
2025-08-23,2025,2025-08,Beauty,Apex Value,Product-041,1,2,19.6,3.01,0.1534,19.6
2025-12-30,2025,2025-12,Kitchen,Apex Outdoor,Product-032,1,2,23.82,3.78,0.1587,23.82
2025-11-24,2025,2025-11,Home,Apex Essentials,Product-043,1,1,44.12,5.5,0.1247,44.12
2025-07-23,2025,2025-07,Kids,Apex Value,Product-027,1,1,16.61,1.8,0.1085,16.61
2025-11-29,2025,2025-11,Kids,Apex Value,Product-045,1,2,47.68,7.56,0.1585,47.68
2025-09-03,2025,2025-09,Fitness,Apex Prime,Product-015,1,1,57.14,6.74,0.1179,57.14
2025-12-19,2025,2025-12,Kids,Apex Essentials,Product-066,1,1,8.0,1.07,0.1334,8.0
2025-10-14,2025,2025-10,Home,Apex Essentials,Product-067,1,1,41.19,5.7,0.1383,41.19
2025-11-22,2025,2025-11,Electronics,Apex Outdoor,Product-045,1,1,69.37,10.72,0.1545,69.37
2025-07-16,2025,2025-07,Home,Apex Value,Product-033,1,1,49.45,7.48,0.1513,49.45
2025-10-27,2025,2025-10,Beauty,Apex Outdoor,Product-026,1,1,8.0,1.19,0.1484,8.0
2025-09-23,2025,2025-09,Beauty,Apex Value,Product-015,1,1,33.52,3.36,0.1003,33.52
2025-11-09,2025,2025-11,Kitchen,Apex Value,Product-074,1,2,48.76,7.78,0.1595,48.76
2025-08-03,2025,2025-08,Kids,Apex Value,Product-024,1,1,31.87,4.89,0.1533,31.87
2025-11-05,2025,2025-11,Fitness,Apex Outdoor,Product-039,1,1,42.46,7.2,0.1695,42.46
2025-12-14,2025,2025-12,Kitchen,Apex Outdoor,Product-011,1,2,37.09,4.35,0.1174,37.09
2025-12-16,2025,2025-12,Kitchen,Apex Outdoor,Product-008,1,1,21.65,2.92,0.1351,21.65
2025-10-26,2025,2025-10,Beauty,Apex Essentials,Product-076,1,1,24.88,3.76,0.151,24.88
2025-09-07,2025,2025-09,Fitness,Apex Prime,Product-072,1,1,60.92,9.11,0.1495,60.92
2025-12-31,2025,2025-12,Electronics,Apex Essentials,Product-057,1,1,53.25,7.09,0.1331,53.25
2025-09-24,2025,2025-09,Fitness,Apex Value,Product-054,1,2,74.01,12.55,0.1696,74.01
2025-11-09,2025,2025-11,Beauty,Apex Essentials,Product-080,1,1,15.5,2.74,0.1765,15.5
2025-10-26,2025,2025-10,Electronics,Apex Outdoor,Product-023,1,2,145.25,17.34,0.1194,145.25
2025-12-21,2025,2025-12,Beauty,Apex Outdoor,Product-059,1,1,23.51,3.73,0.1588,23.51
2025-12-18,2025,2025-12,Home,Apex Outdoor,Product-012,1,1,42.75,5.03,0.1176,42.75
2025-08-03,2025,2025-08,Kids,Apex Outdoor,Product-021,1,1,16.87,2.55,0.1513,16.87
2025-09-29,2025,2025-09,Fitness,Apex Essentials,Product-058,1,1,37.02,5.75,0.1553,37.02
2025-09-01,2025,2025-09,Home,Apex Essentials,Product-003,1,1,33.44,4.8,0.1436,33.44
2025-07-16,2025,2025-07,Fitness,Apex Essentials,Product-031,1,1,44.61,7.66,0.1717,44.61
2025-08-23,2025,2025-08,Home,Apex Outdoor,Product-005,1,1,34.22,4.33,0.1265,34.22
2025-09-22,2025,2025-09,Fitness,Apex Essentials,Product-062,1,1,66.58,10.75,0.1615,66.58
2025-09-23,2025,2025-09,Home,Apex Essentials,Product-035,1,1,39.12,6.64,0.1698,39.12
2025-09-12,2025,2025-09,Kitchen,Apex Essentials,Product-007,1,1,29.01,4.95,0.1705,29.01
2025-07-04,2025,2025-07,Kids,Apex Value,Product-037,1,1,10.1,1.25,0.1239,10.1
2025-08-04,2025,2025-08,Kitchen,Apex Value,Product-040,1,2,76.6,13.31,0.1738,76.6
2025-08-24,2025,2025-08,Kids,Apex Essentials,Product-060,1,2,16.0,2.25,0.1404,16.0
2025-11-28,2025,2025-11,Kids,Apex Prime,Product-061,1,1,23.44,2.88,0.1228,23.44
2025-10-04,2025,2025-10,Kitchen,Apex Outdoor,Product-060,1,1,43.95,4.85,0.1104,43.95
2025-08-12,2025,2025-08,Electronics,Apex Prime,Product-038,1,1,49.14,6.17,0.1255,49.14
2025-10-30,2025,2025-10,Beauty,Apex Outdoor,Product-020,1,1,25.95,3.63,0.14,25.95
2025-11-27,2025,2025-11,Kitchen,Apex Outdoor,Product-060,1,1,22.93,4.02,0.1751,22.93
2025-12-28,2025,2025-12,Kids,Apex Essentials,Product-004,1,1,26.52,3.12,0.1176,26.52
2025-07-02,2025,2025-07,Kids,Apex Prime,Product-026,1,1,15.9,1.68,0.1054,15.9
2025-07-18,2025,2025-07,Electronics,Apex Essentials,Product-047,1,1,65.47,8.58,0.131,65.47
2025-12-05,2025,2025-12,Kitchen,Apex Prime,Product-056,1,1,37.36,5.6,0.1499,37.36
2025-12-27,2025,2025-12,Beauty,Apex Outdoor,Product-010,1,1,13.21,1.65,0.1249,13.21
2025-12-14,2025,2025-12,Beauty,Apex Prime,Product-014,1,1,36.93,6.38,0.1728,36.93
2025-10-14,2025,2025-10,Kids,Apex Value,Product-073,1,1,8.0,1.17,0.1457,8.0
2025-11-28,2025,2025-11,Fitness,Apex Prime,Product-055,1,2,107.74,15.56,0.1444,107.74
2025-10-15,2025,2025-10,Electronics,Apex Value,Product-009,1,1,64.78,9.44,0.1458,64.78
2025-10-20,2025,2025-10,Kitchen,Apex Value,Product-043,1,1,31.88,4.77,0.1496,31.88
2025-11-07,2025,2025-11,Home,Apex Outdoor,Product-080,1,2,35.71,3.6,0.1007,35.71
2025-08-25,2025,2025-08,Kids,Apex Essentials,Product-021,1,2,25.68,4.41,0.1718,25.68
2025-07-07,2025,2025-07,Home,Apex Prime,Product-069,1,2,88.39,11.59,0.1311,88.39
2025-12-12,2025,2025-12,Beauty,Apex Outdoor,Product-027,1,1,20.64,2.37,0.1149,20.64
2025-07-31,2025,2025-07,Beauty,Apex Prime,Product-055,1,1,27.43,4.82,0.1756,27.43
2025-11-24,2025,2025-11,Home,Apex Prime,Product-038,1,1,27.79,4.47,0.161,27.79
2025-12-11,2025,2025-12,Home,Apex Prime,Product-051,1,1,34.97,4.94,0.1412,34.97
2025-10-07,2025,2025-10,Fitness,Apex Prime,Product-033,1,1,58.9,8.86,0.1505,58.9
2025-07-29,2025,2025-07,Electronics,Apex Value,Product-024,1,1,60.92,10.8,0.1773,60.92
2025-09-26,2025,2025-09,Home,Apex Value,Product-063,1,1,32.74,3.65,0.1115,32.74
2025-09-14,2025,2025-09,Electronics,Apex Outdoor,Product-072,1,1,54.1,7.77,0.1436,54.1
2025-12-25,2025,2025-12,Kids,Apex Outdoor,Product-001,1,2,44.88,4.54,0.1012,44.88
2025-09-21,2025,2025-09,Home,Apex Value,Product-053,1,1,22.74,2.84,0.1248,22.74
2025-08-16,2025,2025-08,Beauty,Apex Outdoor,Product-022,1,2,64.61,10.69,0.1655,64.61
2025-08-07,2025,2025-08,Kids,Apex Prime,Product-006,1,1,30.9,3.2,0.1036,30.9
2025-07-13,2025,2025-07,Kids,Apex Value,Product-049,1,1,10.3,1.13,0.1097,10.3
2025-08-18,2025,2025-08,Electronics,Apex Essentials,Product-023,1,1,56.89,6.29,0.1105,56.89
2025-08-28,2025,2025-08,Electronics,Apex Prime,Product-035,1,1,74.82,10.21,0.1365,74.82
2025-11-02,2025,2025-11,Beauty,Apex Essentials,Product-041,1,2,33.06,5.32,0.161,33.06
2025-12-30,2025,2025-12,Fitness,Apex Value,Product-026,1,1,61.68,7.7,0.1249,61.68
2025-07-22,2025,2025-07,Kitchen,Apex Outdoor,Product-071,1,1,33.15,4.87,0.147,33.15
2025-09-24,2025,2025-09,Fitness,Apex Prime,Product-039,1,1,43.13,6.52,0.1512,43.13
2025-10-18,2025,2025-10,Fitness,Apex Value,Product-048,1,1,39.75,7.1,0.1787,39.75
2025-12-23,2025,2025-12,Kitchen,Apex Outdoor,Product-067,1,1,30.05,3.18,0.1059,30.05
2025-12-15,2025,2025-12,Kitchen,Apex Value,Product-078,1,1,25.29,3.18,0.1256,25.29
2025-09-14,2025,2025-09,Fitness,Apex Prime,Product-017,1,1,40.47,7.12,0.176,40.47
2025-11-10,2025,2025-11,Home,Apex Outdoor,Product-078,1,2,76.03,10.15,0.1335,76.03
2025-12-04,2025,2025-12,Kitchen,Apex Outdoor,Product-077,1,1,38.68,6.28,0.1623,38.68
2025-12-29,2025,2025-12,Fitness,Apex Value,Product-010,1,1,16.88,2.16,0.1279,16.88
2025-07-24,2025,2025-07,Beauty,Apex Outdoor,Product-010,1,1,11.23,1.3,0.1156,11.23
2025-11-03,2025,2025-11,Home,Apex Value,Product-057,1,1,36.12,6.31,0.1748,36.12
2025-10-04,2025,2025-10,Beauty,Apex Outdoor,Product-018,1,1,38.42,4.51,0.1174,38.42
2025-07-05,2025,2025-07,Home,Apex Prime,Product-004,1,1,33.6,5.64,0.168,33.6
2025-09-05,2025,2025-09,Fitness,Apex Essentials,Product-057,1,2,71.62,11.37,0.1588,71.62
2025-11-23,2025,2025-11,Kids,Apex Value,Product-079,1,1,23.98,3.37,0.1407,23.98
2025-07-01,2025,2025-07,Beauty,Apex Essentials,Product-040,1,1,25.72,4.12,0.1603,25.72
2025-10-23,2025,2025-10,Kids,Apex Value,Product-008,1,1,8.0,0.83,0.1041,8.0
2025-10-26,2025,2025-10,Kitchen,Apex Value,Product-065,1,1,21.5,2.41,0.1119,21.5
2025-08-02,2025,2025-08,Kids,Apex Value,Product-037,1,2,22.07,2.98,0.1348,22.07
2025-10-23,2025,2025-10,Home,Apex Essentials,Product-029,1,1,40.64,5.5,0.1353,40.64
2025-08-02,2025,2025-08,Home,Apex Value,Product-068,1,2,81.34,13.96,0.1716,81.34
2025-12-26,2025,2025-12,Kitchen,Apex Value,Product-009,1,1,24.28,4.23,0.1744,24.28
2025-08-02,2025,2025-08,Home,Apex Value,Product-072,1,1,38.61,6.37,0.1651,38.61
2025-11-28,2025,2025-11,Fitness,Apex Outdoor,Product-037,1,3,94.02,10.05,0.1069,94.02
2025-11-24,2025,2025-11,Fitness,Apex Essentials,Product-033,1,1,47.12,8.44,0.1792,47.12
2025-11-22,2025,2025-11,Kids,Apex Value,Product-001,1,1,20.26,3.1,0.1529,20.26
2025-08-28,2025,2025-08,Home,Apex Prime,Product-038,1,1,20.5,2.68,0.1307,20.5
2025-12-05,2025,2025-12,Home,Apex Essentials,Product-068,1,1,48.17,7.3,0.1515,48.17
2025-08-09,2025,2025-08,Kitchen,Apex Outdoor,Product-022,1,1,31.02,4.57,0.1474,31.02
2025-10-22,2025,2025-10,Fitness,Apex Outdoor,Product-049,1,1,25.62,3.48,0.1359,25.62
2025-09-10,2025,2025-09,Beauty,Apex Outdoor,Product-001,1,1,19.97,2.97,0.1487,19.97
2025-10-15,2025,2025-10,Home,Apex Prime,Product-037,1,1,38.61,4.76,0.1233,38.61
2025-09-21,2025,2025-09,Home,Apex Outdoor,Product-070,1,1,25.41,2.84,0.1117,25.41
2025-10-09,2025,2025-10,Home,Apex Value,Product-027,1,1,21.6,3.54,0.1638,21.6
2025-11-07,2025,2025-11,Kids,Apex Outdoor,Product-072,1,1,24.09,2.86,0.1188,24.09
2025-07-22,2025,2025-07,Electronics,Apex Value,Product-032,1,1,79.21,14.25,0.1799,79.21
2025-09-15,2025,2025-09,Fitness,Apex Essentials,Product-071,1,2,76.01,9.11,0.1198,76.01
2025-12-29,2025,2025-12,Home,Apex Outdoor,Product-068,1,2,86.79,9.82,0.1131,86.79
2025-12-24,2025,2025-12,Electronics,Apex Prime,Product-078,1,1,45.05,4.94,0.1097,45.05
2025-08-19,2025,2025-08,Kitchen,Apex Prime,Product-016,1,1,28.06,3.21,0.1144,28.06
2025-09-09,2025,2025-09,Kitchen,Apex Prime,Product-068,1,1,27.35,4.87,0.178,27.35
2025-09-25,2025,2025-09,Beauty,Apex Outdoor,Product-023,1,1,11.03,1.59,0.1443,11.03
2025-11-02,2025,2025-11,Electronics,Apex Value,Product-038,1,1,57.92,9.85,0.17,57.92
2025-10-15,2025,2025-10,Kitchen,Apex Essentials,Product-063,1,2,52.55,5.27,0.1003,52.55
2025-08-14,2025,2025-08,Home,Apex Value,Product-041,1,1,27.7,4.9,0.1768,27.7
2025-09-03,2025,2025-09,Kids,Apex Prime,Product-030,1,1,29.92,3.77,0.126,29.92
2025-07-17,2025,2025-07,Home,Apex Value,Product-018,1,2,73.43,12.73,0.1734,73.43
2025-08-30,2025,2025-08,Home,Apex Essentials,Product-045,1,1,16.77,2.81,0.1675,16.77
2025-11-18,2025,2025-11,Fitness,Apex Value,Product-024,1,1,52.69,6.3,0.1196,52.69
2025-07-31,2025,2025-07,Electronics,Apex Value,Product-050,1,2,120.45,15.03,0.1248,120.45
2025-10-19,2025,2025-10,Kids,Apex Value,Product-057,1,1,13.36,1.89,0.1412,13.36
2025-09-08,2025,2025-09,Fitness,Apex Essentials,Product-008,1,1,65.17,11.31,0.1735,65.17
2025-08-08,2025,2025-08,Electronics,Apex Value,Product-066,1,1,60.0,10.45,0.1741,60.0
2025-07-07,2025,2025-07,Electronics,Apex Essentials,Product-019,1,1,60.43,10.45,0.1729,60.43
2025-08-18,2025,2025-08,Kitchen,Apex Outdoor,Product-042,1,2,59.39,9.4,0.1583,59.39
2025-09-28,2025,2025-09,Kitchen,Apex Prime,Product-002,1,1,15.01,1.62,0.108,15.01
2025-10-26,2025,2025-10,Kids,Apex Outdoor,Product-033,1,1,24.31,3.32,0.1367,24.31
2025-11-16,2025,2025-11,Electronics,Apex Essentials,Product-066,1,1,75.36,9.54,0.1266,75.36
2025-08-20,2025,2025-08,Kitchen,Apex Value,Product-068,1,1,37.28,5.67,0.1521,37.28
2025-11-13,2025,2025-11,Fitness,Apex Prime,Product-072,1,1,55.52,7.82,0.1408,55.52
2025-09-15,2025,2025-09,Home,Apex Prime,Product-036,1,1,44.89,5.69,0.1268,44.89
2025-11-15,2025,2025-11,Kids,Apex Outdoor,Product-055,1,1,43.44,5.67,0.1306,43.44
2025-10-29,2025,2025-10,Home,Apex Outdoor,Product-010,1,2,43.01,7.03,0.1634,43.01
2025-09-23,2025,2025-09,Beauty,Apex Prime,Product-058,1,2,25.06,4.01,0.1601,25.06
2025-10-07,2025,2025-10,Beauty,Apex Value,Product-027,1,1,15.23,2.46,0.1618,15.23
2025-11-13,2025,2025-11,Fitness,Apex Outdoor,Product-057,1,1,30.4,3.47,0.1142,30.4
2025-10-23,2025,2025-10,Fitness,Apex Essentials,Product-012,1,1,43.14,5.42,0.1257,43.14
2025-12-10,2025,2025-12,Beauty,Apex Prime,Product-023,1,1,20.44,2.79,0.1364,20.44
2025-07-03,2025,2025-07,Electronics,Apex Outdoor,Product-012,1,1,63.15,11.02,0.1745,63.15
2025-09-29,2025,2025-09,Fitness,Apex Value,Product-074,1,2,76.62,9.17,0.1197,76.62
2025-10-31,2025,2025-10,Kids,Apex Outdoor,Product-048,1,1,32.37,5.47,0.1691,32.37
2025-10-21,2025,2025-10,Kitchen,Apex Value,Product-059,1,1,8.0,0.89,0.1116,8.0
2025-09-03,2025,2025-09,Fitness,Apex Prime,Product-019,1,1,39.02,4.75,0.1217,39.02
2025-07-18,2025,2025-07,Beauty,Apex Outdoor,Product-017,1,1,45.8,6.86,0.1498,45.8
2025-10-23,2025,2025-10,Kitchen,Apex Prime,Product-029,1,1,26.79,2.8,0.1044,26.79
2025-11-13,2025,2025-11,Kitchen,Apex Value,Product-007,1,1,27.14,3.94,0.1451,27.14
2025-10-18,2025,2025-10,Fitness,Apex Outdoor,Product-042,1,1,56.5,7.38,0.1306,56.5
2025-08-06,2025,2025-08,Fitness,Apex Value,Product-056,1,1,47.84,6.88,0.1438,47.84
2025-11-13,2025,2025-11,Kitchen,Apex Value,Product-002,1,1,8.0,0.9,0.1124,8.0
2025-09-23,2025,2025-09,Electronics,Apex Value,Product-061,1,1,62.08,8.94,0.144,62.08
2025-09-22,2025,2025-09,Kitchen,Apex Outdoor,Product-028,1,2,67.22,10.0,0.1487,67.22
2025-09-30,2025,2025-09,Beauty,Apex Essentials,Product-018,1,1,30.25,3.86,0.1275,30.25
2025-08-24,2025,2025-08,Kids,Apex Outdoor,Product-009,1,1,13.89,2.0,0.1437,13.89
2025-11-17,2025,2025-11,Beauty,Apex Essentials,Product-007,1,2,81.73,12.6,0.1542,81.73
2025-07-15,2025,2025-07,Electronics,Apex Prime,Product-048,1,1,38.16,5.56,0.1458,38.16
2025-10-21,2025,2025-10,Electronics,Apex Prime,Product-012,1,1,65.3,11.57,0.1772,65.3
2025-08-26,2025,2025-08,Kitchen,Apex Value,Product-021,1,1,34.79,4.47,0.1284,34.79
2025-12-06,2025,2025-12,Electronics,Apex Value,Product-076,1,1,76.27,12.42,0.1628,76.27
2025-08-29,2025,2025-08,Home,Apex Essentials,Product-064,1,1,43.42,5.54,0.1277,43.42
2025-07-30,2025,2025-07,Kitchen,Apex Outdoor,Product-052,1,1,24.04,3.81,0.1584,24.04
2025-11-03,2025,2025-11,Beauty,Apex Essentials,Product-026,1,1,8.0,0.84,0.1046,8.0
2025-12-01,2025,2025-12,Fitness,Apex Essentials,Product-069,1,1,48.4,6.09,0.1259,48.4
2025-09-13,2025,2025-09,Fitness,Apex Prime,Product-050,1,1,65.21,8.66,0.1328,65.21
2025-10-04,2025,2025-10,Kitchen,Apex Essentials,Product-047,1,1,24.98,3.24,0.1297,24.98
2025-11-23,2025,2025-11,Beauty,Apex Outdoor,Product-044,1,1,41.64,4.69,0.1127,41.64
2025-08-22,2025,2025-08,Electronics,Apex Outdoor,Product-006,1,2,123.87,14.9,0.1203,123.87
2025-11-12,2025,2025-11,Home,Apex Value,Product-052,1,1,34.58,3.91,0.1132,34.58
2025-07-18,2025,2025-07,Kitchen,Apex Essentials,Product-047,1,1,51.57,6.26,0.1214,51.57
2025-12-10,2025,2025-12,Fitness,Apex Prime,Product-055,1,1,40.7,6.67,0.1639,40.7
2025-10-06,2025,2025-10,Fitness,Apex Value,Product-009,1,1,44.27,7.28,0.1645,44.27
2025-08-17,2025,2025-08,Beauty,Apex Essentials,Product-045,1,1,26.19,3.84,0.1465,26.19
2025-11-04,2025,2025-11,Kids,Apex Essentials,Product-080,1,2,47.15,6.63,0.1406,47.15
2025-08-25,2025,2025-08,Kitchen,Apex Essentials,Product-051,1,1,25.92,3.58,0.1382,25.92
2025-11-04,2025,2025-11,Electronics,Apex Outdoor,Product-066,1,1,41.27,6.76,0.1638,41.27
2025-11-09,2025,2025-11,Electronics,Apex Prime,Product-065,1,1,62.71,7.68,0.1224,62.71
2025-10-08,2025,2025-10,Kitchen,Apex Value,Product-065,1,1,16.43,2.71,0.1648,16.43
2025-10-31,2025,2025-10,Home,Apex Essentials,Product-032,1,2,67.99,11.14,0.1639,67.99
2025-08-07,2025,2025-08,Electronics,Apex Value,Product-029,1,1,77.44,13.12,0.1694,77.44
2025-07-21,2025,2025-07,Electronics,Apex Outdoor,Product-016,1,1,64.87,7.99,0.1232,64.87
2025-10-03,2025,2025-10,Electronics,Apex Essentials,Product-051,1,1,67.32,8.31,0.1234,67.32
2025-10-04,2025,2025-10,Home,Apex Value,Product-029,1,1,31.77,4.89,0.1538,31.77
2025-08-14,2025,2025-08,Kitchen,Apex Value,Product-061,1,1,25.08,4.45,0.1776,25.08
2025-08-24,2025,2025-08,Home,Apex Prime,Product-011,1,1,39.34,4.94,0.1256,39.34
2025-11-20,2025,2025-11,Beauty,Apex Essentials,Product-063,1,1,32.07,5.39,0.1681,32.07
2025-09-01,2025,2025-09,Kids,Apex Essentials,Product-055,1,1,22.16,3.65,0.1645,22.16
2025-08-18,2025,2025-08,Kids,Apex Value,Product-006,1,1,20.02,2.09,0.1046,20.02
2025-11-07,2025,2025-11,Electronics,Apex Outdoor,Product-014,1,1,66.21,10.43,0.1576,66.21
2025-10-10,2025,2025-10,Beauty,Apex Prime,Product-014,1,1,8.0,1.09,0.1366,8.0
2025-08-02,2025,2025-08,Fitness,Apex Outdoor,Product-008,1,1,43.07,7.14,0.1657,43.07
2025-08-07,2025,2025-08,Fitness,Apex Essentials,Product-006,1,2,121.85,14.73,0.1209,121.85
2025-12-14,2025,2025-12,Kids,Apex Prime,Product-069,1,1,24.4,3.81,0.1561,24.4
2025-09-09,2025,2025-09,Beauty,Apex Prime,Product-080,1,2,72.32,7.77,0.1075,72.32
2025-11-11,2025,2025-11,Electronics,Apex Value,Product-042,1,1,62.4,8.77,0.1405,62.4
2025-11-06,2025,2025-11,Beauty,Apex Outdoor,Product-036,1,2,26.78,4.46,0.1667,26.78
2025-11-19,2025,2025-11,Beauty,Apex Value,Product-069,1,2,40.47,5.51,0.1361,40.47
2025-08-29,2025,2025-08,Beauty,Apex Essentials,Product-059,1,1,27.16,3.32,0.1223,27.16
2025-12-23,2025,2025-12,Fitness,Apex Essentials,Product-025,1,1,52.14,8.49,0.1629,52.14
2025-11-10,2025,2025-11,Kitchen,Apex Value,Product-023,1,3,127.02,16.31,0.1284,127.02
2025-09-16,2025,2025-09,Home,Apex Essentials,Product-050,1,1,38.45,5.41,0.1406,38.45
2025-12-31,2025,2025-12,Beauty,Apex Essentials,Product-035,1,2,39.89,4.71,0.1181,39.89
2025-07-13,2025,2025-07,Electronics,Apex Essentials,Product-003,1,1,68.38,10.54,0.1541,68.38
2025-10-23,2025,2025-10,Beauty,Apex Value,Product-080,1,1,32.06,5.08,0.1585,32.06
2025-08-05,2025,2025-08,Kids,Apex Essentials,Product-002,1,1,30.84,4.13,0.1338,30.84
2025-08-10,2025,2025-08,Kitchen,Apex Essentials,Product-050,1,2,43.4,6.69,0.1541,43.4
2025-10-24,2025,2025-10,Electronics,Apex Outdoor,Product-045,1,1,55.76,8.22,0.1474,55.76
2025-09-24,2025,2025-09,Electronics,Apex Outdoor,Product-078,1,1,66.99,10.24,0.1528,66.99
2025-11-26,2025,2025-11,Electronics,Apex Outdoor,Product-036,1,1,57.08,8.6,0.1507,57.08
2025-12-15,2025,2025-12,Home,Apex Value,Product-076,1,1,23.37,2.82,0.1207,23.37
2025-10-28,2025,2025-10,Kids,Apex Prime,Product-080,1,1,34.28,3.79,0.1106,34.28
2025-09-12,2025,2025-09,Fitness,Apex Value,Product-042,1,1,52.33,6.07,0.1159,52.33
2025-09-03,2025,2025-09,Kitchen,Apex Outdoor,Product-022,1,1,39.92,5.07,0.127,39.92
2025-12-09,2025,2025-12,Beauty,Apex Prime,Product-022,1,2,20.78,3.25,0.1565,20.78
2025-11-03,2025,2025-11,Beauty,Apex Outdoor,Product-008,1,2,46.7,6.07,0.1299,46.7
2025-07-19,2025,2025-07,Home,Apex Value,Product-026,1,1,34.54,5.29,0.1533,34.54
2025-07-03,2025,2025-07,Electronics,Apex Outdoor,Product-077,1,1,70.22,8.46,0.1205,70.22
2025-12-23,2025,2025-12,Kitchen,Apex Value,Product-033,1,1,23.55,3.41,0.1448,23.55
2025-11-25,2025,2025-11,Beauty,Apex Prime,Product-028,1,1,11.9,2.05,0.1723,11.9
2025-11-16,2025,2025-11,Fitness,Apex Value,Product-065,1,1,33.11,5.44,0.1642,33.11
2025-09-04,2025,2025-09,Kids,Apex Essentials,Product-067,1,1,12.4,2.23,0.1799,12.4
2025-09-13,2025,2025-09,Kids,Apex Value,Product-066,1,1,28.38,4.76,0.1678,28.38
2025-08-15,2025,2025-08,Kids,Apex Value,Product-044,1,2,46.53,6.84,0.147,46.53
2025-08-06,2025,2025-08,Fitness,Apex Value,Product-042,1,2,77.49,8.99,0.116,77.49
2025-12-11,2025,2025-12,Kids,Apex Outdoor,Product-044,1,1,8.0,1.05,0.1318,8.0
2025-12-14,2025,2025-12,Kitchen,Apex Value,Product-043,1,1,34.99,4.35,0.1243,34.99
2025-09-28,2025,2025-09,Fitness,Apex Prime,Product-065,1,1,43.4,6.09,0.1403,43.4
2025-12-25,2025,2025-12,Kids,Apex Value,Product-057,1,1,8.0,0.91,0.114,8.0
2025-12-17,2025,2025-12,Fitness,Apex Prime,Product-080,1,1,39.95,6.82,0.1706,39.95
2025-11-26,2025,2025-11,Beauty,Apex Essentials,Product-017,1,1,31.28,4.83,0.1544,31.28
2025-08-10,2025,2025-08,Beauty,Apex Essentials,Product-004,1,1,28.42,4.38,0.154,28.42
2025-11-22,2025,2025-11,Kitchen,Apex Value,Product-057,1,2,51.81,5.22,0.1008,51.81
2025-12-16,2025,2025-12,Kitchen,Apex Outdoor,Product-047,1,1,25.87,2.73,0.1054,25.87
2025-10-27,2025,2025-10,Fitness,Apex Essentials,Product-071,1,1,60.27,8.39,0.1392,60.27
2025-10-24,2025,2025-10,Kitchen,Apex Outdoor,Product-017,1,1,19.13,1.98,0.1036,19.13
2025-10-05,2025,2025-10,Electronics,Apex Outdoor,Product-079,1,1,42.22,5.66,0.134,42.22
2025-11-16,2025,2025-11,Electronics,Apex Essentials,Product-057,1,1,49.0,5.05,0.103,49.0
2025-12-06,2025,2025-12,Beauty,Apex Outdoor,Product-020,1,1,23.99,3.32,0.1385,23.99
2025-08-27,2025,2025-08,Fitness,Apex Prime,Product-023,1,1,49.85,8.8,0.1765,49.85
2025-11-06,2025,2025-11,Kitchen,Apex Essentials,Product-074,1,1,19.82,3.36,0.1696,19.82
2025-12-21,2025,2025-12,Beauty,Apex Outdoor,Product-032,1,2,53.25,7.94,0.1492,53.25
2025-07-01,2025,2025-07,Beauty,Apex Value,Product-047,1,1,24.37,4.06,0.1664,24.37
2025-11-14,2025,2025-11,Fitness,Apex Prime,Product-031,1,1,31.98,5.12,0.16,31.98
2025-09-02,2025,2025-09,Kitchen,Apex Value,Product-063,1,1,43.8,7.41,0.1691,43.8
2025-07-05,2025,2025-07,Kids,Apex Prime,Product-026,1,1,23.93,3.64,0.152,23.93
2025-07-28,2025,2025-07,Electronics,Apex Prime,Product-018,1,1,59.42,10.58,0.178,59.42
2025-08-13,2025,2025-08,Electronics,Apex Value,Product-009,1,1,62.22,6.62,0.1064,62.22
2025-10-09,2025,2025-10,Electronics,Apex Outdoor,Product-072,1,1,69.17,9.7,0.1402,69.17
2025-07-23,2025,2025-07,Kids,Apex Outdoor,Product-021,1,2,48.74,6.9,0.1416,48.74
2025-07-30,2025,2025-07,Kids,Apex Essentials,Product-079,1,1,15.3,2.41,0.1574,15.3
2025-09-26,2025,2025-09,Beauty,Apex Prime,Product-008,1,2,68.16,7.19,0.1055,68.16
2025-08-29,2025,2025-08,Home,Apex Outdoor,Product-021,1,2,70.03,10.63,0.1518,70.03
2025-11-12,2025,2025-11,Kids,Apex Essentials,Product-049,1,1,25.54,4.01,0.157,25.54
2025-10-21,2025,2025-10,Beauty,Apex Outdoor,Product-046,1,1,8.0,1.4,0.1745,8.0
2025-07-02,2025,2025-07,Kids,Apex Essentials,Product-009,1,1,14.25,1.63,0.1142,14.25
2025-10-15,2025,2025-10,Electronics,Apex Prime,Product-016,1,1,51.41,7.76,0.1509,51.41
2025-12-25,2025,2025-12,Fitness,Apex Prime,Product-063,1,1,56.8,7.38,0.13,56.8
2025-08-08,2025,2025-08,Beauty,Apex Value,Product-022,1,1,30.87,4.64,0.1502,30.87
2025-09-11,2025,2025-09,Fitness,Apex Outdoor,Product-011,1,1,42.39,4.93,0.1163,42.39
2025-07-26,2025,2025-07,Home,Apex Essentials,Product-054,1,1,25.63,3.15,0.1229,25.63
2025-07-29,2025,2025-07,Kids,Apex Essentials,Product-002,1,1,31.38,3.98,0.1268,31.38
2025-12-25,2025,2025-12,Kitchen,Apex Outdoor,Product-026,1,1,43.98,4.53,0.1031,43.98
2025-08-28,2025,2025-08,Beauty,Apex Outdoor,Product-009,1,1,46.47,8.14,0.1752,46.47
2025-12-29,2025,2025-12,Beauty,Apex Prime,Product-040,1,3,59.27,9.64,0.1626,59.27
2025-07-08,2025,2025-07,Beauty,Apex Value,Product-071,1,1,24.49,3.44,0.1406,24.49
2025-08-28,2025,2025-08,Kids,Apex Prime,Product-078,1,1,32.51,5.35,0.1647,32.51
2025-07-25,2025,2025-07,Electronics,Apex Essentials,Product-029,1,1,58.89,8.0,0.1358,58.89
2025-10-01,2025,2025-10,Electronics,Apex Outdoor,Product-056,1,1,64.15,8.76,0.1365,64.15
2025-12-08,2025,2025-12,Kids,Apex Prime,Product-034,1,1,14.17,1.68,0.1183,14.17
2025-12-07,2025,2025-12,Electronics,Apex Value,Product-069,1,1,79.52,8.63,0.1085,79.52
2025-08-17,2025,2025-08,Kids,Apex Value,Product-054,1,1,8.0,1.13,0.1407,8.0
2025-12-17,2025,2025-12,Home,Apex Prime,Product-033,1,2,46.06,8.04,0.1745,46.06
2025-07-03,2025,2025-07,Kitchen,Apex Essentials,Product-047,1,1,25.47,4.47,0.1754,25.47
2025-08-27,2025,2025-08,Beauty,Apex Value,Product-013,1,1,21.55,2.59,0.1201,21.55
2025-07-02,2025,2025-07,Electronics,Apex Value,Product-029,1,1,43.0,6.93,0.1612,43.0
2025-07-01,2025,2025-07,Beauty,Apex Essentials,Product-077,1,1,26.05,3.49,0.1339,26.05
2025-08-08,2025,2025-08,Beauty,Apex Prime,Product-028,1,1,13.9,1.47,0.1055,13.9
2025-10-24,2025,2025-10,Electronics,Apex Outdoor,Product-073,1,1,66.45,10.42,0.1568,66.45
2025-08-15,2025,2025-08,Fitness,Apex Value,Product-006,1,1,31.48,5.34,0.1695,31.48
2025-08-04,2025,2025-08,Electronics,Apex Value,Product-012,1,1,65.38,10.15,0.1552,65.38
2025-12-05,2025,2025-12,Fitness,Apex Outdoor,Product-058,1,2,89.41,9.06,0.1013,89.41
2025-09-14,2025,2025-09,Kids,Apex Value,Product-008,1,1,8.2,1.47,0.1793,8.2
2025-09-28,2025,2025-09,Electronics,Apex Value,Product-080,1,3,209.49,27.25,0.1301,209.49
2025-12-04,2025,2025-12,Fitness,Apex Value,Product-035,1,1,36.11,3.8,0.1053,36.11
2025-09-29,2025,2025-09,Kids,Apex Essentials,Product-056,1,1,26.4,3.83,0.145,26.4
2025-10-28,2025,2025-10,Fitness,Apex Outdoor,Product-021,1,1,32.76,5.7,0.1741,32.76
2025-12-08,2025,2025-12,Beauty,Apex Value,Product-016,1,2,61.17,8.91,0.1456,61.17
2025-11-03,2025,2025-11,Fitness,Apex Prime,Product-007,1,2,92.74,16.21,0.1748,92.74
2025-11-18,2025,2025-11,Beauty,Apex Outdoor,Product-042,1,1,17.69,2.97,0.1679,17.69
2025-08-08,2025,2025-08,Kids,Apex Value,Product-002,1,1,28.12,3.78,0.1344,28.12
2025-09-20,2025,2025-09,Electronics,Apex Outdoor,Product-024,1,1,79.95,11.22,0.1403,79.95
2025-11-15,2025,2025-11,Beauty,Apex Outdoor,Product-063,1,1,22.12,3.75,0.1695,22.12
2025-08-02,2025,2025-08,Beauty,Apex Essentials,Product-048,1,1,30.02,5.34,0.178,30.02
2025-10-01,2025,2025-10,Kitchen,Apex Outdoor,Product-046,1,1,24.89,3.06,0.1228,24.89
2025-08-16,2025,2025-08,Home,Apex Essentials,Product-038,1,1,35.94,4.77,0.1328,35.94
2025-07-08,2025,2025-07,Kitchen,Apex Value,Product-049,1,3,101.73,12.03,0.1183,101.73
2025-11-03,2025,2025-11,Electronics,Apex Outdoor,Product-040,1,1,60.74,10.88,0.1792,60.74
2025-09-20,2025,2025-09,Electronics,Apex Essentials,Product-041,1,3,197.27,34.68,0.1758,197.27
2025-11-29,2025,2025-11,Electronics,Apex Outdoor,Product-008,1,1,67.35,8.64,0.1283,67.35
2025-09-19,2025,2025-09,Beauty,Apex Outdoor,Product-052,1,1,32.02,5.13,0.1603,32.02
2025-08-07,2025,2025-08,Electronics,Apex Value,Product-060,1,1,52.88,8.76,0.1657,52.88
2025-12-22,2025,2025-12,Beauty,Apex Outdoor,Product-078,1,1,32.96,5.89,0.1786,32.96
2025-08-05,2025,2025-08,Kitchen,Apex Essentials,Product-027,1,1,35.44,4.32,0.122,35.44
2025-07-28,2025,2025-07,Kids,Apex Outdoor,Product-046,1,2,47.62,6.81,0.143,47.62
2025-07-13,2025,2025-07,Fitness,Apex Outdoor,Product-040,1,1,68.57,9.67,0.141,68.57
2025-11-19,2025,2025-11,Home,Apex Prime,Product-048,1,1,41.08,5.25,0.1278,41.08
2025-09-23,2025,2025-09,Kids,Apex Essentials,Product-045,1,1,9.05,1.06,0.117,9.05
2025-11-25,2025,2025-11,Kitchen,Apex Outdoor,Product-046,1,1,8.0,0.85,0.1067,8.0
2025-10-05,2025,2025-10,Kitchen,Apex Essentials,Product-013,1,2,66.1,9.67,0.1463,66.1
2025-09-29,2025,2025-09,Kitchen,Apex Outdoor,Product-016,1,1,31.28,3.8,0.1215,31.28
2025-12-22,2025,2025-12,Electronics,Apex Outdoor,Product-047,1,1,74.39,12.83,0.1725,74.39
2025-08-20,2025,2025-08,Kids,Apex Prime,Product-027,1,1,12.37,2.15,0.1742,12.37
2025-11-18,2025,2025-11,Fitness,Apex Outdoor,Product-005,1,1,51.38,8.28,0.1611,51.38
2025-07-09,2025,2025-07,Electronics,Apex Value,Product-029,1,2,97.83,14.64,0.1496,97.83
2025-07-26,2025,2025-07,Fitness,Apex Prime,Product-062,1,1,49.23,8.67,0.1762,49.23
2025-10-12,2025,2025-10,Kitchen,Apex Essentials,Product-024,1,1,22.29,3.21,0.144,22.29
2025-08-13,2025,2025-08,Home,Apex Essentials,Product-045,1,1,23.48,2.77,0.1178,23.48
2025-07-27,2025,2025-07,Kitchen,Apex Prime,Product-038,1,2,54.0,7.82,0.1448,54.0
2025-07-18,2025,2025-07,Electronics,Apex Prime,Product-003,1,2,146.13,24.56,0.1681,146.13
2025-10-22,2025,2025-10,Electronics,Apex Essentials,Product-055,1,1,62.9,9.38,0.1492,62.9
2025-09-08,2025,2025-09,Electronics,Apex Essentials,Product-009,1,1,85.97,15.41,0.1792,85.97
2025-09-01,2025,2025-09,Home,Apex Outdoor,Product-051,1,1,56.69,7.47,0.1317,56.69
2025-10-07,2025,2025-10,Kids,Apex Outdoor,Product-021,1,1,29.67,5.02,0.1691,29.67
2025-10-17,2025,2025-10,Kitchen,Apex Prime,Product-052,1,1,47.31,7.04,0.1489,47.31
2025-10-25,2025,2025-10,Electronics,Apex Outdoor,Product-079,1,1,49.22,5.29,0.1075,49.22
2025-12-29,2025,2025-12,Kitchen,Apex Essentials,Product-058,1,1,18.03,3.16,0.1755,18.03
2025-11-12,2025,2025-11,Beauty,Apex Prime,Product-014,1,1,43.18,4.95,0.1147,43.18
2025-12-19,2025,2025-12,Kitchen,Apex Prime,Product-036,1,1,15.44,2.44,0.1582,15.44
2025-07-09,2025,2025-07,Home,Apex Essentials,Product-053,1,1,44.42,5.33,0.1201,44.42
2025-07-24,2025,2025-07,Kids,Apex Outdoor,Product-029,1,1,9.21,0.93,0.1012,9.21
2025-11-08,2025,2025-11,Electronics,Apex Essentials,Product-041,1,2,115.21,16.49,0.1431,115.21
2025-10-26,2025,2025-10,Electronics,Apex Prime,Product-038,1,1,65.84,9.27,0.1408,65.84
2025-10-03,2025,2025-10,Kids,Apex Value,Product-074,1,1,19.44,3.32,0.1706,19.44
2025-09-27,2025,2025-09,Home,Apex Value,Product-034,1,2,76.8,8.72,0.1135,76.8
2025-12-08,2025,2025-12,Kids,Apex Prime,Product-015,1,1,14.38,1.77,0.1234,14.38
2025-07-23,2025,2025-07,Home,Apex Value,Product-019,1,1,40.3,6.45,0.1601,40.3
2025-09-02,2025,2025-09,Home,Apex Value,Product-045,1,1,26.16,4.09,0.1565,26.16
2025-10-12,2025,2025-10,Beauty,Apex Value,Product-080,1,2,16.0,1.76,0.1099,16.0
2025-07-11,2025,2025-07,Kids,Apex Value,Product-062,1,1,15.97,2.05,0.1286,15.97
2025-07-09,2025,2025-07,Beauty,Apex Essentials,Product-005,1,2,51.41,5.88,0.1143,51.41
2025-10-29,2025,2025-10,Beauty,Apex Value,Product-029,1,1,33.73,5.5,0.1632,33.73
2025-10-29,2025,2025-10,Electronics,Apex Value,Product-008,1,1,56.81,10.17,0.1791,56.81
2025-12-21,2025,2025-12,Fitness,Apex Prime,Product-030,1,1,40.45,7.14,0.1765,40.45
2025-07-21,2025,2025-07,Fitness,Apex Value,Product-019,1,1,50.52,7.21,0.1428,50.52
2025-11-12,2025,2025-11,Fitness,Apex Prime,Product-059,1,1,42.32,5.39,0.1273,42.32
2025-11-19,2025,2025-11,Fitness,Apex Outdoor,Product-013,1,1,43.89,7.17,0.1634,43.89
2025-10-25,2025,2025-10,Fitness,Apex Prime,Product-069,1,2,87.53,10.24,0.117,87.53
2025-07-29,2025,2025-07,Fitness,Apex Prime,Product-006,1,2,102.42,11.8,0.1152,102.42
2025-07-21,2025,2025-07,Beauty,Apex Essentials,Product-019,1,1,19.71,3.06,0.1554,19.71
2025-12-13,2025,2025-12,Kitchen,Apex Essentials,Product-066,1,1,18.22,3.25,0.1783,18.22
2025-07-03,2025,2025-07,Fitness,Apex Essentials,Product-079,1,2,86.19,12.6,0.1462,86.19
2025-09-03,2025,2025-09,Fitness,Apex Value,Product-069,1,1,40.49,7.12,0.1759,40.49
2025-08-09,2025,2025-08,Beauty,Apex Outdoor,Product-015,1,1,8.0,0.89,0.1112,8.0
2025-12-06,2025,2025-12,Kids,Apex Value,Product-036,1,1,32.55,5.81,0.1786,32.55
2025-09-06,2025,2025-09,Fitness,Apex Value,Product-029,1,1,38.15,6.79,0.178,38.15
2025-12-13,2025,2025-12,Home,Apex Essentials,Product-045,1,2,86.85,12.3,0.1416,86.85
2025-12-24,2025,2025-12,Kitchen,Apex Essentials,Product-024,1,1,8.0,0.8,0.1003,8.0
2025-10-12,2025,2025-10,Fitness,Apex Outdoor,Product-015,1,1,62.46,10.27,0.1644,62.46
2025-12-14,2025,2025-12,Electronics,Apex Prime,Product-003,1,1,70.09,10.09,0.1439,70.09
2025-12-22,2025,2025-12,Electronics,Apex Prime,Product-008,1,1,66.24,7.7,0.1162,66.24
2025-11-20,2025,2025-11,Electronics,Apex Essentials,Product-068,1,2,137.17,23.48,0.1712,137.17
2025-09-20,2025,2025-09,Electronics,Apex Value,Product-031,1,1,58.21,7.16,0.123,58.21
2025-11-08,2025,2025-11,Fitness,Apex Outdoor,Product-004,1,1,32.57,5.39,0.1656,32.57
2025-10-25,2025,2025-10,Kids,Apex Prime,Product-076,1,1,21.64,3.38,0.1563,21.64
2025-10-26,2025,2025-10,Home,Apex Value,Product-046,1,1,49.2,6.15,0.1249,49.2
2025-12-29,2025,2025-12,Home,Apex Value,Product-017,1,1,36.19,5.69,0.1573,36.19
2025-10-10,2025,2025-10,Fitness,Apex Value,Product-009,1,1,33.69,5.05,0.1498,33.69
2025-08-05,2025,2025-08,Kitchen,Apex Prime,Product-023,1,1,13.28,1.62,0.1217,13.28
2025-10-26,2025,2025-10,Beauty,Apex Essentials,Product-046,1,1,22.27,3.57,0.1605,22.27
2025-10-02,2025,2025-10,Beauty,Apex Outdoor,Product-012,1,1,8.37,1.13,0.135,8.37
2025-08-31,2025,2025-08,Beauty,Apex Outdoor,Product-074,1,1,23.12,3.04,0.1313,23.12
2025-09-01,2025,2025-09,Electronics,Apex Essentials,Product-025,1,1,86.84,14.99,0.1726,86.84
2025-12-28,2025,2025-12,Fitness,Apex Outdoor,Product-006,1,1,59.41,6.39,0.1076,59.41
2025-10-14,2025,2025-10,Kids,Apex Value,Product-055,1,1,8.0,1.41,0.1768,8.0
2025-10-21,2025,2025-10,Home,Apex Value,Product-019,1,1,52.57,6.63,0.1261,52.57
2025-08-02,2025,2025-08,Kitchen,Apex Value,Product-021,1,1,44.24,4.5,0.1018,44.24
2025-08-30,2025,2025-08,Home,Apex Essentials,Product-041,1,1,43.07,7.18,0.1666,43.07
2025-09-14,2025,2025-09,Beauty,Apex Essentials,Product-009,1,1,14.96,2.07,0.1381,14.96
2025-07-26,2025,2025-07,Fitness,Apex Value,Product-009,1,1,41.2,5.53,0.1343,41.2
2025-12-19,2025,2025-12,Kitchen,Apex Outdoor,Product-064,1,1,49.65,8.31,0.1674,49.65
2025-07-06,2025,2025-07,Kitchen,Apex Outdoor,Product-055,1,1,24.8,3.81,0.1535,24.8
2025-11-21,2025,2025-11,Kitchen,Apex Prime,Product-069,1,1,34.78,5.71,0.1642,34.78
2025-08-31,2025,2025-08,Kitchen,Apex Value,Product-074,1,1,44.53,5.35,0.1202,44.53
2025-08-31,2025,2025-08,Electronics,Apex Essentials,Product-064,1,2,118.44,13.03,0.11,118.44
2025-08-07,2025,2025-08,Kitchen,Apex Value,Product-080,1,1,15.39,2.11,0.1372,15.39
2025-12-23,2025,2025-12,Beauty,Apex Outdoor,Product-011,1,1,17.37,1.95,0.1124,17.37
2025-12-20,2025,2025-12,Home,Apex Essentials,Product-023,1,1,28.14,4.2,0.1494,28.14
2025-12-08,2025,2025-12,Fitness,Apex Value,Product-035,1,1,55.22,5.59,0.1012,55.22
2025-09-12,2025,2025-09,Kids,Apex Outdoor,Product-032,1,1,25.94,3.82,0.1474,25.94
2025-12-11,2025,2025-12,Home,Apex Essentials,Product-020,1,1,28.38,3.38,0.119,28.38
2025-08-28,2025,2025-08,Kids,Apex Prime,Product-045,1,1,25.02,3.81,0.1524,25.02
2025-12-04,2025,2025-12,Kids,Apex Prime,Product-051,1,1,16.17,1.74,0.1075,16.17
2025-11-27,2025,2025-11,Kitchen,Apex Outdoor,Product-036,1,3,125.65,15.69,0.1249,125.65
2025-12-07,2025,2025-12,Beauty,Apex Value,Product-038,1,1,33.85,4.23,0.125,33.85
2025-08-06,2025,2025-08,Kitchen,Apex Prime,Product-010,1,1,35.93,5.56,0.1547,35.93
2025-09-25,2025,2025-09,Electronics,Apex Outdoor,Product-079,1,2,153.72,23.13,0.1505,153.72
2025-09-19,2025,2025-09,Kitchen,Apex Prime,Product-025,1,1,27.52,4.85,0.1761,27.52
2025-10-05,2025,2025-10,Beauty,Apex Prime,Product-060,1,1,15.92,1.77,0.1112,15.92
2025-07-08,2025,2025-07,Beauty,Apex Value,Product-001,1,1,28.04,3.1,0.1105,28.04
2025-07-16,2025,2025-07,Fitness,Apex Outdoor,Product-026,1,1,52.78,6.02,0.114,52.78
2025-08-25,2025,2025-08,Home,Apex Outdoor,Product-080,1,1,36.2,5.93,0.1637,36.2
2025-12-15,2025,2025-12,Kitchen,Apex Prime,Product-006,1,2,32.99,5.12,0.1553,32.99
2025-08-18,2025,2025-08,Beauty,Apex Prime,Product-008,1,2,62.27,10.83,0.1739,62.27
2025-09-09,2025,2025-09,Kitchen,Apex Outdoor,Product-004,1,2,46.9,7.17,0.1529,46.9
2025-11-24,2025,2025-11,Kitchen,Apex Prime,Product-052,1,1,23.59,4.16,0.1763,23.59
2025-12-03,2025,2025-12,Home,Apex Essentials,Product-055,1,1,35.21,3.72,0.1056,35.21
2025-09-16,2025,2025-09,Electronics,Apex Essentials,Product-046,1,1,73.12,9.29,0.127,73.12
2025-12-26,2025,2025-12,Kids,Apex Value,Product-055,1,1,38.03,4.48,0.1177,38.03
2025-12-22,2025,2025-12,Home,Apex Value,Product-052,1,1,28.48,4.94,0.1735,28.48
2025-10-10,2025,2025-10,Home,Apex Outdoor,Product-027,1,1,18.88,2.44,0.129,18.88
2025-11-26,2025,2025-11,Fitness,Apex Prime,Product-074,1,2,123.05,14.02,0.1139,123.05
2025-08-05,2025,2025-08,Beauty,Apex Essentials,Product-058,1,1,11.98,1.64,0.1372,11.98
2025-10-09,2025,2025-10,Kids,Apex Outdoor,Product-071,1,1,23.56,3.22,0.1368,23.56
2025-11-09,2025,2025-11,Beauty,Apex Prime,Product-048,1,1,32.86,4.51,0.1374,32.86
2025-09-30,2025,2025-09,Beauty,Apex Outdoor,Product-069,1,1,16.94,3.01,0.1779,16.94
2025-10-30,2025,2025-10,Kids,Apex Prime,Product-014,1,1,24.12,4.24,0.1758,24.12
2025-11-13,2025,2025-11,Kitchen,Apex Value,Product-050,1,2,50.25,8.83,0.1757,50.25
2025-09-12,2025,2025-09,Beauty,Apex Outdoor,Product-026,1,1,14.0,1.53,0.1093,14.0
2025-09-15,2025,2025-09,Electronics,Apex Prime,Product-077,1,1,86.33,12.79,0.1482,86.33
2025-08-27,2025,2025-08,Electronics,Apex Essentials,Product-073,1,1,36.05,6.2,0.1721,36.05
2025-11-15,2025,2025-11,Beauty,Apex Essentials,Product-024,1,1,27.81,4.67,0.168,27.81
2025-12-22,2025,2025-12,Electronics,Apex Outdoor,Product-020,1,2,118.93,18.95,0.1593,118.93
2025-10-22,2025,2025-10,Electronics,Apex Value,Product-039,1,1,66.23,9.44,0.1426,66.23
2025-12-30,2025,2025-12,Kitchen,Apex Prime,Product-018,1,1,8.54,1.38,0.1617,8.54
2025-07-17,2025,2025-07,Home,Apex Essentials,Product-004,1,1,41.22,5.28,0.1281,41.22
2025-09-02,2025,2025-09,Fitness,Apex Prime,Product-025,1,1,61.91,6.73,0.1087,61.91
2025-11-19,2025,2025-11,Kids,Apex Value,Product-068,1,2,41.69,5.16,0.1237,41.69
2025-12-25,2025,2025-12,Kids,Apex Outdoor,Product-022,1,1,10.9,1.64,0.1506,10.9
2025-08-07,2025,2025-08,Kids,Apex Value,Product-013,1,1,20.86,3.29,0.1579,20.86
2025-10-30,2025,2025-10,Home,Apex Essentials,Product-054,1,1,31.63,3.46,0.1094,31.63
2025-10-13,2025,2025-10,Kitchen,Apex Essentials,Product-061,1,1,58.84,9.03,0.1535,58.84
2025-10-31,2025,2025-10,Fitness,Apex Essentials,Product-062,1,1,42.07,5.14,0.1221,42.07
2025-11-24,2025,2025-11,Electronics,Apex Prime,Product-004,1,1,44.44,5.24,0.1179,44.44
2025-07-26,2025,2025-07,Beauty,Apex Value,Product-028,1,2,16.0,2.0,0.1248,16.0
2025-08-15,2025,2025-08,Fitness,Apex Prime,Product-078,1,1,35.5,4.64,0.1306,35.5
2025-07-29,2025,2025-07,Beauty,Apex Essentials,Product-012,1,1,40.17,7.03,0.1749,40.17
2025-08-13,2025,2025-08,Kids,Apex Value,Product-041,1,2,28.04,3.87,0.1381,28.04
2025-12-04,2025,2025-12,Kids,Apex Outdoor,Product-042,1,1,17.08,2.76,0.1618,17.08
2025-08-24,2025,2025-08,Electronics,Apex Prime,Product-070,1,1,68.12,8.49,0.1247,68.12
2025-11-09,2025,2025-11,Kitchen,Apex Value,Product-046,1,1,28.76,3.89,0.1354,28.76
2025-11-09,2025,2025-11,Fitness,Apex Outdoor,Product-073,1,1,29.64,3.76,0.1269,29.64
2025-10-05,2025,2025-10,Kids,Apex Prime,Product-077,1,1,29.67,3.66,0.1235,29.67
2025-12-27,2025,2025-12,Kitchen,Apex Essentials,Product-002,1,1,22.61,3.47,0.1533,22.61
2025-11-11,2025,2025-11,Electronics,Apex Essentials,Product-054,1,2,134.31,21.11,0.1572,134.31
2025-08-02,2025,2025-08,Kids,Apex Essentials,Product-033,1,3,39.3,4.17,0.106,39.3
2025-09-07,2025,2025-09,Home,Apex Outdoor,Product-031,1,2,42.84,7.2,0.1681,42.84
2025-12-17,2025,2025-12,Home,Apex Essentials,Product-031,1,1,49.03,8.38,0.1709,49.03
2025-10-07,2025,2025-10,Kids,Apex Prime,Product-043,1,1,31.74,3.29,0.1036,31.74
2025-12-25,2025,2025-12,Beauty,Apex Prime,Product-030,1,1,16.41,2.83,0.1727,16.41
2025-08-20,2025,2025-08,Home,Apex Essentials,Product-023,1,1,29.44,3.21,0.1091,29.44
2025-10-26,2025,2025-10,Kids,Apex Essentials,Product-057,1,1,25.22,2.58,0.1023,25.22
2025-11-23,2025,2025-11,Electronics,Apex Essentials,Product-008,1,1,44.19,6.41,0.1451,44.19
2025-12-26,2025,2025-12,Electronics,Apex Value,Product-011,1,1,70.52,7.67,0.1088,70.52
2025-07-24,2025,2025-07,Electronics,Apex Prime,Product-032,1,1,61.79,9.81,0.1588,61.79
2025-11-05,2025,2025-11,Electronics,Apex Prime,Product-065,1,1,52.66,5.92,0.1124,52.66
2025-09-11,2025,2025-09,Beauty,Apex Outdoor,Product-039,1,2,30.18,3.32,0.1099,30.18
2025-11-01,2025,2025-11,Kids,Apex Essentials,Product-029,1,1,8.0,1.41,0.176,8.0
2025-09-10,2025,2025-09,Beauty,Apex Outdoor,Product-074,1,1,13.84,2.05,0.1484,13.84
2025-09-17,2025,2025-09,Fitness,Apex Prime,Product-033,1,1,61.14,8.57,0.1402,61.14
2025-07-31,2025,2025-07,Beauty,Apex Value,Product-023,1,1,29.19,4.4,0.1506,29.19
2025-08-20,2025,2025-08,Home,Apex Prime,Product-079,1,1,34.4,4.5,0.1309,34.4
2025-08-19,2025,2025-08,Kitchen,Apex Outdoor,Product-045,1,1,41.23,5.79,0.1405,41.23
2025-12-23,2025,2025-12,Home,Apex Outdoor,Product-071,1,2,100.31,13.0,0.1296,100.31
2025-09-22,2025,2025-09,Beauty,Apex Essentials,Product-073,1,1,43.69,4.96,0.1136,43.69
2025-12-22,2025,2025-12,Fitness,Apex Outdoor,Product-077,1,1,38.98,6.53,0.1676,38.98
2025-12-09,2025,2025-12,Beauty,Apex Outdoor,Product-045,1,1,27.86,3.08,0.1107,27.86
2025-08-27,2025,2025-08,Kids,Apex Outdoor,Product-017,1,1,18.02,2.07,0.115,18.02
2025-10-28,2025,2025-10,Kids,Apex Value,Product-034,1,2,16.0,2.14,0.1338,16.0
2025-12-18,2025,2025-12,Kids,Apex Prime,Product-051,1,1,28.99,4.17,0.1438,28.99
2025-11-08,2025,2025-11,Beauty,Apex Prime,Product-080,1,1,16.26,2.14,0.1317,16.26
2025-12-20,2025,2025-12,Home,Apex Value,Product-065,1,1,27.63,3.26,0.118,27.63
2025-08-11,2025,2025-08,Fitness,Apex Prime,Product-076,1,1,36.14,6.14,0.1698,36.14
2025-07-20,2025,2025-07,Fitness,Apex Outdoor,Product-033,1,1,31.95,5.73,0.1792,31.95
2025-11-06,2025,2025-11,Home,Apex Essentials,Product-037,1,1,44.27,6.71,0.1515,44.27
2025-07-31,2025,2025-07,Beauty,Apex Prime,Product-026,1,2,33.58,4.64,0.1381,33.58
2025-08-20,2025,2025-08,Fitness,Apex Value,Product-044,1,1,39.76,6.27,0.1577,39.76
2025-11-23,2025,2025-11,Kids,Apex Essentials,Product-050,1,1,12.37,1.51,0.1222,12.37
2025-12-12,2025,2025-12,Fitness,Apex Prime,Product-055,1,1,57.2,5.93,0.1037,57.2
2025-12-30,2025,2025-12,Fitness,Apex Prime,Product-044,1,1,44.91,7.7,0.1714,44.91
2025-12-28,2025,2025-12,Kids,Apex Outdoor,Product-027,1,1,24.66,2.94,0.1193,24.66
2025-08-24,2025,2025-08,Kitchen,Apex Outdoor,Product-045,1,1,24.52,3.19,0.1302,24.52
2025-11-07,2025,2025-11,Electronics,Apex Value,Product-052,1,2,82.8,13.24,0.1599,82.8
2025-12-30,2025,2025-12,Beauty,Apex Outdoor,Product-046,1,1,17.99,2.67,0.1483,17.99
2025-10-03,2025,2025-10,Fitness,Apex Prime,Product-051,1,1,29.79,3.83,0.1285,29.79
2025-08-16,2025,2025-08,Fitness,Apex Prime,Product-059,1,1,47.42,7.13,0.1504,47.42
2025-11-18,2025,2025-11,Beauty,Apex Prime,Product-037,1,1,26.03,3.11,0.1194,26.03
2025-08-15,2025,2025-08,Electronics,Apex Essentials,Product-015,1,1,56.67,8.29,0.1462,56.67
2025-11-06,2025,2025-11,Kitchen,Apex Value,Product-002,1,1,26.8,3.96,0.1477,26.8
2025-07-12,2025,2025-07,Kitchen,Apex Value,Product-004,1,1,23.22,3.74,0.161,23.22
2025-08-13,2025,2025-08,Beauty,Apex Outdoor,Product-016,1,1,36.55,6.11,0.1671,36.55
2025-08-08,2025,2025-08,Home,Apex Essentials,Product-018,1,1,26.89,3.96,0.1474,26.89
2025-11-08,2025,2025-11,Beauty,Apex Essentials,Product-034,1,1,10.29,1.26,0.1225,10.29
2025-12-09,2025,2025-12,Kitchen,Apex Essentials,Product-003,1,1,35.73,5.48,0.1534,35.73
2025-08-08,2025,2025-08,Home,Apex Outdoor,Product-040,1,1,57.0,6.2,0.1088,57.0
2025-12-09,2025,2025-12,Electronics,Apex Essentials,Product-007,1,1,60.93,9.38,0.154,60.93
2025-07-31,2025,2025-07,Fitness,Apex Prime,Product-020,1,2,87.26,9.56,0.1096,87.26
2025-07-21,2025,2025-07,Home,Apex Value,Product-026,1,1,42.6,7.29,0.1711,42.6
2025-12-09,2025,2025-12,Beauty,Apex Essentials,Product-046,1,1,22.14,3.67,0.1659,22.14
2025-08-19,2025,2025-08,Fitness,Apex Outdoor,Product-043,1,1,52.04,6.66,0.128,52.04
2025-12-26,2025,2025-12,Kids,Apex Essentials,Product-063,1,1,32.2,4.68,0.1454,32.2
2025-10-16,2025,2025-10,Home,Apex Essentials,Product-051,1,1,58.78,10.46,0.1779,58.78
2025-07-16,2025,2025-07,Kitchen,Apex Essentials,Product-032,1,1,17.63,1.88,0.1068,17.63
2025-11-01,2025,2025-11,Home,Apex Essentials,Product-077,1,1,44.19,5.97,0.1351,44.19
2025-12-24,2025,2025-12,Kitchen,Apex Outdoor,Product-007,1,1,29.08,3.63,0.125,29.08
2025-10-30,2025,2025-10,Home,Apex Essentials,Product-033,1,1,17.91,2.24,0.1252,17.91
2025-12-20,2025,2025-12,Electronics,Apex Outdoor,Product-029,1,1,69.2,9.24,0.1335,69.2
2025-09-04,2025,2025-09,Electronics,Apex Essentials,Product-062,1,3,260.78,26.7,0.1024,260.78
2025-11-02,2025,2025-11,Home,Apex Prime,Product-076,1,1,36.46,5.94,0.1629,36.46
2025-08-24,2025,2025-08,Fitness,Apex Value,Product-060,1,1,50.8,8.49,0.1672,50.8
2025-07-11,2025,2025-07,Electronics,Apex Prime,Product-004,1,3,141.65,15.52,0.1096,141.65
2025-08-14,2025,2025-08,Beauty,Apex Essentials,Product-078,1,1,18.18,2.88,0.1582,18.18
2025-07-01,2025,2025-07,Home,Apex Outdoor,Product-004,1,1,14.48,1.46,0.1011,14.48
2025-12-23,2025,2025-12,Kitchen,Apex Value,Product-031,1,1,32.45,5.07,0.1563,32.45
2025-09-11,2025,2025-09,Kitchen,Apex Essentials,Product-045,1,3,99.4,12.8,0.1288,99.4
2025-07-31,2025,2025-07,Home,Apex Essentials,Product-002,1,1,29.13,3.98,0.1365,29.13
2025-12-08,2025,2025-12,Electronics,Apex Essentials,Product-039,1,1,49.97,6.51,0.1302,49.97
2025-10-03,2025,2025-10,Beauty,Apex Outdoor,Product-043,1,1,20.02,3.36,0.1679,20.02
2025-10-12,2025,2025-10,Kids,Apex Essentials,Product-004,1,1,22.97,2.69,0.117,22.97
2025-07-11,2025,2025-07,Kitchen,Apex Outdoor,Product-025,1,1,30.95,4.86,0.1569,30.95
2025-10-28,2025,2025-10,Kids,Apex Prime,Product-025,1,1,12.82,2.22,0.1733,12.82
2025-12-26,2025,2025-12,Kids,Apex Value,Product-023,1,1,8.0,1.43,0.1785,8.0
2025-08-19,2025,2025-08,Beauty,Apex Prime,Product-053,1,1,26.76,4.5,0.1683,26.76
2025-12-18,2025,2025-12,Fitness,Apex Essentials,Product-074,1,1,51.87,6.88,0.1327,51.87
2025-09-30,2025,2025-09,Kitchen,Apex Prime,Product-064,1,1,8.0,0.81,0.1016,8.0
2025-07-05,2025,2025-07,Beauty,Apex Essentials,Product-006,1,1,28.53,3.08,0.108,28.53
2025-08-23,2025,2025-08,Kids,Apex Value,Product-055,1,1,8.0,1.36,0.1701,8.0
2025-12-01,2025,2025-12,Beauty,Apex Outdoor,Product-018,1,2,69.2,9.47,0.1369,69.2
2025-08-07,2025,2025-08,Fitness,Apex Value,Product-041,1,1,45.73,6.27,0.1372,45.73
2025-08-13,2025,2025-08,Kids,Apex Value,Product-043,1,1,8.0,1.0,0.1245,8.0
2025-07-05,2025,2025-07,Electronics,Apex Essentials,Product-061,1,2,109.03,16.28,0.1493,109.03
2025-12-18,2025,2025-12,Fitness,Apex Value,Product-004,1,1,43.55,6.52,0.1497,43.55
2025-10-09,2025,2025-10,Fitness,Apex Outdoor,Product-004,1,2,91.86,10.26,0.1117,91.86
2025-12-07,2025,2025-12,Kitchen,Apex Prime,Product-044,1,2,55.02,9.22,0.1676,55.02
2025-08-27,2025,2025-08,Kitchen,Apex Outdoor,Product-056,1,1,24.69,2.78,0.1125,24.69
2025-07-28,2025,2025-07,Beauty,Apex Outdoor,Product-038,1,1,24.55,3.62,0.1473,24.55
2025-08-08,2025,2025-08,Fitness,Apex Value,Product-035,1,1,42.43,5.77,0.1359,42.43
2025-12-08,2025,2025-12,Home,Apex Prime,Product-076,1,1,40.56,6.19,0.1525,40.56
2025-08-25,2025,2025-08,Kids,Apex Essentials,Product-035,1,1,15.41,2.51,0.1628,15.41
2025-08-20,2025,2025-08,Home,Apex Essentials,Product-069,1,2,97.88,11.82,0.1208,97.88
2025-09-27,2025,2025-09,Beauty,Apex Outdoor,Product-019,1,1,22.64,2.45,0.1081,22.64
2025-12-29,2025,2025-12,Fitness,Apex Essentials,Product-030,1,1,55.88,6.12,0.1096,55.88
2025-10-13,2025,2025-10,Beauty,Apex Value,Product-061,1,1,15.07,1.88,0.125,15.07
2025-08-02,2025,2025-08,Fitness,Apex Prime,Product-008,1,1,43.16,6.17,0.1429,43.16
2025-08-17,2025,2025-08,Home,Apex Prime,Product-013,1,1,20.49,2.28,0.1114,20.49
2025-09-09,2025,2025-09,Kitchen,Apex Value,Product-022,1,1,36.79,6.14,0.1668,36.79
2025-10-17,2025,2025-10,Home,Apex Value,Product-040,1,3,77.87,10.71,0.1375,77.87
2025-10-12,2025,2025-10,Electronics,Apex Outdoor,Product-048,1,1,55.15,5.54,0.1004,55.15
2025-12-01,2025,2025-12,Beauty,Apex Essentials,Product-034,1,2,42.67,7.37,0.1728,42.67
2025-08-16,2025,2025-08,Home,Apex Value,Product-060,1,1,39.09,5.45,0.1395,39.09
2025-09-29,2025,2025-09,Kids,Apex Outdoor,Product-061,1,1,12.86,1.68,0.1304,12.86
2025-08-17,2025,2025-08,Kids,Apex Outdoor,Product-041,1,1,21.27,3.07,0.1445,21.27
2025-10-10,2025,2025-10,Kitchen,Apex Value,Product-067,1,1,32.69,3.68,0.1126,32.69
2025-08-19,2025,2025-08,Electronics,Apex Outdoor,Product-073,1,1,48.36,8.23,0.1701,48.36
2025-09-27,2025,2025-09,Beauty,Apex Outdoor,Product-015,1,1,16.16,2.41,0.1491,16.16
2025-09-16,2025,2025-09,Kitchen,Apex Outdoor,Product-009,1,3,146.22,21.45,0.1467,146.22
2025-11-08,2025,2025-11,Kids,Apex Prime,Product-029,1,1,23.88,3.78,0.1584,23.88
2025-10-14,2025,2025-10,Fitness,Apex Essentials,Product-039,1,2,120.48,17.69,0.1468,120.48
2025-07-15,2025,2025-07,Electronics,Apex Prime,Product-044,1,1,69.98,7.41,0.1059,69.98
2025-07-24,2025,2025-07,Beauty,Apex Outdoor,Product-024,1,1,12.69,1.57,0.1237,12.69
2025-11-04,2025,2025-11,Kitchen,Apex Essentials,Product-046,1,1,18.13,2.69,0.1483,18.13
2025-12-05,2025,2025-12,Beauty,Apex Prime,Product-068,1,1,15.78,2.12,0.1346,15.78
2025-09-05,2025,2025-09,Beauty,Apex Outdoor,Product-026,1,1,38.08,4.68,0.123,38.08
2025-10-01,2025,2025-10,Fitness,Apex Essentials,Product-023,1,1,37.48,6.66,0.1777,37.48
2025-07-21,2025,2025-07,Electronics,Apex Essentials,Product-012,1,1,48.09,5.18,0.1077,48.09
2025-09-30,2025,2025-09,Home,Apex Outdoor,Product-042,1,1,52.84,8.06,0.1525,52.84
2025-10-24,2025,2025-10,Kids,Apex Outdoor,Product-073,1,1,28.62,4.82,0.1683,28.62
2025-11-21,2025,2025-11,Beauty,Apex Prime,Product-056,1,1,15.57,1.94,0.1249,15.57
2025-07-02,2025,2025-07,Fitness,Apex Value,Product-066,1,1,46.95,5.39,0.1149,46.95
2025-07-03,2025,2025-07,Beauty,Apex Prime,Product-041,1,1,37.0,5.96,0.1611,37.0
2025-07-05,2025,2025-07,Kids,Apex Prime,Product-039,1,2,44.07,4.56,0.1035,44.07
2025-12-06,2025,2025-12,Beauty,Apex Value,Product-059,1,1,21.87,2.95,0.1351,21.87
2025-12-01,2025,2025-12,Electronics,Apex Prime,Product-074,1,2,119.56,14.85,0.1242,119.56
2025-10-18,2025,2025-10,Kids,Apex Outdoor,Product-072,1,1,26.29,3.12,0.1185,26.29
2025-07-31,2025,2025-07,Kids,Apex Essentials,Product-033,1,2,55.84,6.43,0.1152,55.84
2025-09-23,2025,2025-09,Fitness,Apex Prime,Product-037,1,1,26.66,2.82,0.1059,26.66
2025-10-11,2025,2025-10,Fitness,Apex Outdoor,Product-051,1,2,91.72,10.71,0.1168,91.72
2025-10-21,2025,2025-10,Kids,Apex Essentials,Product-060,1,1,10.85,1.91,0.1761,10.85
2025-10-06,2025,2025-10,Fitness,Apex Value,Product-005,1,1,51.43,6.07,0.1181,51.43
2025-12-25,2025,2025-12,Kids,Apex Essentials,Product-068,1,1,8.0,1.21,0.1507,8.0
2025-08-30,2025,2025-08,Kitchen,Apex Essentials,Product-031,1,1,21.99,2.65,0.1207,21.99
2025-11-01,2025,2025-11,Fitness,Apex Essentials,Product-080,1,1,45.89,6.55,0.1427,45.89
2025-12-03,2025,2025-12,Home,Apex Essentials,Product-071,1,1,48.94,7.98,0.1631,48.94
2025-11-25,2025,2025-11,Beauty,Apex Prime,Product-051,1,1,21.63,2.51,0.1162,21.63
2025-11-01,2025,2025-11,Electronics,Apex Value,Product-001,1,1,85.88,13.89,0.1617,85.88
2025-07-08,2025,2025-07,Beauty,Apex Essentials,Product-063,1,1,27.45,2.94,0.107,27.45
2025-07-08,2025,2025-07,Beauty,Apex Essentials,Product-062,1,2,33.17,4.57,0.1379,33.17
2025-10-06,2025,2025-10,Fitness,Apex Outdoor,Product-052,1,1,54.28,6.69,0.1233,54.28
2025-11-10,2025,2025-11,Home,Apex Prime,Product-068,1,1,41.23,4.14,0.1003,41.23
2025-10-20,2025,2025-10,Fitness,Apex Outdoor,Product-025,1,2,111.95,16.03,0.1432,111.95
2025-09-20,2025,2025-09,Fitness,Apex Essentials,Product-063,1,1,50.84,8.07,0.1587,50.84
2025-12-19,2025,2025-12,Kitchen,Apex Prime,Product-017,1,2,68.9,12.4,0.1799,68.9
2025-08-20,2025,2025-08,Kitchen,Apex Prime,Product-055,1,1,19.98,2.3,0.115,19.98
2025-11-27,2025,2025-11,Home,Apex Essentials,Product-041,1,1,38.82,4.06,0.1047,38.82
2025-12-16,2025,2025-12,Kids,Apex Outdoor,Product-064,1,1,17.07,2.77,0.1625,17.07
2025-12-20,2025,2025-12,Fitness,Apex Value,Product-069,1,1,38.35,5.09,0.1328,38.35
2025-11-09,2025,2025-11,Kitchen,Apex Value,Product-051,1,2,52.22,7.67,0.1468,52.22
2025-10-11,2025,2025-10,Home,Apex Prime,Product-038,1,2,77.05,10.82,0.1404,77.05
2025-07-13,2025,2025-07,Beauty,Apex Essentials,Product-042,1,1,25.4,3.38,0.1329,25.4
2025-08-15,2025,2025-08,Kids,Apex Prime,Product-075,1,1,33.23,5.65,0.17,33.23
2025-07-28,2025,2025-07,Fitness,Apex Value,Product-075,1,1,46.15,4.97,0.1076,46.15
2025-08-31,2025,2025-08,Beauty,Apex Outdoor,Product-001,1,1,18.17,1.83,0.1007,18.17
2025-07-11,2025,2025-07,Beauty,Apex Prime,Product-020,1,1,31.18,4.8,0.1539,31.18
2025-09-22,2025,2025-09,Kitchen,Apex Outdoor,Product-034,1,1,31.23,5.15,0.1648,31.23
2025-07-21,2025,2025-07,Electronics,Apex Value,Product-061,1,1,74.24,9.05,0.1219,74.24
2025-09-22,2025,2025-09,Kitchen,Apex Essentials,Product-041,1,1,22.29,2.87,0.1289,22.29
2025-10-13,2025,2025-10,Electronics,Apex Value,Product-001,1,1,56.29,8.15,0.1447,56.29
2025-11-25,2025,2025-11,Electronics,Apex Value,Product-013,1,1,64.99,8.44,0.1298,64.99
2025-12-07,2025,2025-12,Fitness,Apex Prime,Product-023,1,1,43.48,5.3,0.122,43.48
2025-11-24,2025,2025-11,Home,Apex Prime,Product-030,1,1,42.46,7.16,0.1686,42.46
2025-07-24,2025,2025-07,Kids,Apex Outdoor,Product-065,1,2,30.47,4.64,0.1522,30.47
2025-07-04,2025,2025-07,Beauty,Apex Essentials,Product-080,1,1,25.93,2.89,0.1113,25.93
2025-07-13,2025,2025-07,Electronics,Apex Value,Product-057,1,1,59.5,7.6,0.1278,59.5
2025-07-24,2025,2025-07,Beauty,Apex Outdoor,Product-047,1,1,33.96,4.89,0.1439,33.96
2025-12-20,2025,2025-12,Beauty,Apex Outdoor,Product-007,1,1,25.29,3.23,0.1277,25.29
2025-12-17,2025,2025-12,Kitchen,Apex Prime,Product-030,1,1,36.68,4.8,0.1308,36.68
2025-08-27,2025,2025-08,Kids,Apex Outdoor,Product-076,1,1,12.56,2.2,0.1752,12.56
2025-07-26,2025,2025-07,Kitchen,Apex Prime,Product-027,1,1,35.85,4.0,0.1115,35.85
2025-12-30,2025,2025-12,Electronics,Apex Prime,Product-031,1,1,67.68,10.62,0.1569,67.68
2025-10-10,2025,2025-10,Electronics,Apex Outdoor,Product-052,1,1,55.05,6.92,0.1257,55.05
2025-07-27,2025,2025-07,Kids,Apex Prime,Product-072,1,2,32.02,5.23,0.1634,32.02
2025-08-10,2025,2025-08,Beauty,Apex Outdoor,Product-021,1,1,10.76,1.75,0.1623,10.76
2025-10-05,2025,2025-10,Home,Apex Essentials,Product-053,1,1,42.05,6.5,0.1546,42.05
2025-10-16,2025,2025-10,Home,Apex Essentials,Product-022,1,1,39.38,6.69,0.1698,39.38
2025-10-01,2025,2025-10,Home,Apex Value,Product-011,1,2,56.56,8.07,0.1426,56.56
2025-07-07,2025,2025-07,Beauty,Apex Prime,Product-048,1,1,18.27,3.14,0.1718,18.27
2025-09-20,2025,2025-09,Kitchen,Apex Prime,Product-064,1,1,40.65,6.05,0.1489,40.65
2025-11-28,2025,2025-11,Fitness,Apex Prime,Product-043,1,1,46.93,6.22,0.1325,46.93
2025-07-27,2025,2025-07,Fitness,Apex Essentials,Product-043,1,2,99.19,9.94,0.1002,99.19
2025-10-21,2025,2025-10,Home,Apex Prime,Product-059,1,1,25.04,2.62,0.1048,25.04
2025-09-01,2025,2025-09,Beauty,Apex Value,Product-044,1,2,33.77,3.41,0.101,33.77
2025-07-15,2025,2025-07,Home,Apex Essentials,Product-052,1,1,37.38,6.71,0.1794,37.38
2025-07-06,2025,2025-07,Beauty,Apex Outdoor,Product-062,1,2,22.45,2.81,0.1253,22.45
2025-07-23,2025,2025-07,Home,Apex Essentials,Product-037,1,1,22.18,3.17,0.1431,22.18
2025-12-14,2025,2025-12,Kitchen,Apex Outdoor,Product-058,1,1,32.73,5.77,0.1762,32.73
2025-09-23,2025,2025-09,Beauty,Apex Essentials,Product-067,1,1,17.9,2.63,0.147,17.9
2025-11-30,2025,2025-11,Kids,Apex Value,Product-008,1,1,19.34,3.01,0.1558,19.34
2025-08-12,2025,2025-08,Electronics,Apex Outdoor,Product-013,1,2,108.23,11.09,0.1025,108.23
2025-10-06,2025,2025-10,Kids,Apex Outdoor,Product-006,1,1,19.18,2.54,0.1323,19.18
2025-07-26,2025,2025-07,Kitchen,Apex Value,Product-025,1,1,16.77,1.75,0.1041,16.77
2025-10-02,2025,2025-10,Home,Apex Prime,Product-016,1,1,32.53,3.65,0.1123,32.53
2025-12-07,2025,2025-12,Beauty,Apex Prime,Product-014,1,1,29.33,4.58,0.1563,29.33
2025-08-22,2025,2025-08,Electronics,Apex Essentials,Product-055,1,1,63.31,10.57,0.1669,63.31
2025-10-18,2025,2025-10,Kids,Apex Essentials,Product-016,1,1,11.21,1.37,0.1223,11.21
2025-11-20,2025,2025-11,Fitness,Apex Prime,Product-032,1,1,34.87,4.38,0.1257,34.87
2025-08-27,2025,2025-08,Electronics,Apex Value,Product-024,1,1,57.38,6.67,0.1162,57.38
2025-07-15,2025,2025-07,Electronics,Apex Outdoor,Product-033,1,1,63.72,9.18,0.1441,63.72
2025-11-17,2025,2025-11,Fitness,Apex Value,Product-075,1,1,39.46,5.5,0.1395,39.46
2025-11-30,2025,2025-11,Beauty,Apex Value,Product-066,1,1,23.08,3.31,0.1434,23.08
2025-11-14,2025,2025-11,Electronics,Apex Prime,Product-061,1,2,99.08,14.3,0.1443,99.08
2025-11-24,2025,2025-11,Kids,Apex Outdoor,Product-018,1,2,41.1,5.15,0.1254,41.1
2025-11-18,2025,2025-11,Fitness,Apex Prime,Product-073,1,2,73.72,10.79,0.1464,73.72
2025-10-20,2025,2025-10,Kids,Apex Prime,Product-078,1,1,10.06,1.72,0.1711,10.06
2025-07-19,2025,2025-07,Kids,Apex Essentials,Product-074,1,2,57.79,9.64,0.1668,57.79
2025-10-28,2025,2025-10,Home,Apex Outdoor,Product-068,1,1,54.34,8.01,0.1474,54.34
2025-10-25,2025,2025-10,Beauty,Apex Essentials,Product-002,1,1,8.0,0.82,0.1028,8.0
2025-11-07,2025,2025-11,Kids,Apex Prime,Product-066,1,2,16.0,1.83,0.1142,16.0
2025-10-09,2025,2025-10,Fitness,Apex Value,Product-032,1,2,97.07,10.13,0.1044,97.07
2025-12-05,2025,2025-12,Fitness,Apex Value,Product-040,1,1,38.96,5.74,0.1473,38.96
2025-12-24,2025,2025-12,Electronics,Apex Prime,Product-027,1,1,66.74,11.43,0.1712,66.74
2025-09-24,2025,2025-09,Fitness,Apex Outdoor,Product-007,1,2,65.09,11.03,0.1695,65.09
2025-07-21,2025,2025-07,Fitness,Apex Outdoor,Product-074,1,1,52.1,7.2,0.1381,52.1
2025-09-22,2025,2025-09,Beauty,Apex Prime,Product-022,1,1,30.57,4.15,0.1357,30.57
2025-09-26,2025,2025-09,Electronics,Apex Value,Product-035,1,1,45.2,7.49,0.1656,45.2
2025-09-30,2025,2025-09,Electronics,Apex Outdoor,Product-056,1,1,72.86,12.27,0.1684,72.86
2025-11-05,2025,2025-11,Home,Apex Prime,Product-042,1,1,39.61,5.12,0.1292,39.61
2025-09-25,2025,2025-09,Home,Apex Essentials,Product-066,1,1,17.16,2.91,0.1698,17.16
2025-08-09,2025,2025-08,Home,Apex Essentials,Product-066,1,1,24.99,4.01,0.1605,24.99
2025-07-17,2025,2025-07,Electronics,Apex Outdoor,Product-011,1,1,61.76,8.0,0.1295,61.76
2025-09-07,2025,2025-09,Beauty,Apex Essentials,Product-012,1,2,44.02,5.66,0.1285,44.02
2025-10-01,2025,2025-10,Beauty,Apex Outdoor,Product-060,1,1,25.99,3.51,0.1352,25.99
2025-11-12,2025,2025-11,Home,Apex Essentials,Product-015,1,1,27.41,3.83,0.1399,27.41
2025-10-03,2025,2025-10,Electronics,Apex Value,Product-010,1,1,55.12,9.39,0.1704,55.12
2025-07-01,2025,2025-07,Kids,Apex Value,Product-013,1,1,8.0,1.37,0.1713,8.0
2025-12-31,2025,2025-12,Kids,Apex Value,Product-059,1,1,12.11,1.59,0.131,12.11
2025-10-29,2025,2025-10,Home,Apex Prime,Product-026,1,1,30.2,5.4,0.1787,30.2
2025-08-05,2025,2025-08,Fitness,Apex Essentials,Product-030,1,1,41.98,5.73,0.1365,41.98
2025-10-20,2025,2025-10,Kitchen,Apex Prime,Product-010,1,1,37.69,6.17,0.1638,37.69
2025-09-20,2025,2025-09,Home,Apex Value,Product-019,1,1,55.38,5.58,0.1007,55.38
2025-10-30,2025,2025-10,Kids,Apex Prime,Product-022,1,1,12.7,1.58,0.1241,12.7
2025-07-16,2025,2025-07,Kitchen,Apex Outdoor,Product-026,1,1,27.15,2.76,0.1015,27.15
2025-12-18,2025,2025-12,Beauty,Apex Value,Product-057,1,1,32.95,4.63,0.1404,32.95
2025-08-22,2025,2025-08,Beauty,Apex Value,Product-023,1,1,39.45,6.46,0.1638,39.45
2025-10-02,2025,2025-10,Kitchen,Apex Outdoor,Product-045,1,1,27.61,4.34,0.1571,27.61
2025-08-08,2025,2025-08,Kids,Apex Outdoor,Product-002,1,1,10.69,1.63,0.1525,10.69
2025-12-05,2025,2025-12,Kitchen,Apex Outdoor,Product-045,1,1,25.36,4.18,0.1648,25.36
2025-09-19,2025,2025-09,Electronics,Apex Outdoor,Product-012,1,1,62.83,7.11,0.1132,62.83
2025-10-31,2025,2025-10,Electronics,Apex Outdoor,Product-044,1,1,78.22,11.36,0.1452,78.22
2025-09-11,2025,2025-09,Beauty,Apex Outdoor,Product-070,1,1,28.49,4.66,0.1636,28.49
2025-08-31,2025,2025-08,Kitchen,Apex Prime,Product-065,1,3,41.24,5.98,0.1451,41.24
2025-12-31,2025,2025-12,Kids,Apex Value,Product-002,1,1,15.66,2.59,0.1655,15.66
2025-09-17,2025,2025-09,Kids,Apex Essentials,Product-024,1,1,8.15,0.9,0.111,8.15
2025-11-14,2025,2025-11,Electronics,Apex Outdoor,Product-058,1,1,49.21,8.15,0.1657,49.21
2025-11-24,2025,2025-11,Home,Apex Value,Product-051,1,1,29.84,3.47,0.1162,29.84
2025-07-09,2025,2025-07,Fitness,Apex Prime,Product-036,1,1,63.97,11.01,0.1721,63.97
2025-09-09,2025,2025-09,Kitchen,Apex Essentials,Product-019,1,1,12.0,1.82,0.1516,12.0
2025-11-15,2025,2025-11,Beauty,Apex Prime,Product-042,1,1,26.12,3.12,0.1195,26.12
2025-12-25,2025,2025-12,Home,Apex Prime,Product-073,1,1,46.22,7.76,0.1679,46.22
2025-11-09,2025,2025-11,Fitness,Apex Essentials,Product-068,1,1,49.17,8.75,0.1779,49.17
2025-08-16,2025,2025-08,Electronics,Apex Value,Product-021,1,1,57.16,7.48,0.1308,57.16
2025-10-06,2025,2025-10,Fitness,Apex Value,Product-006,1,1,42.52,7.39,0.1737,42.52
2025-09-28,2025,2025-09,Kids,Apex Essentials,Product-031,1,2,55.8,7.66,0.1373,55.8
2025-09-15,2025,2025-09,Kids,Apex Essentials,Product-011,1,1,26.47,3.21,0.1213,26.47
2025-11-26,2025,2025-11,Fitness,Apex Value,Product-005,1,1,40.18,6.34,0.1578,40.18
2025-09-10,2025,2025-09,Electronics,Apex Outdoor,Product-017,1,3,173.18,23.88,0.1379,173.18
2025-09-06,2025,2025-09,Electronics,Apex Prime,Product-006,1,1,61.32,9.03,0.1472,61.32
2025-11-04,2025,2025-11,Kids,Apex Prime,Product-065,1,3,99.13,15.02,0.1515,99.13
2025-07-29,2025,2025-07,Home,Apex Value,Product-006,1,2,60.32,10.51,0.1742,60.32
2025-11-19,2025,2025-11,Fitness,Apex Essentials,Product-012,1,1,57.13,8.79,0.1539,57.13
2025-08-01,2025,2025-08,Electronics,Apex Outdoor,Product-034,1,3,226.97,30.39,0.1339,226.97
2025-08-10,2025,2025-08,Home,Apex Outdoor,Product-078,1,1,57.7,8.92,0.1546,57.7
2025-08-08,2025,2025-08,Electronics,Apex Value,Product-043,1,1,65.09,11.65,0.179,65.09
2025-10-12,2025,2025-10,Home,Apex Outdoor,Product-064,1,1,18.96,2.68,0.1411,18.96
2025-07-10,2025,2025-07,Home,Apex Outdoor,Product-080,1,1,37.88,4.41,0.1164,37.88
2025-11-07,2025,2025-11,Fitness,Apex Essentials,Product-077,1,1,47.38,5.73,0.1209,47.38
2025-07-21,2025,2025-07,Electronics,Apex Essentials,Product-045,1,1,70.45,10.05,0.1426,70.45
2025-12-29,2025,2025-12,Electronics,Apex Value,Product-033,1,1,51.02,6.31,0.1236,51.02
2025-11-14,2025,2025-11,Home,Apex Prime,Product-001,1,1,30.91,4.95,0.16,30.91
2025-08-22,2025,2025-08,Beauty,Apex Prime,Product-013,1,1,17.06,1.89,0.1109,17.06
2025-08-24,2025,2025-08,Home,Apex Outdoor,Product-057,1,1,40.18,5.93,0.1477,40.18
2025-07-06,2025,2025-07,Electronics,Apex Value,Product-038,1,1,56.22,6.57,0.1169,56.22
2025-08-29,2025,2025-08,Home,Apex Essentials,Product-056,1,2,91.15,13.79,0.1513,91.15
2025-07-07,2025,2025-07,Beauty,Apex Essentials,Product-015,1,1,10.17,1.4,0.1374,10.17
2025-10-04,2025,2025-10,Home,Apex Prime,Product-045,1,1,40.26,6.75,0.1676,40.26
2025-12-21,2025,2025-12,Beauty,Apex Prime,Product-071,1,1,8.0,0.89,0.1109,8.0
2025-09-29,2025,2025-09,Home,Apex Prime,Product-067,1,1,22.23,3.57,0.1608,22.23
2025-07-03,2025,2025-07,Kids,Apex Essentials,Product-072,1,1,27.41,3.91,0.1427,27.41
2025-10-09,2025,2025-10,Electronics,Apex Prime,Product-064,1,1,62.6,9.98,0.1595,62.6
2025-12-20,2025,2025-12,Kids,Apex Value,Product-079,1,2,53.44,6.7,0.1254,53.44
2025-10-24,2025,2025-10,Fitness,Apex Prime,Product-065,1,1,64.12,8.98,0.14,64.12
2025-10-18,2025,2025-10,Kitchen,Apex Essentials,Product-005,1,3,55.36,6.43,0.1161,55.36
2025-09-23,2025,2025-09,Fitness,Apex Essentials,Product-018,1,1,54.52,6.26,0.1149,54.52
2025-11-20,2025,2025-11,Home,Apex Value,Product-066,1,1,31.88,4.44,0.1394,31.88
2025-08-14,2025,2025-08,Fitness,Apex Prime,Product-046,1,1,46.95,8.25,0.1758,46.95
2025-10-04,2025,2025-10,Electronics,Apex Essentials,Product-035,1,1,44.7,5.62,0.1257,44.7
2025-07-14,2025,2025-07,Home,Apex Value,Product-037,1,1,32.68,3.41,0.1043,32.68
2025-10-07,2025,2025-10,Kitchen,Apex Value,Product-008,1,1,19.63,2.72,0.1387,19.63
2025-10-30,2025,2025-10,Home,Apex Outdoor,Product-055,1,1,50.83,5.46,0.1075,50.83
2025-12-14,2025,2025-12,Fitness,Apex Value,Product-031,1,2,48.25,6.07,0.1257,48.25
2025-07-05,2025,2025-07,Kids,Apex Prime,Product-032,1,2,46.06,7.78,0.169,46.06
2025-07-20,2025,2025-07,Electronics,Apex Prime,Product-044,1,2,99.85,16.01,0.1603,99.85
2025-11-16,2025,2025-11,Kids,Apex Value,Product-060,1,1,15.81,1.64,0.104,15.81
2025-09-11,2025,2025-09,Electronics,Apex Essentials,Product-074,1,1,62.76,10.95,0.1745,62.76
2025-08-07,2025,2025-08,Fitness,Apex Prime,Product-025,1,3,164.99,17.54,0.1063,164.99
2025-09-27,2025,2025-09,Home,Apex Outdoor,Product-013,1,1,41.01,4.67,0.1138,41.01
2025-12-10,2025,2025-12,Kitchen,Apex Prime,Product-034,1,1,19.67,2.21,0.1125,19.67
2025-09-07,2025,2025-09,Home,Apex Essentials,Product-043,1,2,32.43,5.26,0.1623,32.43
2025-09-15,2025,2025-09,Beauty,Apex Value,Product-065,1,2,41.44,5.76,0.1389,41.44
2025-11-03,2025,2025-11,Beauty,Apex Prime,Product-073,1,1,20.8,2.32,0.1116,20.8
2025-07-12,2025,2025-07,Home,Apex Outdoor,Product-021,1,1,26.29,4.63,0.176,26.29
2025-08-01,2025,2025-08,Kitchen,Apex Prime,Product-052,1,1,19.48,2.01,0.1031,19.48
2025-11-01,2025,2025-11,Beauty,Apex Outdoor,Product-055,1,1,25.8,3.49,0.1353,25.8
2025-11-02,2025,2025-11,Fitness,Apex Prime,Product-030,1,1,45.17,4.86,0.1075,45.17
2025-12-02,2025,2025-12,Home,Apex Essentials,Product-013,1,1,31.11,5.27,0.1694,31.11
2025-08-30,2025,2025-08,Home,Apex Outdoor,Product-063,1,1,20.9,3.25,0.1557,20.9
2025-11-04,2025,2025-11,Fitness,Apex Outdoor,Product-039,1,1,50.2,5.91,0.1178,50.2
2025-07-13,2025,2025-07,Kitchen,Apex Prime,Product-051,1,1,32.67,5.6,0.1715,32.67
2025-11-22,2025,2025-11,Fitness,Apex Prime,Product-077,1,2,90.48,12.4,0.1371,90.48
2025-10-27,2025,2025-10,Home,Apex Value,Product-009,1,1,29.96,5.22,0.1743,29.96
2025-12-25,2025,2025-12,Kitchen,Apex Outdoor,Product-019,1,2,35.35,6.03,0.1707,35.35
2025-08-01,2025,2025-08,Kids,Apex Value,Product-063,1,1,13.98,2.39,0.171,13.98
2025-07-23,2025,2025-07,Home,Apex Prime,Product-065,1,1,39.61,6.34,0.16,39.61
2025-12-31,2025,2025-12,Home,Apex Value,Product-042,1,1,18.77,2.07,0.1103,18.77
2025-07-03,2025,2025-07,Kids,Apex Value,Product-061,1,2,26.63,3.0,0.1127,26.63
2025-09-25,2025,2025-09,Fitness,Apex Prime,Product-036,1,1,37.74,5.06,0.1341,37.74
2025-11-26,2025,2025-11,Home,Apex Outdoor,Product-030,1,1,31.94,3.53,0.1105,31.94
2025-10-16,2025,2025-10,Beauty,Apex Outdoor,Product-009,1,1,27.83,4.77,0.1713,27.83
2025-09-07,2025,2025-09,Kitchen,Apex Essentials,Product-006,1,1,39.44,5.32,0.1348,39.44
2025-07-12,2025,2025-07,Fitness,Apex Outdoor,Product-016,1,1,54.55,6.67,0.1222,54.55
2025-08-23,2025,2025-08,Beauty,Apex Prime,Product-002,1,1,40.07,5.83,0.1455,40.07
2025-12-08,2025,2025-12,Electronics,Apex Value,Product-045,1,1,62.39,8.5,0.1362,62.39
2025-10-04,2025,2025-10,Kitchen,Apex Value,Product-073,1,1,13.74,1.95,0.1416,13.74
2025-09-10,2025,2025-09,Home,Apex Outdoor,Product-004,1,1,17.38,2.63,0.1516,17.38
2025-09-23,2025,2025-09,Kitchen,Apex Prime,Product-080,1,1,33.66,4.27,0.1269,33.66
2025-12-07,2025,2025-12,Beauty,Apex Value,Product-035,1,1,17.19,2.3,0.1338,17.19
2025-08-21,2025,2025-08,Beauty,Apex Essentials,Product-061,1,3,65.19,6.75,0.1035,65.19
2025-12-11,2025,2025-12,Fitness,Apex Prime,Product-048,1,1,57.42,9.69,0.1688,57.42
2025-07-24,2025,2025-07,Beauty,Apex Prime,Product-001,1,2,83.4,11.83,0.1419,83.4
2025-09-03,2025,2025-09,Kids,Apex Prime,Product-060,1,3,72.22,8.41,0.1164,72.22
2025-11-08,2025,2025-11,Electronics,Apex Outdoor,Product-053,1,1,68.31,8.84,0.1294,68.31
2025-07-23,2025,2025-07,Fitness,Apex Value,Product-054,1,1,47.5,5.04,0.106,47.5
2025-12-04,2025,2025-12,Beauty,Apex Prime,Product-042,1,1,22.79,3.77,0.1653,22.79
2025-10-27,2025,2025-10,Home,Apex Prime,Product-047,1,2,68.76,7.2,0.1047,68.76
2025-11-16,2025,2025-11,Beauty,Apex Essentials,Product-069,1,2,44.11,6.38,0.1446,44.11
2025-10-28,2025,2025-10,Kids,Apex Outdoor,Product-071,1,1,24.96,3.91,0.1568,24.96
2025-07-21,2025,2025-07,Fitness,Apex Value,Product-010,1,1,36.33,6.22,0.1711,36.33
2025-10-25,2025,2025-10,Beauty,Apex Prime,Product-047,1,1,41.28,4.73,0.1147,41.28
2025-10-11,2025,2025-10,Fitness,Apex Value,Product-011,1,1,33.89,5.05,0.1489,33.89
2025-12-30,2025,2025-12,Kids,Apex Essentials,Product-023,1,1,16.1,2.71,0.1681,16.1
2025-08-23,2025,2025-08,Home,Apex Outdoor,Product-077,1,1,34.16,5.01,0.1468,34.16
2025-09-12,2025,2025-09,Home,Apex Value,Product-012,1,1,46.82,5.37,0.1147,46.82
2025-10-11,2025,2025-10,Kids,Apex Value,Product-054,1,1,17.97,3.15,0.1754,17.97
2025-10-13,2025,2025-10,Fitness,Apex Essentials,Product-027,1,2,88.63,11.52,0.13,88.63
2025-12-04,2025,2025-12,Electronics,Apex Essentials,Product-004,1,1,61.32,7.51,0.1224,61.32
2025-07-06,2025,2025-07,Beauty,Apex Essentials,Product-016,1,1,21.61,3.47,0.1605,21.61
2025-09-28,2025,2025-09,Kids,Apex Prime,Product-044,1,1,18.3,2.57,0.1402,18.3
2025-12-06,2025,2025-12,Fitness,Apex Value,Product-015,1,1,43.65,4.7,0.1077,43.65
2025-12-05,2025,2025-12,Electronics,Apex Value,Product-025,1,1,74.7,8.32,0.1114,74.7
2025-09-17,2025,2025-09,Beauty,Apex Value,Product-020,1,1,18.86,1.95,0.1036,18.86
2025-09-29,2025,2025-09,Kitchen,Apex Essentials,Product-044,1,1,39.64,7.03,0.1773,39.64
2025-12-29,2025,2025-12,Kitchen,Apex Outdoor,Product-057,1,1,24.71,4.15,0.1681,24.71
2025-09-08,2025,2025-09,Kitchen,Apex Value,Product-073,1,1,34.64,4.26,0.1229,34.64
2025-07-29,2025,2025-07,Electronics,Apex Essentials,Product-018,1,2,111.52,17.9,0.1605,111.52
2025-07-03,2025,2025-07,Fitness,Apex Value,Product-001,1,1,24.87,3.0,0.1206,24.87
2025-09-27,2025,2025-09,Electronics,Apex Value,Product-037,1,1,61.69,6.88,0.1115,61.69
2025-12-26,2025,2025-12,Kitchen,Apex Value,Product-051,1,1,43.05,4.99,0.1158,43.05
2025-07-23,2025,2025-07,Beauty,Apex Value,Product-037,1,2,29.93,3.89,0.1299,29.93
2025-10-04,2025,2025-10,Kitchen,Apex Outdoor,Product-061,1,1,49.78,6.72,0.1349,49.78
2025-07-09,2025,2025-07,Fitness,Apex Prime,Product-010,1,1,59.22,10.27,0.1735,59.22
2025-09-12,2025,2025-09,Kids,Apex Outdoor,Product-047,1,1,31.4,4.89,0.1558,31.4
2025-09-25,2025,2025-09,Fitness,Apex Value,Product-025,1,1,58.01,8.64,0.1489,58.01
2025-07-23,2025,2025-07,Kids,Apex Prime,Product-014,1,1,34.81,5.42,0.1556,34.81
2025-11-13,2025,2025-11,Home,Apex Value,Product-003,1,3,118.56,15.91,0.1342,118.56
2025-12-28,2025,2025-12,Kids,Apex Prime,Product-015,1,3,83.24,11.9,0.143,83.24
2025-10-31,2025,2025-10,Kitchen,Apex Essentials,Product-012,1,1,32.54,3.87,0.1188,32.54
2025-09-20,2025,2025-09,Electronics,Apex Outdoor,Product-059,1,1,64.98,8.23,0.1267,64.98
2025-12-15,2025,2025-12,Home,Apex Outdoor,Product-029,1,1,31.57,3.18,0.1007,31.57
2025-09-27,2025,2025-09,Fitness,Apex Prime,Product-048,1,1,39.09,4.21,0.1078,39.09
2025-09-20,2025,2025-09,Fitness,Apex Prime,Product-079,1,1,44.09,6.74,0.1528,44.09
2025-12-18,2025,2025-12,Home,Apex Essentials,Product-052,1,2,16.0,2.65,0.1655,16.0
2025-12-22,2025,2025-12,Kitchen,Apex Outdoor,Product-011,1,1,21.65,2.72,0.1255,21.65
2025-07-04,2025,2025-07,Electronics,Apex Prime,Product-022,1,1,79.82,14.32,0.1794,79.82
2025-07-16,2025,2025-07,Beauty,Apex Outdoor,Product-024,1,1,14.78,1.51,0.1021,14.78
2025-12-28,2025,2025-12,Kids,Apex Value,Product-048,1,1,17.55,2.28,0.1299,17.55
2025-10-07,2025,2025-10,Kitchen,Apex Outdoor,Product-034,1,1,19.61,3.31,0.1687,19.61
2025-10-07,2025,2025-10,Fitness,Apex Prime,Product-079,1,3,102.44,11.86,0.1158,102.44
2025-08-09,2025,2025-08,Kitchen,Apex Value,Product-036,1,3,30.94,3.33,0.1076,30.94
2025-10-01,2025,2025-10,Kitchen,Apex Value,Product-023,1,1,22.18,2.27,0.1025,22.18
2025-07-19,2025,2025-07,Beauty,Apex Outdoor,Product-008,1,1,26.45,4.55,0.172,26.45
2025-09-13,2025,2025-09,Kitchen,Apex Essentials,Product-030,1,1,46.49,5.13,0.1104,46.49
2025-08-11,2025,2025-08,Home,Apex Prime,Product-026,1,1,35.72,5.69,0.1592,35.72
2025-11-18,2025,2025-11,Kids,Apex Prime,Product-061,1,1,22.69,3.18,0.1403,22.69
2025-07-14,2025,2025-07,Beauty,Apex Outdoor,Product-069,1,1,18.86,2.97,0.1573,18.86
2025-07-23,2025,2025-07,Kids,Apex Prime,Product-046,1,1,33.11,4.95,0.1496,33.11
2025-12-25,2025,2025-12,Beauty,Apex Prime,Product-011,1,1,25.72,4.38,0.1704,25.72
2025-09-16,2025,2025-09,Home,Apex Essentials,Product-035,1,1,39.61,6.1,0.1539,39.61
2025-08-14,2025,2025-08,Kids,Apex Essentials,Product-042,1,1,27.73,3.59,0.1295,27.73
2025-07-26,2025,2025-07,Home,Apex Value,Product-064,1,1,41.13,6.46,0.157,41.13
2025-08-27,2025,2025-08,Kids,Apex Prime,Product-002,1,1,22.22,2.83,0.1273,22.22
2025-09-25,2025,2025-09,Kids,Apex Value,Product-035,1,1,12.46,2.17,0.1745,12.46
2025-11-29,2025,2025-11,Electronics,Apex Outdoor,Product-006,1,3,174.78,26.9,0.1539,174.78
2025-09-06,2025,2025-09,Fitness,Apex Prime,Product-034,1,3,159.31,26.49,0.1663,159.31
2025-10-13,2025,2025-10,Electronics,Apex Value,Product-070,1,3,172.85,19.77,0.1144,172.85
2025-12-08,2025,2025-12,Kitchen,Apex Outdoor,Product-075,1,1,40.0,5.94,0.1484,40.0
2025-07-14,2025,2025-07,Kitchen,Apex Outdoor,Product-021,1,2,21.19,3.8,0.1793,21.19
2025-10-21,2025,2025-10,Kitchen,Apex Essentials,Product-015,1,1,33.04,4.49,0.1359,33.04
2025-12-20,2025,2025-12,Beauty,Apex Outdoor,Product-049,1,1,15.26,2.71,0.1773,15.26
2025-09-07,2025,2025-09,Beauty,Apex Prime,Product-016,1,1,25.24,4.23,0.1674,25.24
2025-11-10,2025,2025-11,Electronics,Apex Outdoor,Product-009,1,3,230.95,36.58,0.1584,230.95
2025-10-20,2025,2025-10,Beauty,Apex Outdoor,Product-047,1,2,58.52,9.95,0.17,58.52
2025-11-25,2025,2025-11,Beauty,Apex Value,Product-011,1,1,22.26,2.62,0.1178,22.26
2025-09-15,2025,2025-09,Kids,Apex Outdoor,Product-024,1,1,8.0,1.0,0.1247,8.0
2025-11-12,2025,2025-11,Electronics,Apex Essentials,Product-011,1,1,55.62,9.35,0.1681,55.62
2025-10-12,2025,2025-10,Home,Apex Outdoor,Product-076,1,1,37.97,3.95,0.104,37.97
2025-08-08,2025,2025-08,Home,Apex Essentials,Product-054,1,1,34.95,5.47,0.1566,34.95
2025-08-07,2025,2025-08,Electronics,Apex Outdoor,Product-035,1,2,150.65,24.53,0.1628,150.65
2025-07-11,2025,2025-07,Kitchen,Apex Outdoor,Product-053,1,1,50.81,5.9,0.1161,50.81
2025-11-12,2025,2025-11,Kids,Apex Outdoor,Product-003,1,1,8.0,0.92,0.1144,8.0
2025-07-23,2025,2025-07,Kitchen,Apex Essentials,Product-006,1,2,32.43,4.73,0.146,32.43
2025-11-07,2025,2025-11,Beauty,Apex Prime,Product-026,1,1,28.21,3.53,0.125,28.21
2025-12-22,2025,2025-12,Electronics,Apex Prime,Product-077,1,1,52.02,6.97,0.1339,52.02
2025-10-08,2025,2025-10,Beauty,Apex Outdoor,Product-079,1,1,28.25,3.7,0.1308,28.25
2025-10-27,2025,2025-10,Kitchen,Apex Outdoor,Product-047,1,1,19.34,2.5,0.1291,19.34
2025-12-13,2025,2025-12,Kids,Apex Prime,Product-050,1,1,15.92,2.1,0.1322,15.92
2025-11-21,2025,2025-11,Kitchen,Apex Outdoor,Product-071,1,1,35.24,4.04,0.1146,35.24
2025-11-07,2025,2025-11,Beauty,Apex Essentials,Product-004,1,1,36.24,5.64,0.1556,36.24
2025-12-09,2025,2025-12,Electronics,Apex Value,Product-066,1,2,162.63,27.26,0.1676,162.63
2025-10-01,2025,2025-10,Fitness,Apex Prime,Product-062,1,2,98.33,13.53,0.1376,98.33
2025-09-15,2025,2025-09,Home,Apex Value,Product-038,1,1,51.85,8.09,0.1561,51.85
2025-11-18,2025,2025-11,Electronics,Apex Outdoor,Product-012,1,2,120.5,18.76,0.1557,120.5
2025-10-28,2025,2025-10,Beauty,Apex Outdoor,Product-049,1,1,21.82,2.95,0.1354,21.82
2025-08-27,2025,2025-08,Beauty,Apex Outdoor,Product-008,1,1,15.24,1.74,0.1139,15.24
2025-12-14,2025,2025-12,Home,Apex Prime,Product-065,1,1,29.53,4.72,0.16,29.53
2025-09-15,2025,2025-09,Beauty,Apex Outdoor,Product-034,1,1,17.71,2.61,0.1473,17.71
2025-12-21,2025,2025-12,Beauty,Apex Prime,Product-013,1,1,9.52,1.26,0.132,9.52
2025-10-31,2025,2025-10,Fitness,Apex Value,Product-014,1,1,40.8,6.88,0.1687,40.8
2025-12-05,2025,2025-12,Kids,Apex Outdoor,Product-028,1,2,21.28,3.16,0.1483,21.28
2025-07-18,2025,2025-07,Fitness,Apex Outdoor,Product-009,1,1,41.39,4.33,0.1047,41.39
2025-09-30,2025,2025-09,Kids,Apex Prime,Product-018,1,2,39.12,4.82,0.1231,39.12
2025-07-01,2025,2025-07,Electronics,Apex Value,Product-052,1,3,139.92,19.76,0.1412,139.92
2025-11-10,2025,2025-11,Beauty,Apex Prime,Product-049,1,1,27.34,4.55,0.1664,27.34
2025-12-22,2025,2025-12,Fitness,Apex Essentials,Product-070,1,1,36.11,4.96,0.1373,36.11
2025-11-28,2025,2025-11,Kids,Apex Value,Product-004,1,1,17.18,2.86,0.1667,17.18
2025-11-27,2025,2025-11,Home,Apex Value,Product-061,1,1,23.62,2.5,0.106,23.62
2025-07-17,2025,2025-07,Kids,Apex Outdoor,Product-007,1,1,22.11,3.43,0.155,22.11
2025-11-17,2025,2025-11,Electronics,Apex Value,Product-053,1,2,117.79,16.3,0.1384,117.79
2025-12-29,2025,2025-12,Home,Apex Essentials,Product-015,1,1,20.15,3.41,0.1691,20.15
2025-07-21,2025,2025-07,Beauty,Apex Prime,Product-049,1,1,19.78,2.59,0.131,19.78
2025-07-18,2025,2025-07,Beauty,Apex Value,Product-041,1,1,12.0,1.65,0.1371,12.0
2025-09-20,2025,2025-09,Fitness,Apex Essentials,Product-054,1,2,82.44,11.63,0.1411,82.44
2025-08-10,2025,2025-08,Kitchen,Apex Outdoor,Product-057,1,1,44.03,6.7,0.1521,44.03
2025-11-29,2025,2025-11,Home,Apex Value,Product-058,1,1,30.2,4.05,0.1341,30.2
2025-10-31,2025,2025-10,Kids,Apex Prime,Product-069,1,1,12.96,1.41,0.109,12.96
2025-08-12,2025,2025-08,Beauty,Apex Value,Product-063,1,1,19.97,2.27,0.1139,19.97
2025-08-04,2025,2025-08,Beauty,Apex Prime,Product-059,1,1,8.75,1.47,0.1683,8.75
2025-07-08,2025,2025-07,Home,Apex Essentials,Product-016,1,1,29.64,4.78,0.1611,29.64
2025-10-11,2025,2025-10,Kitchen,Apex Value,Product-051,1,1,44.19,5.32,0.1203,44.19
2025-11-20,2025,2025-11,Kids,Apex Essentials,Product-067,1,1,20.15,2.65,0.1317,20.15
2025-07-31,2025,2025-07,Beauty,Apex Outdoor,Product-036,1,1,21.97,3.02,0.1376,21.97
2025-12-27,2025,2025-12,Kids,Apex Prime,Product-018,1,1,30.43,3.77,0.1239,30.43
2025-09-09,2025,2025-09,Fitness,Apex Value,Product-009,1,1,45.07,6.28,0.1394,45.07
2025-07-28,2025,2025-07,Home,Apex Essentials,Product-037,1,1,48.23,7.57,0.157,48.23
2025-10-02,2025,2025-10,Electronics,Apex Outdoor,Product-080,1,1,73.57,12.88,0.1751,73.57
2025-09-15,2025,2025-09,Home,Apex Value,Product-021,1,1,38.13,6.22,0.163,38.13
2025-09-14,2025,2025-09,Home,Apex Value,Product-037,1,1,23.54,2.38,0.101,23.54
2025-12-27,2025,2025-12,Electronics,Apex Essentials,Product-040,1,1,66.21,10.18,0.1538,66.21
2025-08-22,2025,2025-08,Beauty,Apex Essentials,Product-054,1,1,18.94,2.63,0.1389,18.94
2025-08-08,2025,2025-08,Kitchen,Apex Value,Product-046,1,1,22.71,3.32,0.1461,22.71
2025-10-31,2025,2025-10,Kids,Apex Prime,Product-078,1,1,32.11,4.8,0.1496,32.11
2025-07-30,2025,2025-07,Home,Apex Value,Product-032,1,1,33.45,4.75,0.142,33.45
2025-12-17,2025,2025-12,Beauty,Apex Value,Product-002,1,1,18.34,3.23,0.176,18.34
2025-12-28,2025,2025-12,Kitchen,Apex Outdoor,Product-048,1,1,21.08,3.34,0.1583,21.08
2025-09-07,2025,2025-09,Kitchen,Apex Outdoor,Product-057,1,1,32.11,4.34,0.1353,32.11
2025-07-26,2025,2025-07,Fitness,Apex Prime,Product-020,1,1,45.26,6.6,0.1459,45.26
2025-10-21,2025,2025-10,Home,Apex Prime,Product-032,1,1,56.81,8.82,0.1552,56.81
2025-10-03,2025,2025-10,Home,Apex Essentials,Product-073,1,1,17.87,1.89,0.1055,17.87
2025-12-26,2025,2025-12,Home,Apex Essentials,Product-028,1,1,27.14,2.87,0.1058,27.14
2025-12-25,2025,2025-12,Kids,Apex Prime,Product-079,1,1,8.0,1.2,0.1502,8.0
2025-08-16,2025,2025-08,Fitness,Apex Prime,Product-031,1,1,31.31,4.55,0.1454,31.31
2025-09-16,2025,2025-09,Kitchen,Apex Outdoor,Product-048,1,1,21.72,3.79,0.1745,21.72
2025-07-25,2025,2025-07,Beauty,Apex Essentials,Product-034,1,1,18.96,3.35,0.1768,18.96
2025-10-09,2025,2025-10,Home,Apex Prime,Product-074,1,1,39.74,6.92,0.1742,39.74
2025-10-19,2025,2025-10,Fitness,Apex Outdoor,Product-026,1,1,44.69,7.07,0.1581,44.69
2025-12-11,2025,2025-12,Home,Apex Value,Product-038,1,2,33.68,3.62,0.1075,33.68
2025-10-07,2025,2025-10,Kitchen,Apex Prime,Product-042,1,2,81.48,10.86,0.1333,81.48
2025-07-09,2025,2025-07,Electronics,Apex Essentials,Product-048,1,2,127.63,15.93,0.1248,127.63
2025-11-12,2025,2025-11,Beauty,Apex Value,Product-032,1,1,22.47,3.39,0.151,22.47
2025-08-31,2025,2025-08,Beauty,Apex Value,Product-025,1,2,60.35,6.22,0.103,60.35
2025-07-07,2025,2025-07,Beauty,Apex Prime,Product-045,1,1,18.26,2.22,0.1218,18.26
2025-08-25,2025,2025-08,Kitchen,Apex Value,Product-045,1,2,85.13,10.33,0.1214,85.13
2025-08-19,2025,2025-08,Electronics,Apex Essentials,Product-047,1,1,62.44,8.0,0.1281,62.44
2025-08-13,2025,2025-08,Beauty,Apex Value,Product-004,1,1,31.07,5.15,0.1659,31.07
2025-09-10,2025,2025-09,Home,Apex Prime,Product-024,1,1,30.84,3.85,0.1249,30.84
2025-10-21,2025,2025-10,Fitness,Apex Prime,Product-065,1,1,25.53,3.0,0.1175,25.53
2025-07-05,2025,2025-07,Beauty,Apex Prime,Product-007,1,1,11.86,1.23,0.1034,11.86
2025-09-02,2025,2025-09,Beauty,Apex Prime,Product-007,1,1,29.58,4.64,0.157,29.58
2025-08-24,2025,2025-08,Kitchen,Apex Prime,Product-067,1,1,25.0,3.69,0.1477,25.0
2025-08-03,2025,2025-08,Fitness,Apex Prime,Product-046,1,2,80.29,13.71,0.1707,80.29
2025-09-11,2025,2025-09,Electronics,Apex Essentials,Product-003,1,1,54.42,9.65,0.1774,54.42
2025-12-12,2025,2025-12,Kitchen,Apex Essentials,Product-079,1,1,20.75,2.87,0.1382,20.75
2025-09-01,2025,2025-09,Kids,Apex Value,Product-052,1,1,25.61,3.1,0.1212,25.61
2025-09-24,2025,2025-09,Kids,Apex Essentials,Product-035,1,1,27.83,4.23,0.152,27.83
2025-07-05,2025,2025-07,Electronics,Apex Outdoor,Product-068,1,1,61.29,9.29,0.1516,61.29
2025-08-26,2025,2025-08,Kids,Apex Essentials,Product-049,1,1,8.0,1.23,0.1542,8.0
2025-08-04,2025,2025-08,Electronics,Apex Outdoor,Product-061,1,1,58.74,7.04,0.1199,58.74
2025-09-18,2025,2025-09,Home,Apex Essentials,Product-070,1,1,33.56,4.67,0.1393,33.56
2025-08-23,2025,2025-08,Electronics,Apex Value,Product-008,1,1,77.86,8.49,0.109,77.86
2025-07-22,2025,2025-07,Fitness,Apex Essentials,Product-056,1,1,37.8,6.01,0.159,37.8
2025-10-17,2025,2025-10,Electronics,Apex Prime,Product-041,1,1,46.29,5.27,0.1139,46.29
2025-08-25,2025,2025-08,Fitness,Apex Essentials,Product-022,1,2,91.86,9.33,0.1016,91.86
2025-07-07,2025,2025-07,Kitchen,Apex Outdoor,Product-011,1,1,48.5,5.47,0.1128,48.5
2025-08-18,2025,2025-08,Home,Apex Essentials,Product-037,1,2,79.16,11.03,0.1394,79.16
2025-12-11,2025,2025-12,Kids,Apex Value,Product-029,1,1,8.49,1.27,0.1501,8.49
2025-10-08,2025,2025-10,Electronics,Apex Essentials,Product-018,1,3,247.03,43.97,0.178,247.03
2025-07-17,2025,2025-07,Beauty,Apex Essentials,Product-038,1,1,12.78,1.71,0.1335,12.78
2025-09-04,2025,2025-09,Kitchen,Apex Essentials,Product-021,1,1,27.27,3.61,0.1324,27.27
2025-11-25,2025,2025-11,Kitchen,Apex Value,Product-046,1,1,36.43,4.65,0.1276,36.43
2025-07-17,2025,2025-07,Home,Apex Prime,Product-051,1,1,17.3,3.04,0.1759,17.3
2025-08-20,2025,2025-08,Kitchen,Apex Value,Product-003,1,1,30.39,5.22,0.1717,30.39
2025-08-08,2025,2025-08,Kitchen,Apex Essentials,Product-011,1,1,21.29,2.31,0.1085,21.29
2025-08-04,2025,2025-08,Kitchen,Apex Outdoor,Product-052,1,1,33.05,4.56,0.1381,33.05
2025-09-06,2025,2025-09,Electronics,Apex Essentials,Product-020,1,1,62.85,10.51,0.1672,62.85
2025-08-07,2025,2025-08,Kids,Apex Prime,Product-038,1,1,8.79,0.94,0.1075,8.79
2025-08-19,2025,2025-08,Kitchen,Apex Value,Product-079,1,2,66.21,7.21,0.1089,66.21
2025-12-10,2025,2025-12,Fitness,Apex Essentials,Product-069,1,2,130.68,22.69,0.1736,130.68
2025-07-16,2025,2025-07,Beauty,Apex Essentials,Product-058,1,1,24.52,2.54,0.1034,24.52
2025-10-12,2025,2025-10,Electronics,Apex Essentials,Product-049,1,1,60.94,8.08,0.1326,60.94
2025-11-03,2025,2025-11,Kids,Apex Value,Product-052,1,1,20.35,3.5,0.172,20.35
2025-11-20,2025,2025-11,Kids,Apex Outdoor,Product-041,1,2,30.11,5.33,0.1771,30.11
2025-09-03,2025,2025-09,Electronics,Apex Essentials,Product-035,1,1,67.28,8.91,0.1325,67.28
2025-10-25,2025,2025-10,Fitness,Apex Outdoor,Product-025,1,1,43.52,5.17,0.1188,43.52
2025-07-04,2025,2025-07,Kitchen,Apex Essentials,Product-018,1,1,39.43,6.04,0.1531,39.43
2025-08-19,2025,2025-08,Kids,Apex Value,Product-008,1,1,8.0,0.81,0.1016,8.0
2025-09-13,2025,2025-09,Kitchen,Apex Outdoor,Product-029,1,1,36.52,4.7,0.1287,36.52
2025-08-14,2025,2025-08,Fitness,Apex Outdoor,Product-050,1,1,42.74,7.61,0.178,42.74
2025-08-26,2025,2025-08,Beauty,Apex Essentials,Product-002,1,3,29.57,2.98,0.1009,29.57
2025-07-24,2025,2025-07,Fitness,Apex Prime,Product-078,1,2,66.51,9.73,0.1463,66.51
2025-11-05,2025,2025-11,Kids,Apex Outdoor,Product-060,1,1,20.41,2.54,0.1244,20.41
2025-09-02,2025,2025-09,Kids,Apex Outdoor,Product-001,1,2,16.0,2.72,0.1703,16.0
2025-08-19,2025,2025-08,Home,Apex Prime,Product-016,1,1,46.96,7.58,0.1615,46.96
2025-08-10,2025,2025-08,Kids,Apex Prime,Product-042,1,1,38.22,6.03,0.1578,38.22
2025-09-12,2025,2025-09,Kids,Apex Value,Product-050,1,1,10.03,1.7,0.1695,10.03
2025-07-08,2025,2025-07,Fitness,Apex Essentials,Product-067,1,1,36.57,5.49,0.1502,36.57
2025-09-06,2025,2025-09,Beauty,Apex Value,Product-013,1,1,12.7,1.41,0.1109,12.7
2025-08-07,2025,2025-08,Beauty,Apex Essentials,Product-039,1,3,136.21,19.59,0.1438,136.21
2025-07-19,2025,2025-07,Beauty,Apex Essentials,Product-014,1,1,42.84,5.04,0.1177,42.84
2025-09-24,2025,2025-09,Electronics,Apex Value,Product-049,1,1,73.7,7.86,0.1066,73.7
2025-12-23,2025,2025-12,Electronics,Apex Outdoor,Product-044,1,2,140.4,17.51,0.1247,140.4
2025-10-14,2025,2025-10,Beauty,Apex Outdoor,Product-005,1,1,20.56,2.37,0.1153,20.56
2025-11-25,2025,2025-11,Beauty,Apex Outdoor,Product-061,1,1,17.34,2.24,0.1292,17.34
2025-11-18,2025,2025-11,Beauty,Apex Outdoor,Product-002,1,1,27.67,3.25,0.1176,27.67
2025-09-14,2025,2025-09,Electronics,Apex Value,Product-010,1,1,52.13,6.91,0.1325,52.13
2025-12-05,2025,2025-12,Home,Apex Essentials,Product-046,1,2,54.69,9.68,0.177,54.69
2025-08-21,2025,2025-08,Beauty,Apex Outdoor,Product-072,1,1,27.45,3.94,0.1437,27.45
2025-11-29,2025,2025-11,Fitness,Apex Value,Product-006,1,1,36.46,5.2,0.1427,36.46
2025-11-13,2025,2025-11,Beauty,Apex Essentials,Product-066,1,1,18.7,2.29,0.1223,18.7
2025-09-28,2025,2025-09,Kids,Apex Outdoor,Product-001,1,2,18.09,2.56,0.1417,18.09
2025-10-04,2025,2025-10,Home,Apex Outdoor,Product-038,1,1,23.48,4.06,0.1731,23.48
2025-10-21,2025,2025-10,Fitness,Apex Essentials,Product-069,1,1,44.38,7.42,0.1673,44.38
2025-12-25,2025,2025-12,Home,Apex Value,Product-032,1,1,40.21,4.54,0.1128,40.21
2025-07-20,2025,2025-07,Kids,Apex Outdoor,Product-049,1,1,20.32,3.37,0.1658,20.32
2025-08-13,2025,2025-08,Beauty,Apex Outdoor,Product-055,1,1,21.02,3.2,0.1523,21.02
2025-08-24,2025,2025-08,Home,Apex Prime,Product-029,1,2,77.33,8.07,0.1043,77.33
2025-11-22,2025,2025-11,Kids,Apex Value,Product-015,1,1,25.83,4.0,0.1548,25.83
2025-07-05,2025,2025-07,Electronics,Apex Essentials,Product-078,1,1,63.63,10.81,0.1699,63.63
2025-11-21,2025,2025-11,Electronics,Apex Essentials,Product-050,1,1,50.84,6.26,0.1231,50.84
2025-10-19,2025,2025-10,Home,Apex Value,Product-026,1,1,42.54,5.77,0.1356,42.54
2025-12-05,2025,2025-12,Electronics,Apex Essentials,Product-062,1,1,54.31,8.6,0.1583,54.31
2025-08-25,2025,2025-08,Fitness,Apex Essentials,Product-026,1,3,114.76,12.16,0.106,114.76
2025-12-08,2025,2025-12,Kitchen,Apex Prime,Product-041,1,1,30.91,4.27,0.1381,30.91
2025-11-06,2025,2025-11,Home,Apex Outdoor,Product-016,1,1,37.93,5.88,0.155,37.93
2025-12-20,2025,2025-12,Kids,Apex Prime,Product-038,1,1,8.4,1.23,0.1466,8.4
2025-12-25,2025,2025-12,Home,Apex Outdoor,Product-013,1,1,37.85,4.38,0.1157,37.85
2025-07-06,2025,2025-07,Kitchen,Apex Value,Product-017,1,1,13.03,2.28,0.1752,13.03
2025-07-16,2025,2025-07,Home,Apex Essentials,Product-079,1,1,38.52,6.19,0.1607,38.52
2025-09-19,2025,2025-09,Fitness,Apex Value,Product-067,1,1,41.6,6.19,0.1488,41.6
2025-11-13,2025,2025-11,Beauty,Apex Value,Product-075,1,2,41.84,6.45,0.1541,41.84
2025-08-03,2025,2025-08,Fitness,Apex Outdoor,Product-038,1,2,60.94,6.36,0.1043,60.94
2025-10-24,2025,2025-10,Kitchen,Apex Value,Product-003,1,1,37.4,5.01,0.1339,37.4
2025-12-03,2025,2025-12,Fitness,Apex Outdoor,Product-003,1,1,40.08,4.9,0.1223,40.08
2025-12-25,2025,2025-12,Beauty,Apex Outdoor,Product-013,1,1,30.53,4.22,0.1381,30.53
2025-10-19,2025,2025-10,Home,Apex Prime,Product-030,1,2,68.74,7.1,0.1033,68.74
2025-07-02,2025,2025-07,Kitchen,Apex Essentials,Product-004,1,2,41.25,4.24,0.1027,41.25
2025-07-27,2025,2025-07,Kids,Apex Outdoor,Product-054,1,2,30.96,3.91,0.1264,30.96
2025-09-05,2025,2025-09,Kitchen,Apex Essentials,Product-080,1,1,13.54,2.15,0.1591,13.54
2025-10-18,2025,2025-10,Fitness,Apex Essentials,Product-056,1,2,123.92,13.14,0.106,123.92
2025-08-17,2025,2025-08,Electronics,Apex Essentials,Product-038,1,1,63.12,6.79,0.1075,63.12
2025-12-05,2025,2025-12,Home,Apex Value,Product-056,1,1,24.48,3.17,0.1295,24.48
2025-10-29,2025,2025-10,Home,Apex Essentials,Product-005,1,1,35.78,5.23,0.1463,35.78
2025-11-10,2025,2025-11,Home,Apex Essentials,Product-019,1,1,37.11,4.58,0.1234,37.11
2025-08-16,2025,2025-08,Beauty,Apex Value,Product-059,1,1,30.84,4.51,0.1461,30.84
2025-08-09,2025,2025-08,Kids,Apex Prime,Product-055,1,1,8.0,1.23,0.1532,8.0
2025-10-12,2025,2025-10,Fitness,Apex Value,Product-043,1,1,45.13,4.69,0.1039,45.13
2025-08-29,2025,2025-08,Electronics,Apex Outdoor,Product-008,1,1,65.31,9.65,0.1477,65.31
2025-11-29,2025,2025-11,Kids,Apex Essentials,Product-060,1,1,26.33,3.51,0.1334,26.33
2025-11-29,2025,2025-11,Kids,Apex Essentials,Product-020,1,1,24.89,3.69,0.1482,24.89
2025-12-07,2025,2025-12,Kitchen,Apex Prime,Product-055,1,2,43.92,5.43,0.1237,43.92
2025-09-27,2025,2025-09,Beauty,Apex Essentials,Product-070,1,1,28.55,4.34,0.1521,28.55
2025-10-23,2025,2025-10,Beauty,Apex Value,Product-053,1,1,21.38,3.38,0.1581,21.38
2025-10-07,2025,2025-10,Kids,Apex Outdoor,Product-037,1,1,30.87,4.93,0.1596,30.87
2025-10-19,2025,2025-10,Kitchen,Apex Prime,Product-007,1,2,60.01,8.76,0.146,60.01
2025-12-07,2025,2025-12,Beauty,Apex Essentials,Product-035,1,2,26.49,4.47,0.1689,26.49
2025-07-01,2025,2025-07,Kids,Apex Prime,Product-008,1,1,16.93,1.76,0.1038,16.93
2025-11-29,2025,2025-11,Home,Apex Outdoor,Product-070,1,2,73.08,7.93,0.1085,73.08
2025-09-16,2025,2025-09,Kitchen,Apex Essentials,Product-062,1,1,29.01,4.68,0.1614,29.01
2025-09-21,2025,2025-09,Beauty,Apex Value,Product-007,1,1,38.79,4.43,0.1141,38.79
2025-10-13,2025,2025-10,Beauty,Apex Value,Product-017,1,1,21.79,2.29,0.1051,21.79
2025-11-04,2025,2025-11,Kids,Apex Essentials,Product-031,1,1,16.75,1.77,0.1054,16.75
2025-08-07,2025,2025-08,Electronics,Apex Value,Product-004,1,1,59.07,8.41,0.1423,59.07
2025-11-07,2025,2025-11,Kitchen,Apex Prime,Product-060,1,1,40.0,6.55,0.1638,40.0
2025-11-30,2025,2025-11,Kids,Apex Value,Product-017,1,1,12.43,2.1,0.1692,12.43
2025-08-15,2025,2025-08,Electronics,Apex Outdoor,Product-009,1,1,57.78,8.79,0.1521,57.78
2025-11-04,2025,2025-11,Beauty,Apex Outdoor,Product-020,1,2,49.91,7.35,0.1473,49.91
2025-11-12,2025,2025-11,Kitchen,Apex Prime,Product-003,1,1,29.99,4.46,0.1488,29.99
2025-08-29,2025,2025-08,Kitchen,Apex Outdoor,Product-011,1,1,36.69,6.04,0.1645,36.69
2025-09-22,2025,2025-09,Kitchen,Apex Outdoor,Product-030,1,1,26.65,4.18,0.157,26.65
2025-12-18,2025,2025-12,Kitchen,Apex Prime,Product-072,1,1,25.23,3.09,0.1226,25.23
2025-07-12,2025,2025-07,Kids,Apex Prime,Product-005,1,1,24.47,3.12,0.1277,24.47
2025-09-27,2025,2025-09,Kitchen,Apex Prime,Product-020,1,2,59.33,10.34,0.1743,59.33
2025-12-24,2025,2025-12,Electronics,Apex Value,Product-041,1,1,49.08,6.46,0.1316,49.08
2025-09-09,2025,2025-09,Kids,Apex Value,Product-066,1,1,15.49,1.62,0.1048,15.49
2025-08-17,2025,2025-08,Kitchen,Apex Outdoor,Product-043,1,1,25.51,2.69,0.1055,25.51
2025-10-05,2025,2025-10,Electronics,Apex Prime,Product-061,1,1,74.52,12.06,0.1618,74.52
2025-09-08,2025,2025-09,Beauty,Apex Prime,Product-052,1,1,16.05,2.8,0.1746,16.05
2025-07-13,2025,2025-07,Home,Apex Essentials,Product-039,1,1,32.2,4.07,0.1263,32.2
2025-10-01,2025,2025-10,Fitness,Apex Prime,Product-051,1,1,39.83,4.78,0.1199,39.83
2025-10-06,2025,2025-10,Beauty,Apex Prime,Product-078,1,1,26.01,3.33,0.1282,26.01
2025-09-01,2025,2025-09,Kids,Apex Essentials,Product-039,1,1,24.4,4.1,0.168,24.4
2025-10-29,2025,2025-10,Kitchen,Apex Prime,Product-073,1,1,25.28,3.71,0.1466,25.28
2025-12-26,2025,2025-12,Kitchen,Apex Value,Product-063,1,1,31.24,3.27,0.1048,31.24
2025-11-10,2025,2025-11,Beauty,Apex Prime,Product-077,1,1,31.37,5.62,0.1792,31.37
2025-10-23,2025,2025-10,Electronics,Apex Value,Product-048,1,1,75.78,9.45,0.1247,75.78
2025-08-08,2025,2025-08,Kids,Apex Outdoor,Product-074,1,2,16.0,2.28,0.1426,16.0
2025-12-14,2025,2025-12,Home,Apex Value,Product-004,1,1,51.49,6.73,0.1308,51.49
2025-07-24,2025,2025-07,Home,Apex Prime,Product-035,1,1,59.35,10.16,0.1712,59.35
2025-11-14,2025,2025-11,Home,Apex Essentials,Product-070,1,2,61.46,7.78,0.1266,61.46
2025-07-31,2025,2025-07,Electronics,Apex Essentials,Product-055,1,1,51.36,7.06,0.1374,51.36
2025-10-04,2025,2025-10,Kitchen,Apex Prime,Product-047,1,1,27.6,4.64,0.1681,27.6
2025-07-04,2025,2025-07,Beauty,Apex Essentials,Product-036,1,1,23.75,3.56,0.1499,23.75
2025-12-07,2025,2025-12,Fitness,Apex Essentials,Product-025,1,1,36.98,4.53,0.1225,36.98
2025-10-12,2025,2025-10,Kitchen,Apex Outdoor,Product-063,1,1,24.81,2.66,0.1074,24.81
2025-07-05,2025,2025-07,Kitchen,Apex Value,Product-080,1,2,20.82,2.46,0.1183,20.82
2025-08-12,2025,2025-08,Home,Apex Value,Product-064,1,1,32.17,5.53,0.172,32.17
2025-10-11,2025,2025-10,Kids,Apex Essentials,Product-069,1,1,8.0,1.35,0.1688,8.0
2025-11-13,2025,2025-11,Fitness,Apex Prime,Product-009,1,1,46.6,5.79,0.1242,46.6
2025-07-21,2025,2025-07,Fitness,Apex Prime,Product-049,1,1,47.63,6.31,0.1325,47.63
2025-07-28,2025,2025-07,Home,Apex Prime,Product-004,1,1,37.96,5.53,0.1456,37.96
2025-11-02,2025,2025-11,Fitness,Apex Essentials,Product-009,1,3,130.01,17.45,0.1342,130.01
2025-11-26,2025,2025-11,Fitness,Apex Prime,Product-072,1,2,105.99,13.93,0.1314,105.99
2025-12-26,2025,2025-12,Electronics,Apex Value,Product-046,1,2,123.48,14.56,0.1179,123.48
2025-07-02,2025,2025-07,Kids,Apex Prime,Product-050,1,1,8.89,1.04,0.1172,8.89
2025-12-15,2025,2025-12,Beauty,Apex Value,Product-037,1,1,27.54,4.45,0.1617,27.54
2025-08-09,2025,2025-08,Home,Apex Prime,Product-069,1,1,24.73,3.76,0.1519,24.73
2025-08-11,2025,2025-08,Home,Apex Outdoor,Product-024,1,1,28.22,3.08,0.1093,28.22
2025-09-27,2025,2025-09,Kids,Apex Outdoor,Product-033,1,1,21.88,3.05,0.1395,21.88
2025-08-21,2025,2025-08,Fitness,Apex Prime,Product-062,1,2,111.41,19.6,0.1759,111.41
2025-08-24,2025,2025-08,Beauty,Apex Prime,Product-013,1,1,23.68,2.84,0.1198,23.68
2025-10-25,2025,2025-10,Kitchen,Apex Prime,Product-008,1,1,22.82,2.69,0.1177,22.82
2025-11-28,2025,2025-11,Fitness,Apex Value,Product-006,1,1,41.1,6.95,0.1691,41.1
2025-10-18,2025,2025-10,Electronics,Apex Value,Product-002,1,1,79.36,9.36,0.118,79.36
2025-08-05,2025,2025-08,Kitchen,Apex Value,Product-033,1,1,8.0,1.06,0.1331,8.0
2025-08-27,2025,2025-08,Electronics,Apex Prime,Product-066,1,1,73.47,8.75,0.1191,73.47
2025-10-05,2025,2025-10,Electronics,Apex Prime,Product-037,1,1,67.12,8.73,0.1301,67.12
2025-08-28,2025,2025-08,Fitness,Apex Essentials,Product-049,1,1,46.95,6.49,0.1382,46.95
2025-07-11,2025,2025-07,Kitchen,Apex Essentials,Product-049,1,2,64.17,8.74,0.1362,64.17
2025-07-06,2025,2025-07,Beauty,Apex Value,Product-039,1,1,14.58,2.53,0.1733,14.58
2025-12-27,2025,2025-12,Kids,Apex Essentials,Product-060,1,1,31.77,3.77,0.1186,31.77
2025-11-09,2025,2025-11,Home,Apex Outdoor,Product-044,1,1,19.1,3.27,0.1711,19.1
2025-08-17,2025,2025-08,Kitchen,Apex Prime,Product-008,1,1,32.75,3.55,0.1085,32.75
2025-08-07,2025,2025-08,Electronics,Apex Essentials,Product-028,1,1,63.52,6.67,0.105,63.52
2025-08-05,2025,2025-08,Kids,Apex Value,Product-023,1,1,19.39,2.61,0.1344,19.39
2025-09-10,2025,2025-09,Beauty,Apex Prime,Product-059,1,1,19.01,3.37,0.1774,19.01
2025-07-19,2025,2025-07,Electronics,Apex Value,Product-032,1,1,53.61,7.16,0.1336,53.61
2025-08-25,2025,2025-08,Fitness,Apex Prime,Product-044,1,3,113.83,20.16,0.1771,113.83
2025-08-19,2025,2025-08,Kids,Apex Prime,Product-023,1,1,15.58,2.06,0.1321,15.58
2025-11-28,2025,2025-11,Beauty,Apex Outdoor,Product-027,1,1,8.0,1.31,0.1639,8.0
2025-10-21,2025,2025-10,Kids,Apex Value,Product-050,1,2,44.01,4.88,0.1108,44.01
2025-11-06,2025,2025-11,Home,Apex Value,Product-028,1,1,26.65,4.68,0.1755,26.65
2025-09-14,2025,2025-09,Kitchen,Apex Outdoor,Product-063,1,1,23.79,3.12,0.1311,23.79
2025-11-15,2025,2025-11,Home,Apex Outdoor,Product-063,1,1,39.6,6.02,0.1521,39.6
2025-08-11,2025,2025-08,Kids,Apex Value,Product-077,1,1,29.56,3.52,0.119,29.56
2025-10-11,2025,2025-10,Kitchen,Apex Outdoor,Product-068,1,1,29.11,4.81,0.1653,29.11
2025-08-14,2025,2025-08,Kitchen,Apex Value,Product-020,1,1,39.71,4.19,0.1054,39.71
2025-09-21,2025,2025-09,Kitchen,Apex Essentials,Product-003,1,1,17.61,1.78,0.1009,17.61
2025-11-20,2025,2025-11,Electronics,Apex Essentials,Product-076,1,1,44.04,6.18,0.1403,44.04
2025-12-16,2025,2025-12,Beauty,Apex Prime,Product-033,1,1,8.0,1.34,0.1675,8.0
2025-10-06,2025,2025-10,Beauty,Apex Essentials,Product-041,1,1,8.0,1.2,0.15,8.0
2025-08-30,2025,2025-08,Home,Apex Essentials,Product-018,1,1,32.95,4.83,0.1466,32.95
2025-11-12,2025,2025-11,Kitchen,Apex Value,Product-047,1,1,28.55,5.08,0.1778,28.55
2025-07-13,2025,2025-07,Beauty,Apex Outdoor,Product-019,1,2,35.95,5.48,0.1525,35.95
2025-11-22,2025,2025-11,Kitchen,Apex Prime,Product-075,1,1,35.07,4.36,0.1244,35.07
2025-11-08,2025,2025-11,Beauty,Apex Value,Product-046,1,1,15.11,1.83,0.121,15.11
2025-07-05,2025,2025-07,Beauty,Apex Essentials,Product-010,1,1,18.65,2.88,0.1546,18.65
2025-11-24,2025,2025-11,Fitness,Apex Value,Product-008,1,1,40.2,5.11,0.127,40.2
2025-08-03,2025,2025-08,Kitchen,Apex Essentials,Product-065,1,3,117.72,12.31,0.1046,117.72
2025-09-16,2025,2025-09,Kids,Apex Essentials,Product-041,1,1,9.62,1.06,0.1103,9.62
2025-07-21,2025,2025-07,Fitness,Apex Essentials,Product-045,1,1,38.79,5.08,0.131,38.79
2025-10-30,2025,2025-10,Kids,Apex Outdoor,Product-033,1,1,8.0,1.08,0.1351,8.0
2025-07-15,2025,2025-07,Electronics,Apex Essentials,Product-057,1,1,73.27,11.1,0.1515,73.27
2025-09-03,2025,2025-09,Fitness,Apex Outdoor,Product-032,1,1,48.03,6.06,0.1262,48.03
2025-10-07,2025,2025-10,Kitchen,Apex Prime,Product-037,1,1,40.41,6.3,0.1558,40.41
2025-11-18,2025,2025-11,Fitness,Apex Essentials,Product-011,1,1,32.74,4.47,0.1366,32.74
2025-08-16,2025,2025-08,Beauty,Apex Essentials,Product-001,1,1,29.9,5.09,0.1703,29.9
2025-09-21,2025,2025-09,Beauty,Apex Essentials,Product-061,1,1,22.1,2.4,0.1088,22.1
2025-10-04,2025,2025-10,Electronics,Apex Prime,Product-023,1,1,70.61,9.97,0.1412,70.61
2025-10-16,2025,2025-10,Kids,Apex Value,Product-025,1,2,24.7,3.23,0.1309,24.7
2025-11-30,2025,2025-11,Beauty,Apex Outdoor,Product-007,1,2,33.64,5.52,0.164,33.64
2025-09-21,2025,2025-09,Beauty,Apex Essentials,Product-012,1,1,14.4,1.73,0.1201,14.4
2025-08-09,2025,2025-08,Kitchen,Apex Prime,Product-028,1,1,22.56,2.71,0.1203,22.56
2025-08-17,2025,2025-08,Electronics,Apex Prime,Product-064,1,2,125.15,20.91,0.1671,125.15
2025-08-31,2025,2025-08,Fitness,Apex Value,Product-052,1,1,62.35,8.97,0.1439,62.35
2025-11-05,2025,2025-11,Home,Apex Outdoor,Product-043,1,1,30.05,3.35,0.1115,30.05
2025-09-22,2025,2025-09,Home,Apex Outdoor,Product-032,1,1,41.58,7.34,0.1766,41.58
2025-10-17,2025,2025-10,Kitchen,Apex Outdoor,Product-064,1,1,22.1,3.08,0.1393,22.1
2025-08-29,2025,2025-08,Fitness,Apex Outdoor,Product-001,1,1,40.84,6.17,0.151,40.84
2025-07-23,2025,2025-07,Kitchen,Apex Prime,Product-009,1,1,29.44,3.43,0.1165,29.44
2025-12-25,2025,2025-12,Home,Apex Essentials,Product-037,1,1,25.43,4.32,0.1699,25.43
2025-11-17,2025,2025-11,Beauty,Apex Value,Product-076,1,2,49.31,7.0,0.1419,49.31
2025-08-05,2025,2025-08,Electronics,Apex Prime,Product-055,1,1,65.12,11.58,0.1778,65.12
2025-11-12,2025,2025-11,Electronics,Apex Prime,Product-002,1,1,56.69,5.79,0.1022,56.69
2025-09-06,2025,2025-09,Fitness,Apex Value,Product-012,1,1,57.18,8.75,0.1531,57.18
2025-11-01,2025,2025-11,Electronics,Apex Outdoor,Product-016,1,1,63.07,9.89,0.1568,63.07
2025-12-24,2025,2025-12,Beauty,Apex Essentials,Product-053,1,2,22.63,2.29,0.101,22.63
2025-12-06,2025,2025-12,Home,Apex Outdoor,Product-012,1,1,34.89,5.87,0.1681,34.89
2025-09-03,2025,2025-09,Home,Apex Essentials,Product-030,1,1,40.5,6.24,0.154,40.5
2025-07-09,2025,2025-07,Electronics,Apex Prime,Product-076,1,2,162.85,26.17,0.1607,162.85
2025-09-14,2025,2025-09,Home,Apex Essentials,Product-040,1,1,48.46,6.9,0.1424,48.46
2025-11-15,2025,2025-11,Beauty,Apex Essentials,Product-061,1,2,28.05,4.87,0.1737,28.05
2025-07-04,2025,2025-07,Kids,Apex Essentials,Product-022,1,1,31.51,5.21,0.1652,31.51
2025-11-17,2025,2025-11,Home,Apex Essentials,Product-041,1,1,20.3,2.1,0.1034,20.3
2025-09-11,2025,2025-09,Kitchen,Apex Value,Product-027,1,1,45.03,4.51,0.1002,45.03
2025-09-19,2025,2025-09,Home,Apex Prime,Product-001,1,2,67.97,12.09,0.1779,67.97
2025-07-12,2025,2025-07,Kids,Apex Outdoor,Product-030,1,1,8.0,0.89,0.1116,8.0
2025-11-27,2025,2025-11,Beauty,Apex Essentials,Product-032,1,1,9.91,1.35,0.1362,9.91
2025-11-03,2025,2025-11,Beauty,Apex Prime,Product-022,1,1,11.16,1.56,0.1402,11.16
2025-09-04,2025,2025-09,Fitness,Apex Outdoor,Product-058,1,1,40.62,4.48,0.1103,40.62
2025-08-27,2025,2025-08,Fitness,Apex Outdoor,Product-022,1,2,81.17,11.44,0.1409,81.17
2025-08-05,2025,2025-08,Beauty,Apex Essentials,Product-059,1,1,31.96,4.9,0.1533,31.96
2025-10-14,2025,2025-10,Electronics,Apex Prime,Product-070,1,1,66.17,8.27,0.125,66.17
2025-08-05,2025,2025-08,Kids,Apex Value,Product-043,1,1,27.83,3.18,0.1142,27.83
2025-10-18,2025,2025-10,Beauty,Apex Prime,Product-032,1,1,13.87,1.79,0.1289,13.87
2025-11-15,2025,2025-11,Kids,Apex Outdoor,Product-021,1,1,8.0,1.43,0.1784,8.0
2025-09-10,2025,2025-09,Kitchen,Apex Outdoor,Product-018,1,1,25.22,4.16,0.1648,25.22
2025-08-19,2025,2025-08,Kitchen,Apex Value,Product-061,1,1,26.01,3.2,0.1232,26.01
2025-08-02,2025,2025-08,Home,Apex Prime,Product-048,1,1,44.71,4.94,0.1106,44.71
2025-07-13,2025,2025-07,Kids,Apex Value,Product-002,1,1,42.42,5.15,0.1214,42.42
2025-11-18,2025,2025-11,Fitness,Apex Value,Product-039,1,1,65.15,10.65,0.1635,65.15
2025-07-29,2025,2025-07,Kids,Apex Prime,Product-059,1,2,16.0,1.61,0.1008,16.0
2025-12-23,2025,2025-12,Kids,Apex Essentials,Product-062,1,2,16.0,1.92,0.1201,16.0
2025-07-01,2025,2025-07,Kitchen,Apex Value,Product-070,1,2,39.16,3.93,0.1004,39.16
2025-12-08,2025,2025-12,Kids,Apex Value,Product-020,1,1,21.52,3.14,0.1458,21.52
2025-09-19,2025,2025-09,Electronics,Apex Outdoor,Product-065,1,1,53.49,8.09,0.1512,53.49
2025-12-14,2025,2025-12,Home,Apex Essentials,Product-059,1,2,84.72,11.73,0.1385,84.72
2025-10-03,2025,2025-10,Kids,Apex Essentials,Product-045,1,1,8.0,1.33,0.1666,8.0
2025-08-03,2025,2025-08,Electronics,Apex Value,Product-079,1,1,57.23,8.32,0.1453,57.23
2025-09-11,2025,2025-09,Fitness,Apex Outdoor,Product-042,1,1,33.23,3.77,0.1136,33.23
2025-12-22,2025,2025-12,Kids,Apex Essentials,Product-076,1,2,35.97,4.97,0.1383,35.97
2025-11-05,2025,2025-11,Beauty,Apex Prime,Product-046,1,1,11.65,1.7,0.146,11.65
2025-11-26,2025,2025-11,Beauty,Apex Value,Product-029,1,1,30.62,4.24,0.1386,30.62
2025-08-20,2025,2025-08,Home,Apex Prime,Product-059,1,1,30.88,4.85,0.157,30.88
2025-10-10,2025,2025-10,Electronics,Apex Value,Product-069,1,1,54.91,6.13,0.1116,54.91
2025-12-17,2025,2025-12,Home,Apex Prime,Product-058,1,1,48.5,5.45,0.1124,48.5
2025-12-25,2025,2025-12,Home,Apex Essentials,Product-061,1,1,39.86,5.4,0.1355,39.86
2025-07-29,2025,2025-07,Home,Apex Essentials,Product-008,1,3,122.17,14.68,0.1202,122.17
2025-09-24,2025,2025-09,Electronics,Apex Essentials,Product-008,1,1,54.1,6.3,0.1164,54.1
2025-09-12,2025,2025-09,Beauty,Apex Essentials,Product-074,1,1,30.77,4.06,0.132,30.77
2025-12-14,2025,2025-12,Fitness,Apex Prime,Product-023,1,3,106.4,14.16,0.1331,106.4
2025-07-26,2025,2025-07,Kids,Apex Prime,Product-076,1,1,9.75,1.13,0.1162,9.75
2025-09-12,2025,2025-09,Kids,Apex Prime,Product-073,1,1,11.47,1.87,0.1629,11.47
2025-09-30,2025,2025-09,Kitchen,Apex Prime,Product-037,1,1,22.83,2.63,0.115,22.83
2025-10-25,2025,2025-10,Home,Apex Prime,Product-028,1,2,71.89,12.24,0.1703,71.89
2025-12-10,2025,2025-12,Home,Apex Prime,Product-032,1,1,43.02,6.87,0.1597,43.02
2025-08-12,2025,2025-08,Kitchen,Apex Outdoor,Product-021,1,2,66.54,10.86,0.1632,66.54
2025-08-03,2025,2025-08,Kids,Apex Value,Product-001,1,2,18.98,2.18,0.1147,18.98
2025-12-05,2025,2025-12,Beauty,Apex Prime,Product-056,1,1,20.49,2.76,0.1347,20.49
2025-11-14,2025,2025-11,Kids,Apex Outdoor,Product-012,1,2,17.37,2.69,0.1551,17.37
2025-10-05,2025,2025-10,Home,Apex Prime,Product-048,1,1,29.56,4.3,0.1453,29.56
2025-12-09,2025,2025-12,Fitness,Apex Outdoor,Product-011,1,1,60.75,10.71,0.1763,60.75
2025-12-18,2025,2025-12,Fitness,Apex Essentials,Product-032,1,1,35.97,5.29,0.1472,35.97
2025-07-07,2025,2025-07,Kids,Apex Outdoor,Product-010,1,1,25.01,3.43,0.1372,25.01
2025-07-11,2025,2025-07,Fitness,Apex Value,Product-042,1,1,40.87,7.02,0.1717,40.87
2025-09-01,2025,2025-09,Kids,Apex Essentials,Product-006,1,1,38.32,5.26,0.1373,38.32
2025-09-21,2025,2025-09,Fitness,Apex Outdoor,Product-008,1,1,48.69,6.17,0.1268,48.69
2025-08-24,2025,2025-08,Fitness,Apex Essentials,Product-037,1,1,38.07,4.84,0.1271,38.07
2025-11-17,2025,2025-11,Beauty,Apex Outdoor,Product-032,1,1,39.22,6.91,0.1762,39.22
2025-09-14,2025,2025-09,Electronics,Apex Essentials,Product-006,1,1,70.82,9.14,0.129,70.82
2025-09-03,2025,2025-09,Kids,Apex Prime,Product-069,1,3,80.26,11.5,0.1433,80.26
2025-07-31,2025,2025-07,Fitness,Apex Value,Product-068,1,2,86.01,10.27,0.1194,86.01
2025-10-26,2025,2025-10,Home,Apex Essentials,Product-060,1,1,30.35,4.99,0.1643,30.35
2025-08-28,2025,2025-08,Beauty,Apex Outdoor,Product-033,1,2,24.11,3.59,0.1488,24.11
2025-10-23,2025,2025-10,Electronics,Apex Prime,Product-041,1,1,55.43,8.56,0.1544,55.43
2025-08-25,2025,2025-08,Home,Apex Prime,Product-069,1,1,43.53,7.02,0.1612,43.53
2025-08-16,2025,2025-08,Kitchen,Apex Outdoor,Product-033,1,3,90.29,10.78,0.1194,90.29
2025-11-28,2025,2025-11,Home,Apex Value,Product-018,1,1,49.61,6.08,0.1225,49.61
2025-07-14,2025,2025-07,Kitchen,Apex Outdoor,Product-057,1,1,29.12,5.23,0.1795,29.12
2025-10-31,2025,2025-10,Electronics,Apex Outdoor,Product-063,1,2,132.88,13.93,0.1048,132.88
2025-08-12,2025,2025-08,Kitchen,Apex Essentials,Product-015,1,2,63.7,8.75,0.1373,63.7
2025-09-09,2025,2025-09,Fitness,Apex Value,Product-026,1,1,52.59,5.92,0.1125,52.59
2025-09-29,2025,2025-09,Kids,Apex Value,Product-008,1,2,23.18,2.75,0.1186,23.18
2025-09-30,2025,2025-09,Beauty,Apex Value,Product-040,1,1,34.61,3.53,0.1019,34.61
2025-08-04,2025,2025-08,Fitness,Apex Value,Product-052,1,1,46.1,7.26,0.1575,46.1
2025-11-25,2025,2025-11,Kitchen,Apex Prime,Product-080,1,1,25.23,4.13,0.1638,25.23
2025-09-23,2025,2025-09,Home,Apex Prime,Product-050,1,1,37.78,5.21,0.138,37.78
2025-10-15,2025,2025-10,Fitness,Apex Value,Product-059,1,1,67.17,6.86,0.1021,67.17
2025-10-25,2025,2025-10,Kitchen,Apex Prime,Product-054,1,1,38.74,4.56,0.1176,38.74
2025-11-13,2025,2025-11,Home,Apex Value,Product-024,1,1,51.5,6.01,0.1167,51.5
2025-09-08,2025,2025-09,Home,Apex Prime,Product-010,1,2,115.53,19.66,0.1702,115.53
2025-07-09,2025,2025-07,Beauty,Apex Value,Product-027,1,1,18.37,3.01,0.1639,18.37
2025-07-27,2025,2025-07,Kitchen,Apex Outdoor,Product-002,1,1,14.34,1.66,0.1158,14.34
2025-12-09,2025,2025-12,Fitness,Apex Prime,Product-080,1,1,44.08,5.33,0.1209,44.08
2025-08-24,2025,2025-08,Electronics,Apex Outdoor,Product-067,1,2,112.42,17.12,0.1523,112.42
2025-11-07,2025,2025-11,Beauty,Apex Essentials,Product-038,1,1,15.47,2.35,0.1522,15.47
2025-08-08,2025,2025-08,Kitchen,Apex Value,Product-029,1,1,20.32,2.4,0.1181,20.32
2025-10-08,2025,2025-10,Home,Apex Essentials,Product-076,1,1,24.73,2.83,0.1143,24.73
2025-09-13,2025,2025-09,Kids,Apex Value,Product-061,1,1,8.0,0.99,0.1235,8.0
2025-09-21,2025,2025-09,Home,Apex Prime,Product-080,1,2,98.45,11.76,0.1195,98.45
2025-12-15,2025,2025-12,Home,Apex Value,Product-049,1,3,106.96,11.22,0.1049,106.96
2025-11-10,2025,2025-11,Electronics,Apex Outdoor,Product-053,1,2,135.01,14.97,0.1109,135.01
2025-12-30,2025,2025-12,Kids,Apex Essentials,Product-068,1,1,11.37,1.5,0.1321,11.37
2025-12-09,2025,2025-12,Fitness,Apex Value,Product-020,1,1,60.8,8.88,0.1461,60.8
2025-08-31,2025,2025-08,Electronics,Apex Outdoor,Product-031,1,1,56.44,6.55,0.116,56.44
2025-11-06,2025,2025-11,Kids,Apex Prime,Product-037,1,1,8.0,1.08,0.1347,8.0
2025-10-15,2025,2025-10,Kitchen,Apex Prime,Product-011,1,2,38.55,4.01,0.1041,38.55
2025-09-10,2025,2025-09,Kitchen,Apex Value,Product-034,1,1,23.31,2.81,0.1205,23.31
2025-07-08,2025,2025-07,Home,Apex Essentials,Product-021,1,1,25.21,3.17,0.1256,25.21
2025-10-25,2025,2025-10,Kitchen,Apex Value,Product-066,1,1,31.99,4.66,0.1458,31.99
2025-12-24,2025,2025-12,Beauty,Apex Prime,Product-059,1,1,15.73,2.34,0.1488,15.73
2025-07-13,2025,2025-07,Kids,Apex Outdoor,Product-062,1,1,8.0,0.93,0.1157,8.0
2025-12-30,2025,2025-12,Home,Apex Value,Product-065,1,1,39.16,5.69,0.1452,39.16
2025-11-01,2025,2025-11,Electronics,Apex Outdoor,Product-064,1,1,70.65,11.77,0.1666,70.65
2025-12-22,2025,2025-12,Beauty,Apex Essentials,Product-011,1,2,55.41,8.36,0.1509,55.41
2025-09-11,2025,2025-09,Fitness,Apex Value,Product-066,1,1,44.45,5.26,0.1183,44.45
2025-08-16,2025,2025-08,Home,Apex Value,Product-027,1,1,17.44,1.83,0.1049,17.44
2025-08-23,2025,2025-08,Electronics,Apex Essentials,Product-015,1,1,55.82,7.93,0.1421,55.82
2025-11-03,2025,2025-11,Beauty,Apex Outdoor,Product-006,1,1,8.0,1.41,0.176,8.0
2025-12-30,2025,2025-12,Kitchen,Apex Value,Product-020,1,1,26.9,2.78,0.1033,26.9
2025-07-03,2025,2025-07,Home,Apex Essentials,Product-027,1,2,56.31,7.03,0.1249,56.31
2025-08-18,2025,2025-08,Kids,Apex Prime,Product-021,1,1,8.0,1.08,0.1345,8.0
2025-09-17,2025,2025-09,Kids,Apex Outdoor,Product-047,1,1,12.86,1.93,0.1499,12.86
2025-12-11,2025,2025-12,Kitchen,Apex Value,Product-046,1,1,28.58,3.1,0.1084,28.58
2025-12-04,2025,2025-12,Electronics,Apex Prime,Product-069,1,1,83.67,10.18,0.1217,83.67
2025-12-22,2025,2025-12,Electronics,Apex Prime,Product-012,1,1,53.53,6.61,0.1234,53.53
2025-12-03,2025,2025-12,Kids,Apex Outdoor,Product-080,1,1,16.34,1.64,0.1002,16.34
2025-08-03,2025,2025-08,Fitness,Apex Value,Product-035,1,1,33.34,5.27,0.1581,33.34
2025-09-17,2025,2025-09,Beauty,Apex Prime,Product-061,1,1,32.78,4.44,0.1356,32.78
2025-09-05,2025,2025-09,Beauty,Apex Value,Product-073,1,1,28.67,5.09,0.1774,28.67
2025-08-13,2025,2025-08,Beauty,Apex Outdoor,Product-023,1,1,32.35,4.14,0.128,32.35
2025-12-18,2025,2025-12,Beauty,Apex Essentials,Product-037,1,2,16.0,2.03,0.1266,16.0
2025-12-19,2025,2025-12,Beauty,Apex Outdoor,Product-044,1,1,48.98,6.62,0.1352,48.98
2025-09-15,2025,2025-09,Beauty,Apex Value,Product-073,1,1,12.52,2.01,0.1605,12.52
2025-10-20,2025,2025-10,Beauty,Apex Value,Product-057,1,2,75.05,8.31,0.1107,75.05
2025-09-26,2025,2025-09,Kids,Apex Outdoor,Product-042,1,1,35.64,4.14,0.1162,35.64
2025-09-13,2025,2025-09,Beauty,Apex Prime,Product-050,1,1,12.35,1.36,0.11,12.35
2025-11-25,2025,2025-11,Fitness,Apex Outdoor,Product-061,1,1,36.29,6.23,0.1716,36.29
2025-09-25,2025,2025-09,Kids,Apex Essentials,Product-055,1,1,35.06,3.7,0.1054,35.06
2025-08-26,2025,2025-08,Fitness,Apex Essentials,Product-024,1,1,54.78,9.56,0.1746,54.78
2025-09-21,2025,2025-09,Fitness,Apex Prime,Product-020,1,1,42.6,4.34,0.1019,42.6
2025-12-15,2025,2025-12,Beauty,Apex Essentials,Product-050,1,1,19.47,2.94,0.1511,19.47
2025-07-21,2025,2025-07,Electronics,Apex Essentials,Product-014,1,1,51.84,8.38,0.1617,51.84
2025-09-10,2025,2025-09,Kitchen,Apex Essentials,Product-031,1,1,43.82,4.51,0.103,43.82
2025-07-20,2025,2025-07,Fitness,Apex Value,Product-037,1,1,51.86,8.28,0.1597,51.86
2025-08-27,2025,2025-08,Home,Apex Value,Product-064,1,1,42.49,4.32,0.1017,42.49
2025-12-09,2025,2025-12,Kids,Apex Value,Product-062,1,1,8.59,1.53,0.1783,8.59
2025-08-27,2025,2025-08,Kids,Apex Essentials,Product-029,1,1,8.0,0.82,0.1023,8.0
2025-07-29,2025,2025-07,Kitchen,Apex Value,Product-059,1,2,40.4,6.96,0.1724,40.4
2025-10-14,2025,2025-10,Home,Apex Prime,Product-067,1,3,89.91,9.84,0.1094,89.91
2025-11-03,2025,2025-11,Home,Apex Prime,Product-042,1,1,27.25,4.46,0.1638,27.25
2025-07-18,2025,2025-07,Electronics,Apex Value,Product-043,1,1,66.51,7.43,0.1117,66.51
2025-09-27,2025,2025-09,Home,Apex Value,Product-025,1,1,36.08,6.29,0.1742,36.08
2025-12-18,2025,2025-12,Kitchen,Apex Prime,Product-031,1,2,54.64,6.74,0.1233,54.64
2025-07-06,2025,2025-07,Fitness,Apex Prime,Product-045,1,1,46.91,5.67,0.1209,46.91
2025-12-10,2025,2025-12,Kitchen,Apex Outdoor,Product-025,1,1,11.3,1.53,0.1357,11.3
2025-09-04,2025,2025-09,Beauty,Apex Prime,Product-079,1,1,21.84,3.01,0.1378,21.84
2025-08-29,2025,2025-08,Kitchen,Apex Prime,Product-002,1,2,86.5,15.26,0.1764,86.5
2025-11-14,2025,2025-11,Kids,Apex Value,Product-054,1,1,13.42,1.46,0.1087,13.42
2025-08-28,2025,2025-08,Electronics,Apex Prime,Product-009,1,2,118.04,15.07,0.1277,118.04
2025-11-18,2025,2025-11,Fitness,Apex Value,Product-020,1,1,55.84,8.38,0.1501,55.84
2025-07-10,2025,2025-07,Electronics,Apex Value,Product-059,1,1,75.18,13.31,0.1771,75.18
2025-07-13,2025,2025-07,Beauty,Apex Prime,Product-064,1,1,21.1,2.89,0.137,21.1
2025-10-18,2025,2025-10,Kitchen,Apex Essentials,Product-056,1,1,35.93,4.84,0.1348,35.93
2025-07-26,2025,2025-07,Kitchen,Apex Value,Product-021,1,1,33.61,5.47,0.1628,33.61
2025-07-02,2025,2025-07,Kids,Apex Essentials,Product-004,1,1,17.35,1.99,0.1146,17.35
2025-12-29,2025,2025-12,Beauty,Apex Essentials,Product-038,1,2,56.47,8.77,0.1553,56.47
2025-07-22,2025,2025-07,Fitness,Apex Outdoor,Product-043,1,1,58.88,6.01,0.1021,58.88
2025-10-14,2025,2025-10,Kitchen,Apex Value,Product-061,1,1,14.04,1.94,0.1381,14.04
2025-11-13,2025,2025-11,Beauty,Apex Value,Product-039,1,1,8.0,1.21,0.1514,8.0
2025-07-04,2025,2025-07,Fitness,Apex Outdoor,Product-057,1,1,48.39,7.5,0.155,48.39
2025-09-06,2025,2025-09,Beauty,Apex Prime,Product-073,1,1,27.48,3.45,0.1256,27.48
2025-12-26,2025,2025-12,Home,Apex Essentials,Product-036,1,1,32.83,4.92,0.15,32.83
2025-07-25,2025,2025-07,Home,Apex Prime,Product-054,1,2,88.72,12.02,0.1355,88.72
2025-08-02,2025,2025-08,Home,Apex Essentials,Product-011,1,1,50.21,7.21,0.1435,50.21
2025-12-12,2025,2025-12,Kitchen,Apex Prime,Product-064,1,2,16.0,2.56,0.1598,16.0
2025-11-01,2025,2025-11,Kids,Apex Outdoor,Product-054,1,2,39.48,6.14,0.1556,39.48
2025-09-01,2025,2025-09,Kids,Apex Essentials,Product-065,1,1,15.2,2.58,0.1698,15.2
2025-07-20,2025,2025-07,Fitness,Apex Outdoor,Product-022,1,1,52.63,9.42,0.179,52.63
2025-07-26,2025,2025-07,Home,Apex Essentials,Product-049,1,1,27.75,4.9,0.1766,27.75
2025-10-21,2025,2025-10,Fitness,Apex Value,Product-043,1,1,25.53,4.08,0.1597,25.53
2025-10-16,2025,2025-10,Fitness,Apex Essentials,Product-016,1,1,40.45,6.36,0.1573,40.45
2025-11-27,2025,2025-11,Fitness,Apex Essentials,Product-043,1,1,51.49,5.39,0.1046,51.49
2025-08-26,2025,2025-08,Home,Apex Prime,Product-038,1,1,37.67,5.9,0.1566,37.67
2025-08-09,2025,2025-08,Kitchen,Apex Essentials,Product-013,1,1,23.22,3.53,0.1519,23.22
2025-10-01,2025,2025-10,Beauty,Apex Essentials,Product-080,1,1,17.9,2.77,0.1545,17.9
2025-11-24,2025,2025-11,Kitchen,Apex Value,Product-021,1,1,36.62,4.01,0.1094,36.62
2025-08-23,2025,2025-08,Fitness,Apex Outdoor,Product-043,1,1,45.7,7.5,0.1642,45.7
2025-07-18,2025,2025-07,Kids,Apex Value,Product-077,1,1,19.22,2.62,0.1363,19.22
2025-09-15,2025,2025-09,Kids,Apex Value,Product-057,1,1,14.94,1.97,0.1319,14.94
2025-11-03,2025,2025-11,Beauty,Apex Essentials,Product-002,1,1,14.99,2.43,0.162,14.99
2025-11-20,2025,2025-11,Home,Apex Value,Product-052,1,1,25.45,4.36,0.1712,25.45
2025-12-03,2025,2025-12,Home,Apex Essentials,Product-037,1,1,16.84,2.59,0.1536,16.84
2025-10-03,2025,2025-10,Kids,Apex Outdoor,Product-032,1,1,29.99,4.22,0.1408,29.99
2025-09-18,2025,2025-09,Kitchen,Apex Prime,Product-079,1,1,10.19,1.79,0.1753,10.19
2025-12-09,2025,2025-12,Fitness,Apex Prime,Product-025,1,1,50.26,8.57,0.1706,50.26
2025-09-16,2025,2025-09,Home,Apex Outdoor,Product-067,1,2,84.92,11.6,0.1366,84.92
2025-07-27,2025,2025-07,Kids,Apex Value,Product-030,1,1,22.11,3.65,0.1652,22.11
2025-08-03,2025,2025-08,Beauty,Apex Outdoor,Product-040,1,1,29.59,4.31,0.1458,29.59
2025-11-16,2025,2025-11,Home,Apex Value,Product-047,1,1,36.44,5.82,0.1597,36.44
2025-07-21,2025,2025-07,Kids,Apex Value,Product-054,1,1,14.98,2.22,0.1479,14.98
2025-08-08,2025,2025-08,Home,Apex Outdoor,Product-031,1,2,76.85,9.59,0.1248,76.85
2025-07-25,2025,2025-07,Kitchen,Apex Essentials,Product-033,1,1,15.87,2.75,0.1734,15.87
2025-12-25,2025,2025-12,Fitness,Apex Value,Product-044,1,1,55.16,8.45,0.1532,55.16
2025-07-20,2025,2025-07,Kitchen,Apex Essentials,Product-053,1,1,21.86,2.6,0.1188,21.86
2025-12-21,2025,2025-12,Kitchen,Apex Value,Product-015,1,2,61.26,9.65,0.1576,61.26
2025-11-07,2025,2025-11,Home,Apex Outdoor,Product-049,1,1,23.44,2.53,0.108,23.44
2025-10-11,2025,2025-10,Fitness,Apex Value,Product-031,1,1,57.52,8.31,0.1445,57.52
2025-09-27,2025,2025-09,Kids,Apex Prime,Product-077,1,1,33.88,6.1,0.18,33.88
2025-07-17,2025,2025-07,Kids,Apex Essentials,Product-013,1,2,29.54,4.48,0.1517,29.54
2025-09-17,2025,2025-09,Beauty,Apex Essentials,Product-020,1,1,43.39,5.0,0.1153,43.39
2025-09-02,2025,2025-09,Beauty,Apex Prime,Product-038,1,2,33.17,4.95,0.1493,33.17
2025-08-20,2025,2025-08,Kitchen,Apex Prime,Product-073,1,1,34.43,5.94,0.1726,34.43
2025-12-22,2025,2025-12,Fitness,Apex Outdoor,Product-014,1,1,41.33,4.31,0.1042,41.33
2025-08-22,2025,2025-08,Kids,Apex Essentials,Product-020,1,1,11.36,1.16,0.1017,11.36
2025-09-21,2025,2025-09,Kitchen,Apex Essentials,Product-055,1,1,24.65,3.89,0.1577,24.65
2025-07-19,2025,2025-07,Kids,Apex Value,Product-077,1,2,65.14,7.54,0.1157,65.14
2025-10-23,2025,2025-10,Kitchen,Apex Outdoor,Product-017,1,1,46.56,5.51,0.1183,46.56
2025-07-25,2025,2025-07,Beauty,Apex Outdoor,Product-029,1,1,11.56,1.37,0.1185,11.56
2025-09-27,2025,2025-09,Fitness,Apex Value,Product-045,1,2,54.67,6.99,0.1278,54.67
2025-11-13,2025,2025-11,Electronics,Apex Value,Product-031,1,1,39.51,5.11,0.1294,39.51
2025-07-23,2025,2025-07,Kids,Apex Outdoor,Product-075,1,1,20.62,3.38,0.164,20.62
2025-11-27,2025,2025-11,Electronics,Apex Outdoor,Product-078,1,1,63.96,7.13,0.1114,63.96
2025-08-10,2025,2025-08,Electronics,Apex Value,Product-020,1,2,145.94,18.8,0.1288,145.94
2025-09-10,2025,2025-09,Beauty,Apex Essentials,Product-071,1,1,29.88,5.29,0.1772,29.88
2025-10-02,2025,2025-10,Kitchen,Apex Outdoor,Product-054,1,2,49.19,7.41,0.1506,49.19
2025-08-28,2025,2025-08,Electronics,Apex Outdoor,Product-001,1,2,106.82,18.47,0.1729,106.82
2025-11-01,2025,2025-11,Electronics,Apex Essentials,Product-015,1,2,119.28,20.56,0.1724,119.28
2025-07-08,2025,2025-07,Kids,Apex Essentials,Product-022,1,1,11.22,1.44,0.1287,11.22
2025-10-29,2025,2025-10,Fitness,Apex Prime,Product-001,1,1,48.46,6.85,0.1413,48.46
2025-08-04,2025,2025-08,Beauty,Apex Essentials,Product-005,1,1,40.67,4.79,0.1177,40.67
2025-10-07,2025,2025-10,Fitness,Apex Outdoor,Product-017,1,1,35.41,4.37,0.1233,35.41
2025-07-26,2025,2025-07,Electronics,Apex Value,Product-020,1,1,84.98,11.14,0.1311,84.98
2025-11-14,2025,2025-11,Beauty,Apex Outdoor,Product-023,1,1,29.11,4.24,0.1456,29.11
2025-09-28,2025,2025-09,Fitness,Apex Essentials,Product-023,1,1,59.17,6.2,0.1047,59.17
2025-11-02,2025,2025-11,Beauty,Apex Essentials,Product-009,1,1,19.83,2.18,0.1097,19.83
2025-10-21,2025,2025-10,Kitchen,Apex Outdoor,Product-006,1,1,42.21,4.3,0.1018,42.21
2025-11-02,2025,2025-11,Beauty,Apex Value,Product-008,1,1,41.77,5.28,0.1265,41.77
2025-10-12,2025,2025-10,Beauty,Apex Prime,Product-047,1,1,36.77,5.01,0.1362,36.77
2025-10-24,2025,2025-10,Electronics,Apex Prime,Product-048,1,1,83.91,8.67,0.1033,83.91
2025-12-12,2025,2025-12,Fitness,Apex Prime,Product-002,1,1,47.83,8.36,0.1747,47.83
2025-07-23,2025,2025-07,Kitchen,Apex Essentials,Product-016,1,1,8.0,0.89,0.1117,8.0
2025-12-14,2025,2025-12,Fitness,Apex Value,Product-024,1,2,79.05,10.37,0.1312,79.05
2025-08-14,2025,2025-08,Electronics,Apex Prime,Product-059,1,1,78.47,12.96,0.1651,78.47
2025-07-14,2025,2025-07,Fitness,Apex Essentials,Product-030,1,1,31.58,5.07,0.1605,31.58
2025-10-29,2025,2025-10,Fitness,Apex Essentials,Product-022,1,1,52.1,6.52,0.1251,52.1
2025-07-23,2025,2025-07,Home,Apex Prime,Product-055,1,1,24.04,2.45,0.1021,24.04
2025-08-02,2025,2025-08,Kitchen,Apex Outdoor,Product-068,1,1,45.93,5.02,0.1092,45.93
2025-11-28,2025,2025-11,Beauty,Apex Value,Product-058,1,1,22.51,2.8,0.1242,22.51
2025-11-14,2025,2025-11,Kids,Apex Value,Product-076,1,2,39.53,5.66,0.1433,39.53
2025-09-30,2025,2025-09,Kids,Apex Value,Product-010,1,1,26.34,2.94,0.1118,26.34
2025-11-25,2025,2025-11,Home,Apex Value,Product-036,1,1,43.9,5.85,0.1333,43.9
2025-08-11,2025,2025-08,Fitness,Apex Prime,Product-032,1,1,52.87,7.62,0.1441,52.87
2025-07-12,2025,2025-07,Fitness,Apex Value,Product-079,1,1,45.84,7.24,0.158,45.84
2025-12-25,2025,2025-12,Beauty,Apex Essentials,Product-046,1,1,22.15,3.03,0.1366,22.15
2025-11-29,2025,2025-11,Kids,Apex Value,Product-010,1,1,32.27,3.59,0.1114,32.27
2025-10-21,2025,2025-10,Home,Apex Outdoor,Product-019,1,3,69.68,7.85,0.1126,69.68
2025-10-20,2025,2025-10,Home,Apex Outdoor,Product-067,1,2,81.24,8.21,0.1011,81.24
2025-11-07,2025,2025-11,Fitness,Apex Essentials,Product-006,1,1,50.82,5.27,0.1037,50.82
2025-10-06,2025,2025-10,Electronics,Apex Essentials,Product-067,1,1,61.98,9.77,0.1576,61.98
2025-11-24,2025,2025-11,Electronics,Apex Outdoor,Product-068,1,1,59.17,9.2,0.1554,59.17
2025-12-05,2025,2025-12,Fitness,Apex Value,Product-015,1,1,43.29,6.15,0.142,43.29
2025-10-09,2025,2025-10,Fitness,Apex Value,Product-034,1,2,98.22,12.39,0.1261,98.22
2025-10-07,2025,2025-10,Kids,Apex Essentials,Product-014,1,1,15.42,2.08,0.1352,15.42
2025-08-29,2025,2025-08,Electronics,Apex Prime,Product-004,1,1,68.93,11.92,0.173,68.93
2025-12-02,2025,2025-12,Home,Apex Essentials,Product-043,1,1,41.26,4.64,0.1125,41.26
2025-10-29,2025,2025-10,Home,Apex Value,Product-008,1,1,32.91,4.9,0.1488,32.91
2025-11-26,2025,2025-11,Home,Apex Essentials,Product-017,1,2,66.07,10.73,0.1624,66.07
2025-07-23,2025,2025-07,Home,Apex Essentials,Product-068,1,1,49.78,8.05,0.1617,49.78
2025-11-10,2025,2025-11,Kids,Apex Value,Product-044,1,2,55.49,7.26,0.1309,55.49
2025-07-07,2025,2025-07,Kitchen,Apex Prime,Product-049,1,1,35.6,5.56,0.1561,35.6
2025-11-17,2025,2025-11,Fitness,Apex Prime,Product-080,1,1,33.61,4.09,0.1216,33.61
2025-12-02,2025,2025-12,Beauty,Apex Outdoor,Product-029,1,1,8.0,1.15,0.1442,8.0
2025-12-04,2025,2025-12,Electronics,Apex Essentials,Product-012,1,1,60.28,10.32,0.1712,60.28
2025-10-02,2025,2025-10,Fitness,Apex Value,Product-007,1,1,39.11,5.01,0.1282,39.11
2025-12-05,2025,2025-12,Home,Apex Prime,Product-006,1,1,23.06,3.64,0.1577,23.06
2025-09-20,2025,2025-09,Electronics,Apex Value,Product-043,1,1,44.51,6.69,0.1502,44.51
2025-11-05,2025,2025-11,Kitchen,Apex Essentials,Product-062,1,1,35.25,4.12,0.1168,35.25
2025-09-10,2025,2025-09,Electronics,Apex Essentials,Product-043,1,1,53.76,5.88,0.1093,53.76
2025-10-06,2025,2025-10,Fitness,Apex Outdoor,Product-069,1,1,54.89,7.5,0.1366,54.89
2025-07-19,2025,2025-07,Home,Apex Essentials,Product-045,1,1,34.24,4.67,0.1363,34.24
2025-12-04,2025,2025-12,Kitchen,Apex Outdoor,Product-010,1,1,16.51,2.41,0.1461,16.51
2025-10-18,2025,2025-10,Beauty,Apex Value,Product-075,1,1,16.29,1.87,0.1151,16.29
2025-09-24,2025,2025-09,Kitchen,Apex Essentials,Product-049,1,1,37.72,4.7,0.1246,37.72
2025-07-03,2025,2025-07,Fitness,Apex Outdoor,Product-043,1,1,46.42,5.64,0.1215,46.42
2025-12-09,2025,2025-12,Kitchen,Apex Outdoor,Product-077,1,1,18.69,2.57,0.1374,18.69
2025-10-19,2025,2025-10,Electronics,Apex Value,Product-036,1,1,51.32,7.86,0.1532,51.32
2025-10-12,2025,2025-10,Fitness,Apex Outdoor,Product-049,1,2,114.98,12.26,0.1066,114.98
2025-08-10,2025,2025-08,Home,Apex Outdoor,Product-063,1,1,40.51,5.13,0.1266,40.51
2025-11-30,2025,2025-11,Beauty,Apex Essentials,Product-035,1,1,26.0,3.43,0.132,26.0
2025-08-18,2025,2025-08,Fitness,Apex Essentials,Product-005,1,3,92.32,14.35,0.1554,92.32
2025-09-02,2025,2025-09,Home,Apex Prime,Product-025,1,1,37.9,4.48,0.1181,37.9
2025-12-17,2025,2025-12,Kitchen,Apex Value,Product-063,1,2,46.53,6.45,0.1387,46.53
2025-09-29,2025,2025-09,Electronics,Apex Outdoor,Product-059,1,1,60.03,7.71,0.1285,60.03
2025-12-16,2025,2025-12,Home,Apex Value,Product-002,1,1,31.46,3.97,0.1263,31.46
2025-12-17,2025,2025-12,Electronics,Apex Value,Product-055,1,2,119.87,14.37,0.1199,119.87
2025-07-17,2025,2025-07,Fitness,Apex Essentials,Product-024,1,1,46.28,7.8,0.1685,46.28
2025-11-27,2025,2025-11,Kids,Apex Prime,Product-032,1,1,8.0,0.97,0.1215,8.0
2025-12-24,2025,2025-12,Fitness,Apex Outdoor,Product-057,1,2,101.0,10.98,0.1087,101.0
2025-07-24,2025,2025-07,Fitness,Apex Outdoor,Product-007,1,1,37.94,6.76,0.1782,37.94
2025-10-28,2025,2025-10,Kids,Apex Essentials,Product-021,1,1,8.0,0.83,0.1036,8.0
2025-08-12,2025,2025-08,Kitchen,Apex Essentials,Product-020,1,1,35.77,4.2,0.1174,35.77
2025-11-24,2025,2025-11,Home,Apex Essentials,Product-076,1,1,43.84,6.94,0.1582,43.84
2025-11-07,2025,2025-11,Kids,Apex Essentials,Product-041,1,1,32.0,4.74,0.1481,32.0
2025-07-07,2025,2025-07,Home,Apex Value,Product-056,1,1,57.88,9.71,0.1677,57.88
2025-12-31,2025,2025-12,Beauty,Apex Prime,Product-005,1,2,29.08,3.32,0.1141,29.08
2025-10-10,2025,2025-10,Fitness,Apex Essentials,Product-073,1,1,62.01,9.67,0.156,62.01
2025-07-03,2025,2025-07,Home,Apex Prime,Product-025,1,1,25.93,4.57,0.1762,25.93
2025-07-17,2025,2025-07,Home,Apex Outdoor,Product-024,1,2,43.74,7.46,0.1705,43.74
2025-11-06,2025,2025-11,Fitness,Apex Outdoor,Product-021,1,1,64.75,8.9,0.1375,64.75
2025-10-03,2025,2025-10,Fitness,Apex Essentials,Product-033,1,1,41.15,7.05,0.1713,41.15
2025-07-24,2025,2025-07,Home,Apex Value,Product-030,1,1,40.39,5.9,0.146,40.39
2025-12-06,2025,2025-12,Fitness,Apex Prime,Product-024,1,1,57.06,9.97,0.1748,57.06
2025-09-17,2025,2025-09,Home,Apex Outdoor,Product-071,1,2,38.28,4.82,0.1258,38.28
2025-07-14,2025,2025-07,Kids,Apex Essentials,Product-058,1,1,27.55,4.0,0.1453,27.55
2025-11-10,2025,2025-11,Home,Apex Value,Product-055,1,1,34.27,4.37,0.1275,34.27
2025-12-06,2025,2025-12,Beauty,Apex Essentials,Product-019,1,1,38.5,5.42,0.1409,38.5
2025-10-24,2025,2025-10,Kitchen,Apex Essentials,Product-077,1,1,24.69,3.49,0.1414,24.69
2025-08-06,2025,2025-08,Kids,Apex Value,Product-076,1,2,68.14,11.0,0.1615,68.14
2025-10-10,2025,2025-10,Home,Apex Outdoor,Product-074,1,1,30.64,4.69,0.153,30.64
2025-07-06,2025,2025-07,Kids,Apex Outdoor,Product-061,1,1,13.52,1.91,0.141,13.52
2025-12-23,2025,2025-12,Beauty,Apex Value,Product-001,1,2,59.68,6.92,0.1159,59.68
2025-12-21,2025,2025-12,Kitchen,Apex Value,Product-006,1,1,38.24,6.01,0.1572,38.24
2025-07-16,2025,2025-07,Kids,Apex Value,Product-038,1,1,18.15,3.18,0.1751,18.15
2025-10-04,2025,2025-10,Fitness,Apex Essentials,Product-034,1,1,36.72,6.36,0.1731,36.72
2025-10-05,2025,2025-10,Kitchen,Apex Value,Product-049,1,2,38.03,4.06,0.1068,38.03
2025-07-28,2025,2025-07,Home,Apex Outdoor,Product-036,1,1,31.75,4.8,0.1511,31.75
2025-07-13,2025,2025-07,Fitness,Apex Value,Product-013,1,1,40.53,4.54,0.1121,40.53
2025-12-11,2025,2025-12,Home,Apex Prime,Product-032,1,1,26.49,3.71,0.1399,26.49
2025-09-09,2025,2025-09,Electronics,Apex Value,Product-021,1,1,69.19,9.7,0.1402,69.19
2025-07-09,2025,2025-07,Home,Apex Prime,Product-042,1,2,49.54,6.06,0.1223,49.54
2025-08-24,2025,2025-08,Home,Apex Essentials,Product-063,1,1,45.46,7.43,0.1634,45.46
2025-12-11,2025,2025-12,Electronics,Apex Outdoor,Product-025,1,1,80.37,10.13,0.1261,80.37
2025-10-21,2025,2025-10,Fitness,Apex Prime,Product-064,1,1,39.88,4.37,0.1097,39.88
2025-08-23,2025,2025-08,Kitchen,Apex Outdoor,Product-049,1,1,13.14,1.34,0.1021,13.14
2025-12-30,2025,2025-12,Kids,Apex Outdoor,Product-064,1,3,72.08,7.28,0.101,72.08
2025-11-27,2025,2025-11,Electronics,Apex Prime,Product-078,1,2,120.58,18.5,0.1534,120.58
2025-12-01,2025,2025-12,Fitness,Apex Value,Product-027,1,1,35.55,4.65,0.1308,35.55
2025-12-31,2025,2025-12,Kitchen,Apex Prime,Product-069,1,1,18.56,2.9,0.1564,18.56
2025-09-05,2025,2025-09,Electronics,Apex Value,Product-038,1,1,58.45,6.2,0.1061,58.45
2025-08-27,2025,2025-08,Home,Apex Essentials,Product-054,1,1,46.6,7.98,0.1712,46.6
2025-09-24,2025,2025-09,Beauty,Apex Outdoor,Product-036,1,1,17.37,1.95,0.1123,17.37
2025-11-04,2025,2025-11,Kitchen,Apex Prime,Product-022,1,1,34.74,6.12,0.1763,34.74
2025-07-23,2025,2025-07,Electronics,Apex Value,Product-038,1,1,78.57,12.96,0.165,78.57
2025-10-28,2025,2025-10,Kitchen,Apex Outdoor,Product-053,1,1,20.13,2.21,0.11,20.13
2025-09-16,2025,2025-09,Kitchen,Apex Value,Product-011,1,1,35.12,4.49,0.1279,35.12
2025-12-13,2025,2025-12,Beauty,Apex Prime,Product-005,1,1,23.43,3.92,0.1674,23.43
2025-07-10,2025,2025-07,Kitchen,Apex Essentials,Product-041,1,1,22.05,3.54,0.1607,22.05
2025-09-01,2025,2025-09,Kitchen,Apex Essentials,Product-003,1,1,21.84,2.38,0.1089,21.84
2025-10-07,2025,2025-10,Kitchen,Apex Essentials,Product-006,1,1,37.03,5.06,0.1367,37.03
2025-11-10,2025,2025-11,Home,Apex Essentials,Product-058,1,1,37.52,4.09,0.109,37.52
2025-11-05,2025,2025-11,Kitchen,Apex Outdoor,Product-053,1,1,26.13,4.36,0.1667,26.13
2025-12-22,2025,2025-12,Electronics,Apex Value,Product-072,1,1,65.39,11.74,0.1796,65.39
2025-11-20,2025,2025-11,Electronics,Apex Outdoor,Product-074,1,1,51.88,6.84,0.1319,51.88
2025-11-03,2025,2025-11,Home,Apex Prime,Product-059,1,1,28.78,4.56,0.1585,28.78
2025-10-18,2025,2025-10,Electronics,Apex Value,Product-042,1,1,44.5,7.19,0.1615,44.5
2025-09-06,2025,2025-09,Fitness,Apex Prime,Product-003,1,1,33.41,5.71,0.171,33.41
2025-12-09,2025,2025-12,Kitchen,Apex Essentials,Product-055,1,1,24.34,2.5,0.1028,24.34
2025-10-14,2025,2025-10,Beauty,Apex Essentials,Product-005,1,1,29.28,3.08,0.1053,29.28
2025-12-13,2025,2025-12,Kids,Apex Prime,Product-053,1,1,11.27,2.01,0.1785,11.27
2025-11-08,2025,2025-11,Electronics,Apex Essentials,Product-007,1,1,61.47,10.28,0.1672,61.47
2025-07-28,2025,2025-07,Home,Apex Value,Product-068,1,1,18.18,2.59,0.1423,18.18
2025-12-31,2025,2025-12,Home,Apex Outdoor,Product-002,1,1,24.62,4.22,0.1714,24.62
2025-09-25,2025,2025-09,Fitness,Apex Outdoor,Product-025,1,2,116.52,16.87,0.1448,116.52
2025-09-11,2025,2025-09,Kitchen,Apex Prime,Product-016,1,1,13.87,1.48,0.1069,13.87
2025-10-17,2025,2025-10,Kids,Apex Value,Product-012,1,1,8.0,0.83,0.1036,8.0
2025-11-23,2025,2025-11,Beauty,Apex Essentials,Product-013,1,1,40.73,4.84,0.1188,40.73
2025-12-25,2025,2025-12,Beauty,Apex Value,Product-072,1,1,24.72,3.66,0.1481,24.72
2025-08-23,2025,2025-08,Beauty,Apex Essentials,Product-002,1,1,19.47,2.77,0.1422,19.47
2025-07-08,2025,2025-07,Beauty,Apex Prime,Product-039,1,1,23.01,2.89,0.1258,23.01
2025-12-26,2025,2025-12,Kids,Apex Prime,Product-013,1,1,8.0,1.09,0.1366,8.0
2025-09-20,2025,2025-09,Kitchen,Apex Prime,Product-052,1,1,29.52,4.38,0.1484,29.52
2025-09-30,2025,2025-09,Electronics,Apex Outdoor,Product-070,1,2,109.63,14.72,0.1343,109.63
2025-11-15,2025,2025-11,Home,Apex Outdoor,Product-042,1,1,27.24,2.99,0.1099,27.24
2025-09-20,2025,2025-09,Kitchen,Apex Essentials,Product-072,1,1,37.47,5.31,0.1416,37.47
2025-12-11,2025,2025-12,Beauty,Apex Prime,Product-040,1,2,62.91,10.0,0.159,62.91
2025-07-13,2025,2025-07,Kids,Apex Prime,Product-026,1,1,8.0,1.34,0.167,8.0
2025-12-30,2025,2025-12,Kids,Apex Essentials,Product-008,1,1,8.0,0.81,0.1012,8.0
2025-09-22,2025,2025-09,Home,Apex Outdoor,Product-021,1,2,84.22,12.51,0.1485,84.22
2025-08-13,2025,2025-08,Kids,Apex Outdoor,Product-070,1,1,16.47,2.39,0.1451,16.47
2025-10-11,2025,2025-10,Home,Apex Essentials,Product-044,1,1,52.16,8.01,0.1535,52.16
2025-07-05,2025,2025-07,Home,Apex Value,Product-013,1,1,33.44,3.82,0.1142,33.44
2025-09-10,2025,2025-09,Home,Apex Outdoor,Product-078,1,1,39.26,5.76,0.1466,39.26
2025-11-03,2025,2025-11,Beauty,Apex Essentials,Product-037,1,1,35.75,4.66,0.1304,35.75
2025-08-23,2025,2025-08,Home,Apex Outdoor,Product-057,1,1,32.91,4.29,0.1305,32.91
2025-07-21,2025,2025-07,Kids,Apex Essentials,Product-061,1,1,15.91,2.17,0.1364,15.91
2025-11-27,2025,2025-11,Kids,Apex Essentials,Product-059,1,1,8.6,1.44,0.1672,8.6
2025-07-06,2025,2025-07,Fitness,Apex Outdoor,Product-010,1,1,41.23,6.72,0.1629,41.23
2025-07-29,2025,2025-07,Home,Apex Value,Product-072,1,2,60.98,9.12,0.1495,60.98
2025-09-02,2025,2025-09,Fitness,Apex Value,Product-011,1,2,105.7,17.1,0.1618,105.7
2025-07-02,2025,2025-07,Beauty,Apex Value,Product-012,1,1,17.27,1.9,0.1098,17.27
2025-09-18,2025,2025-09,Electronics,Apex Prime,Product-020,1,2,128.21,21.36,0.1666,128.21
2025-11-27,2025,2025-11,Electronics,Apex Essentials,Product-010,1,1,75.36,12.4,0.1646,75.36
2025-10-21,2025,2025-10,Kitchen,Apex Essentials,Product-031,1,1,15.9,2.75,0.1731,15.9
2025-10-24,2025,2025-10,Home,Apex Outdoor,Product-051,1,1,31.26,4.82,0.1543,31.26
2025-12-05,2025,2025-12,Home,Apex Value,Product-068,1,1,55.17,5.72,0.1036,55.17
2025-07-14,2025,2025-07,Home,Apex Outdoor,Product-015,1,1,19.6,2.64,0.1348,19.6
2025-12-08,2025,2025-12,Beauty,Apex Essentials,Product-046,1,2,27.91,4.67,0.1672,27.91
2025-10-27,2025,2025-10,Home,Apex Prime,Product-029,1,1,30.63,4.94,0.1612,30.63
2025-08-21,2025,2025-08,Fitness,Apex Value,Product-020,1,1,46.29,6.57,0.1419,46.29
2025-12-03,2025,2025-12,Kitchen,Apex Prime,Product-076,1,1,39.76,7.14,0.1795,39.76
2025-10-07,2025,2025-10,Electronics,Apex Prime,Product-053,1,1,60.5,9.65,0.1595,60.5
2025-09-08,2025,2025-09,Kitchen,Apex Outdoor,Product-044,1,1,20.57,2.1,0.1023,20.57
2025-12-26,2025,2025-12,Home,Apex Value,Product-047,1,1,26.7,3.13,0.1174,26.7
2025-08-29,2025,2025-08,Home,Apex Essentials,Product-072,1,2,86.16,14.69,0.1705,86.16
2025-08-30,2025,2025-08,Kitchen,Apex Value,Product-007,1,1,18.09,2.83,0.1565,18.09
2025-10-24,2025,2025-10,Electronics,Apex Value,Product-008,1,3,184.31,18.97,0.1029,184.31
2025-07-15,2025,2025-07,Kitchen,Apex Outdoor,Product-004,1,1,21.44,3.68,0.1716,21.44
2025-08-28,2025,2025-08,Electronics,Apex Prime,Product-035,1,1,56.85,9.86,0.1734,56.85
2025-11-16,2025,2025-11,Beauty,Apex Value,Product-019,1,1,24.91,4.07,0.1634,24.91
2025-10-24,2025,2025-10,Fitness,Apex Value,Product-044,1,2,126.26,17.82,0.1411,126.26
2025-11-17,2025,2025-11,Electronics,Apex Outdoor,Product-037,1,1,38.17,4.97,0.1302,38.17
2025-09-23,2025,2025-09,Home,Apex Prime,Product-037,1,1,47.98,6.7,0.1396,47.98
2025-10-22,2025,2025-10,Kitchen,Apex Essentials,Product-026,1,1,17.59,3.02,0.1716,17.59
2025-09-22,2025,2025-09,Home,Apex Value,Product-057,1,1,25.89,2.78,0.1073,25.89
2025-12-28,2025,2025-12,Electronics,Apex Outdoor,Product-079,1,1,57.9,8.94,0.1544,57.9
2025-07-06,2025,2025-07,Home,Apex Outdoor,Product-043,1,1,37.24,5.46,0.1467,37.24
2025-07-03,2025,2025-07,Fitness,Apex Prime,Product-075,1,1,30.76,4.16,0.1352,30.76
2025-07-14,2025,2025-07,Electronics,Apex Prime,Product-028,1,1,75.77,12.56,0.1657,75.77
2025-09-24,2025,2025-09,Kids,Apex Essentials,Product-018,1,1,10.31,1.43,0.1385,10.31
2025-07-29,2025,2025-07,Fitness,Apex Prime,Product-037,1,1,34.21,4.0,0.1168,34.21
2025-07-14,2025,2025-07,Beauty,Apex Prime,Product-056,1,1,51.56,8.86,0.1719,51.56
2025-11-28,2025,2025-11,Electronics,Apex Prime,Product-078,1,1,57.7,5.83,0.101,57.7
2025-10-06,2025,2025-10,Home,Apex Essentials,Product-039,1,2,70.5,11.75,0.1667,70.5
2025-07-19,2025,2025-07,Home,Apex Prime,Product-023,1,1,24.23,3.74,0.1542,24.23
2025-12-07,2025,2025-12,Fitness,Apex Value,Product-006,1,1,56.49,7.73,0.1369,56.49
2025-11-05,2025,2025-11,Electronics,Apex Outdoor,Product-049,1,1,56.16,5.94,0.1057,56.16
2025-09-18,2025,2025-09,Kids,Apex Prime,Product-007,1,1,25.89,2.77,0.1071,25.89
2025-11-18,2025,2025-11,Beauty,Apex Prime,Product-007,1,2,45.23,5.64,0.1246,45.23
2025-07-17,2025,2025-07,Electronics,Apex Value,Product-054,1,1,68.03,10.95,0.161,68.03
2025-12-26,2025,2025-12,Electronics,Apex Outdoor,Product-018,1,1,68.04,9.65,0.1418,68.04
2025-11-01,2025,2025-11,Beauty,Apex Value,Product-077,1,1,21.59,3.18,0.1473,21.59
2025-10-13,2025,2025-10,Home,Apex Value,Product-001,1,1,26.67,3.63,0.1362,26.67
2025-11-24,2025,2025-11,Home,Apex Prime,Product-051,1,1,23.43,3.36,0.1433,23.43
2025-08-06,2025,2025-08,Kids,Apex Outdoor,Product-060,1,1,40.92,5.77,0.1409,40.92
2025-07-18,2025,2025-07,Fitness,Apex Value,Product-071,1,1,51.72,6.41,0.124,51.72
2025-11-06,2025,2025-11,Kitchen,Apex Value,Product-003,1,2,79.61,11.58,0.1454,79.61
2025-08-08,2025,2025-08,Electronics,Apex Prime,Product-036,1,1,61.71,9.98,0.1617,61.71
2025-08-03,2025,2025-08,Electronics,Apex Essentials,Product-063,1,1,53.72,8.31,0.1546,53.72
2025-10-18,2025,2025-10,Kitchen,Apex Outdoor,Product-052,1,1,39.05,5.05,0.1293,39.05
2025-07-23,2025,2025-07,Kitchen,Apex Outdoor,Product-062,1,1,41.09,6.88,0.1675,41.09
2025-11-22,2025,2025-11,Fitness,Apex Value,Product-013,1,1,38.01,4.47,0.1177,38.01
2025-12-05,2025,2025-12,Beauty,Apex Essentials,Product-013,1,1,34.05,4.55,0.1337,34.05
2025-10-19,2025,2025-10,Fitness,Apex Prime,Product-018,1,1,26.45,4.11,0.1553,26.45
2025-09-11,2025,2025-09,Home,Apex Outdoor,Product-051,1,1,37.5,5.34,0.1425,37.5
2025-12-01,2025,2025-12,Kids,Apex Prime,Product-024,1,1,8.0,0.84,0.1044,8.0
2025-10-30,2025,2025-10,Beauty,Apex Essentials,Product-059,1,1,34.33,3.85,0.1121,34.33
2025-09-22,2025,2025-09,Home,Apex Prime,Product-020,1,1,34.58,3.46,0.1001,34.58
2025-11-26,2025,2025-11,Kitchen,Apex Essentials,Product-033,1,2,64.86,6.53,0.1007,64.86
2025-11-13,2025,2025-11,Kitchen,Apex Essentials,Product-047,1,1,46.39,7.62,0.1643,46.39
2025-07-19,2025,2025-07,Home,Apex Essentials,Product-037,1,1,49.66,7.39,0.1488,49.66
2025-10-22,2025,2025-10,Beauty,Apex Value,Product-058,1,2,76.21,9.31,0.1221,76.21
2025-09-21,2025,2025-09,Home,Apex Essentials,Product-011,1,1,37.27,4.99,0.134,37.27
2025-07-03,2025,2025-07,Fitness,Apex Value,Product-077,1,1,47.39,6.59,0.139,47.39
2025-08-23,2025,2025-08,Home,Apex Essentials,Product-079,1,1,30.36,3.88,0.1278,30.36
2025-12-20,2025,2025-12,Fitness,Apex Outdoor,Product-071,1,2,106.56,11.66,0.1094,106.56
2025-08-08,2025,2025-08,Home,Apex Value,Product-066,1,1,28.2,4.5,0.1594,28.2
2025-07-08,2025,2025-07,Beauty,Apex Prime,Product-054,1,1,25.99,3.15,0.1212,25.99
2025-07-23,2025,2025-07,Electronics,Apex Value,Product-064,1,1,89.75,13.62,0.1518,89.75
2025-10-23,2025,2025-10,Fitness,Apex Essentials,Product-073,1,1,52.38,6.13,0.117,52.38
2025-12-19,2025,2025-12,Beauty,Apex Essentials,Product-076,1,1,27.26,3.64,0.1335,27.26
2025-08-18,2025,2025-08,Fitness,Apex Essentials,Product-069,1,1,41.09,5.92,0.144,41.09
2025-07-24,2025,2025-07,Kids,Apex Essentials,Product-047,1,1,16.21,2.43,0.15,16.21
2025-11-19,2025,2025-11,Kitchen,Apex Outdoor,Product-010,1,2,63.06,8.3,0.1316,63.06
2025-07-26,2025,2025-07,Home,Apex Prime,Product-059,1,1,44.17,7.44,0.1685,44.17
2025-10-25,2025,2025-10,Beauty,Apex Essentials,Product-012,1,2,85.57,9.55,0.1116,85.57
2025-07-19,2025,2025-07,Fitness,Apex Outdoor,Product-034,1,1,67.06,11.36,0.1694,67.06
2025-10-04,2025,2025-10,Beauty,Apex Essentials,Product-069,1,1,24.42,4.01,0.1641,24.42
2025-08-01,2025,2025-08,Kitchen,Apex Prime,Product-029,1,1,43.99,4.76,0.1081,43.99
2025-08-30,2025,2025-08,Kids,Apex Prime,Product-049,1,1,27.11,3.14,0.1157,27.11
2025-08-18,2025,2025-08,Electronics,Apex Essentials,Product-072,1,1,64.48,7.53,0.1168,64.48
2025-08-30,2025,2025-08,Beauty,Apex Essentials,Product-014,1,1,13.99,2.27,0.1622,13.99
2025-12-03,2025,2025-12,Kitchen,Apex Outdoor,Product-066,1,2,53.73,8.49,0.158,53.73
2025-09-13,2025,2025-09,Kitchen,Apex Essentials,Product-027,1,1,8.57,1.25,0.1453,8.57
2025-09-12,2025,2025-09,Kids,Apex Outdoor,Product-040,1,1,20.07,3.0,0.1495,20.07
2025-12-17,2025,2025-12,Kids,Apex Outdoor,Product-008,1,1,8.29,1.35,0.1628,8.29
2025-09-23,2025,2025-09,Kids,Apex Essentials,Product-047,1,2,54.59,5.63,0.1032,54.59
2025-10-10,2025,2025-10,Fitness,Apex Outdoor,Product-036,1,1,35.44,4.14,0.1167,35.44
2025-11-29,2025,2025-11,Home,Apex Prime,Product-055,1,1,32.96,4.51,0.1368,32.96
2025-11-02,2025,2025-11,Home,Apex Prime,Product-026,1,1,25.27,4.21,0.1666,25.27
2025-09-19,2025,2025-09,Beauty,Apex Value,Product-009,1,1,25.59,2.97,0.1159,25.59
2025-12-09,2025,2025-12,Kitchen,Apex Essentials,Product-001,1,1,12.52,2.1,0.1674,12.52
2025-10-28,2025,2025-10,Beauty,Apex Essentials,Product-015,1,1,10.77,1.58,0.1471,10.77
2025-09-19,2025,2025-09,Beauty,Apex Value,Product-051,1,1,11.83,1.24,0.1044,11.83
2025-10-19,2025,2025-10,Kids,Apex Essentials,Product-023,1,1,14.92,2.36,0.1585,14.92
2025-09-04,2025,2025-09,Fitness,Apex Prime,Product-072,1,1,46.81,6.26,0.1337,46.81
2025-09-19,2025,2025-09,Fitness,Apex Outdoor,Product-052,1,1,38.38,4.53,0.1179,38.38
2025-09-06,2025,2025-09,Kitchen,Apex Prime,Product-058,1,2,57.44,6.65,0.1158,57.44
2025-11-08,2025,2025-11,Kids,Apex Essentials,Product-029,1,2,34.85,6.15,0.1765,34.85
2025-11-24,2025,2025-11,Home,Apex Value,Product-059,1,1,20.26,2.13,0.1052,20.26
2025-08-17,2025,2025-08,Beauty,Apex Outdoor,Product-066,1,1,17.01,2.37,0.1393,17.01
2025-09-27,2025,2025-09,Electronics,Apex Outdoor,Product-028,1,1,51.64,8.21,0.159,51.64
2025-07-01,2025,2025-07,Beauty,Apex Prime,Product-058,1,1,11.79,1.57,0.1332,11.79
2025-12-01,2025,2025-12,Beauty,Apex Prime,Product-044,1,1,34.27,5.32,0.1551,34.27
2025-09-03,2025,2025-09,Fitness,Apex Prime,Product-018,1,3,130.22,20.76,0.1594,130.22
2025-09-29,2025,2025-09,Kitchen,Apex Essentials,Product-033,1,3,94.16,10.25,0.1089,94.16
2025-08-08,2025,2025-08,Kitchen,Apex Essentials,Product-052,1,1,36.97,3.77,0.1021,36.97
2025-08-29,2025,2025-08,Beauty,Apex Essentials,Product-077,1,1,8.0,0.97,0.1208,8.0
2025-08-23,2025,2025-08,Electronics,Apex Prime,Product-015,1,1,65.55,7.06,0.1077,65.55
2025-08-06,2025,2025-08,Kids,Apex Outdoor,Product-042,1,1,8.16,1.02,0.1245,8.16
2025-12-14,2025,2025-12,Beauty,Apex Value,Product-006,1,2,39.35,4.94,0.1255,39.35
2025-08-14,2025,2025-08,Electronics,Apex Outdoor,Product-077,1,1,69.0,8.18,0.1186,69.0
2025-10-19,2025,2025-10,Beauty,Apex Prime,Product-009,1,1,26.29,3.08,0.1173,26.29
2025-09-20,2025,2025-09,Fitness,Apex Essentials,Product-030,1,1,29.42,3.12,0.1061,29.42
2025-10-15,2025,2025-10,Kids,Apex Outdoor,Product-078,1,1,23.31,3.93,0.1688,23.31
2025-10-11,2025,2025-10,Kids,Apex Prime,Product-048,1,2,31.86,4.47,0.1404,31.86
2025-11-02,2025,2025-11,Electronics,Apex Outdoor,Product-051,1,1,61.35,6.94,0.1131,61.35
2025-07-27,2025,2025-07,Fitness,Apex Essentials,Product-022,1,2,65.87,7.11,0.108,65.87
2025-11-30,2025,2025-11,Fitness,Apex Essentials,Product-061,1,1,41.39,4.47,0.1079,41.39
2025-10-29,2025,2025-10,Kitchen,Apex Prime,Product-061,1,1,39.84,5.47,0.1372,39.84
2025-09-29,2025,2025-09,Fitness,Apex Outdoor,Product-005,1,1,56.78,9.89,0.1741,56.78
2025-11-03,2025,2025-11,Kids,Apex Value,Product-039,1,1,20.52,2.08,0.1012,20.52
2025-08-14,2025,2025-08,Kids,Apex Outdoor,Product-053,1,2,16.0,1.9,0.119,16.0
2025-09-06,2025,2025-09,Beauty,Apex Outdoor,Product-053,1,2,34.68,5.78,0.1666,34.68
2025-10-07,2025,2025-10,Beauty,Apex Prime,Product-007,1,1,8.0,1.19,0.1493,8.0
2025-10-02,2025,2025-10,Home,Apex Outdoor,Product-009,1,1,32.87,3.57,0.1085,32.87
2025-09-02,2025,2025-09,Kids,Apex Essentials,Product-005,1,1,19.74,3.54,0.1791,19.74
2025-08-03,2025,2025-08,Kids,Apex Prime,Product-020,1,1,24.09,2.44,0.1013,24.09
2025-12-12,2025,2025-12,Home,Apex Prime,Product-078,1,1,28.4,4.78,0.1682,28.4
2025-12-25,2025,2025-12,Electronics,Apex Outdoor,Product-030,1,1,58.38,6.36,0.109,58.38
2025-08-24,2025,2025-08,Fitness,Apex Outdoor,Product-009,1,1,45.12,6.93,0.1535,45.12
2025-07-02,2025,2025-07,Electronics,Apex Value,Product-012,1,3,183.28,31.23,0.1704,183.28
2025-08-02,2025,2025-08,Electronics,Apex Outdoor,Product-065,1,1,64.67,8.63,0.1335,64.67
2025-10-09,2025,2025-10,Kitchen,Apex Outdoor,Product-078,1,1,28.08,4.93,0.1755,28.08
2025-09-03,2025,2025-09,Beauty,Apex Outdoor,Product-027,1,2,53.57,9.03,0.1685,53.57
2025-08-05,2025,2025-08,Fitness,Apex Prime,Product-027,1,1,25.75,2.77,0.1074,25.75
2025-12-31,2025,2025-12,Beauty,Apex Outdoor,Product-044,1,1,8.0,1.06,0.1319,8.0
2025-11-10,2025,2025-11,Electronics,Apex Value,Product-061,1,1,54.87,5.6,0.102,54.87
2025-09-21,2025,2025-09,Home,Apex Prime,Product-008,1,3,49.21,6.27,0.1274,49.21
2025-11-30,2025,2025-11,Kitchen,Apex Value,Product-023,1,1,16.74,2.41,0.144,16.74
2025-07-14,2025,2025-07,Fitness,Apex Essentials,Product-069,1,1,27.06,3.26,0.1205,27.06
2025-12-05,2025,2025-12,Kitchen,Apex Value,Product-041,1,1,35.67,6.13,0.1718,35.67
2025-10-14,2025,2025-10,Electronics,Apex Prime,Product-059,1,1,67.67,9.07,0.134,67.67
2025-10-06,2025,2025-10,Electronics,Apex Prime,Product-036,1,1,54.63,6.6,0.1209,54.63
2025-10-03,2025,2025-10,Kitchen,Apex Value,Product-073,1,1,19.69,3.46,0.1757,19.69
2025-09-02,2025,2025-09,Home,Apex Value,Product-024,1,1,39.88,7.05,0.1767,39.88
2025-12-02,2025,2025-12,Fitness,Apex Outdoor,Product-070,1,1,40.56,4.85,0.1196,40.56
2025-12-30,2025,2025-12,Kitchen,Apex Prime,Product-065,1,1,36.49,4.16,0.114,36.49
2025-09-16,2025,2025-09,Kids,Apex Essentials,Product-031,1,2,52.51,6.83,0.1301,52.51
2025-09-10,2025,2025-09,Fitness,Apex Outdoor,Product-006,1,1,48.11,8.15,0.1695,48.11
2025-12-16,2025,2025-12,Beauty,Apex Prime,Product-065,1,1,23.54,2.64,0.1123,23.54
2025-12-07,2025,2025-12,Kitchen,Apex Value,Product-003,1,1,29.45,3.93,0.1333,29.45
2025-09-05,2025,2025-09,Electronics,Apex Prime,Product-037,1,1,54.2,8.31,0.1533,54.2
2025-08-08,2025,2025-08,Home,Apex Value,Product-039,1,1,36.66,5.22,0.1424,36.66
2025-07-03,2025,2025-07,Home,Apex Essentials,Product-045,1,1,27.55,4.89,0.1776,27.55
2025-11-27,2025,2025-11,Home,Apex Value,Product-042,1,1,37.6,6.25,0.1663,37.6
2025-10-25,2025,2025-10,Home,Apex Essentials,Product-063,1,1,39.46,5.91,0.1497,39.46
2025-09-16,2025,2025-09,Kitchen,Apex Prime,Product-070,1,1,46.12,7.62,0.1653,46.12
2025-07-02,2025,2025-07,Home,Apex Essentials,Product-065,1,1,45.11,7.4,0.1641,45.11
2025-07-06,2025,2025-07,Home,Apex Value,Product-052,1,2,79.96,9.43,0.1179,79.96
2025-08-05,2025,2025-08,Kids,Apex Outdoor,Product-019,1,2,26.07,3.86,0.148,26.07
2025-11-25,2025,2025-11,Kitchen,Apex Outdoor,Product-006,1,1,19.95,3.41,0.171,19.95
2025-10-22,2025,2025-10,Electronics,Apex Prime,Product-033,1,1,63.02,9.14,0.145,63.02
2025-10-26,2025,2025-10,Fitness,Apex Essentials,Product-052,1,1,37.24,5.43,0.1457,37.24
2025-09-11,2025,2025-09,Beauty,Apex Prime,Product-030,1,3,64.41,8.44,0.131,64.41
2025-10-06,2025,2025-10,Electronics,Apex Essentials,Product-009,1,1,74.11,10.94,0.1476,74.11
2025-09-06,2025,2025-09,Kids,Apex Outdoor,Product-026,1,1,21.59,2.62,0.1213,21.59
2025-10-10,2025,2025-10,Fitness,Apex Prime,Product-052,1,1,31.22,4.61,0.1476,31.22
2025-08-23,2025,2025-08,Kitchen,Apex Prime,Product-007,1,1,46.63,5.61,0.1204,46.63
2025-11-11,2025,2025-11,Kids,Apex Prime,Product-052,1,1,21.72,2.89,0.1332,21.72
2025-10-12,2025,2025-10,Kitchen,Apex Value,Product-061,1,1,32.15,4.39,0.1367,32.15
2025-07-21,2025,2025-07,Kids,Apex Outdoor,Product-044,1,1,11.81,1.61,0.1362,11.81
2025-09-20,2025,2025-09,Home,Apex Essentials,Product-059,1,2,83.93,11.91,0.1419,83.93
2025-09-12,2025,2025-09,Fitness,Apex Outdoor,Product-035,1,2,93.15,16.66,0.1788,93.15
2025-07-08,2025,2025-07,Home,Apex Value,Product-010,1,1,42.88,5.25,0.1225,42.88
2025-11-16,2025,2025-11,Kids,Apex Essentials,Product-020,1,1,16.08,2.33,0.1451,16.08
2025-12-03,2025,2025-12,Electronics,Apex Value,Product-021,1,1,61.74,8.13,0.1317,61.74
2025-07-29,2025,2025-07,Fitness,Apex Value,Product-068,1,1,55.45,8.31,0.1499,55.45
2025-07-21,2025,2025-07,Home,Apex Value,Product-065,1,1,32.78,4.44,0.1354,32.78
2025-10-12,2025,2025-10,Kids,Apex Outdoor,Product-053,1,1,8.0,0.87,0.1093,8.0
2025-09-05,2025,2025-09,Kitchen,Apex Essentials,Product-064,1,1,26.57,3.06,0.1152,26.57
2025-12-24,2025,2025-12,Fitness,Apex Outdoor,Product-005,1,1,48.25,8.03,0.1664,48.25
2025-11-28,2025,2025-11,Electronics,Apex Value,Product-056,1,1,31.09,5.55,0.1785,31.09
2025-12-24,2025,2025-12,Kids,Apex Value,Product-046,1,1,22.37,2.48,0.1108,22.37
2025-12-25,2025,2025-12,Beauty,Apex Outdoor,Product-047,1,1,22.76,3.45,0.1518,22.76
2025-10-12,2025,2025-10,Fitness,Apex Essentials,Product-073,1,1,36.06,3.75,0.1041,36.06
2025-12-11,2025,2025-12,Kitchen,Apex Value,Product-034,1,2,43.85,7.58,0.1729,43.85
2025-07-18,2025,2025-07,Kitchen,Apex Outdoor,Product-045,1,1,19.5,2.13,0.1092,19.5
2025-12-08,2025,2025-12,Beauty,Apex Essentials,Product-028,1,2,57.48,9.79,0.1703,57.48
2025-08-24,2025,2025-08,Kids,Apex Value,Product-038,1,1,23.33,3.42,0.1466,23.33
2025-10-05,2025,2025-10,Kitchen,Apex Essentials,Product-050,1,1,30.56,3.38,0.1107,30.56
2025-09-02,2025,2025-09,Beauty,Apex Value,Product-014,1,1,12.45,1.8,0.1446,12.45
2025-08-07,2025,2025-08,Electronics,Apex Prime,Product-063,1,1,68.25,10.45,0.1531,68.25
2025-07-10,2025,2025-07,Fitness,Apex Outdoor,Product-024,1,1,52.98,8.35,0.1576,52.98
2025-10-22,2025,2025-10,Beauty,Apex Essentials,Product-010,1,1,43.72,4.41,0.1008,43.72
2025-12-22,2025,2025-12,Kids,Apex Outdoor,Product-029,1,1,22.97,3.15,0.1371,22.97
2025-07-11,2025,2025-07,Kids,Apex Outdoor,Product-016,1,1,20.35,2.52,0.1239,20.35
2025-12-06,2025,2025-12,Kids,Apex Outdoor,Product-068,1,1,24.91,4.13,0.1658,24.91
2025-08-05,2025,2025-08,Fitness,Apex Essentials,Product-080,1,1,32.03,5.47,0.1708,32.03
2025-10-03,2025,2025-10,Kitchen,Apex Outdoor,Product-062,1,1,25.53,3.53,0.1382,25.53
2025-09-22,2025,2025-09,Beauty,Apex Prime,Product-025,1,1,22.8,3.19,0.14,22.8
2025-11-15,2025,2025-11,Fitness,Apex Value,Product-029,1,1,47.42,5.07,0.1069,47.42
2025-07-25,2025,2025-07,Fitness,Apex Essentials,Product-004,1,1,48.56,5.02,0.1033,48.56
2025-10-09,2025,2025-10,Beauty,Apex Outdoor,Product-058,1,3,95.65,14.78,0.1545,95.65
2025-10-27,2025,2025-10,Kids,Apex Prime,Product-054,1,1,16.69,1.81,0.1082,16.69
2025-09-07,2025,2025-09,Home,Apex Outdoor,Product-015,1,2,61.72,9.41,0.1524,61.72
2025-11-22,2025,2025-11,Electronics,Apex Prime,Product-039,1,1,59.82,6.5,0.1087,59.82
2025-08-23,2025,2025-08,Fitness,Apex Value,Product-006,1,1,37.16,5.9,0.1587,37.16
2025-10-30,2025,2025-10,Electronics,Apex Value,Product-011,1,2,105.17,13.45,0.1279,105.17
2025-10-13,2025,2025-10,Kids,Apex Outdoor,Product-078,1,3,40.85,7.26,0.1778,40.85
2025-10-25,2025,2025-10,Home,Apex Essentials,Product-068,1,2,79.27,14.17,0.1787,79.27
2025-10-17,2025,2025-10,Fitness,Apex Essentials,Product-029,1,1,68.32,7.21,0.1056,68.32
2025-10-30,2025,2025-10,Home,Apex Value,Product-076,1,1,32.58,5.09,0.1562,32.58
2025-10-27,2025,2025-10,Fitness,Apex Outdoor,Product-008,1,1,52.02,9.31,0.179,52.02
2025-07-01,2025,2025-07,Electronics,Apex Outdoor,Product-079,1,2,119.86,20.69,0.1726,119.86
2025-10-03,2025,2025-10,Kids,Apex Essentials,Product-054,1,2,22.93,2.52,0.11,22.93
2025-07-14,2025,2025-07,Home,Apex Prime,Product-075,1,1,45.61,8.11,0.1778,45.61
2025-07-30,2025,2025-07,Electronics,Apex Outdoor,Product-028,1,2,126.25,15.14,0.1199,126.25
2025-09-19,2025,2025-09,Kids,Apex Value,Product-078,1,1,15.35,1.97,0.1284,15.35
2025-12-25,2025,2025-12,Home,Apex Value,Product-034,1,2,83.54,11.47,0.1373,83.54
2025-12-26,2025,2025-12,Kitchen,Apex Essentials,Product-039,1,1,33.39,5.94,0.1778,33.39
2025-11-08,2025,2025-11,Home,Apex Outdoor,Product-080,1,1,39.37,6.0,0.1523,39.37
2025-07-18,2025,2025-07,Kids,Apex Essentials,Product-027,1,1,26.7,3.66,0.1369,26.7
2025-11-08,2025,2025-11,Kids,Apex Outdoor,Product-055,1,1,24.69,4.19,0.1699,24.69
2025-07-12,2025,2025-07,Kitchen,Apex Value,Product-030,1,2,68.48,9.41,0.1374,68.48
2025-11-17,2025,2025-11,Electronics,Apex Prime,Product-025,1,1,65.96,9.74,0.1476,65.96
2025-10-23,2025,2025-10,Home,Apex Prime,Product-011,1,1,36.27,4.77,0.1314,36.27
2025-09-12,2025,2025-09,Home,Apex Value,Product-058,1,1,24.57,2.67,0.1088,24.57
2025-09-09,2025,2025-09,Fitness,Apex Prime,Product-036,1,1,34.75,4.41,0.1269,34.75
2025-09-26,2025,2025-09,Kitchen,Apex Value,Product-039,1,2,47.58,8.07,0.1696,47.58
2025-11-26,2025,2025-11,Beauty,Apex Essentials,Product-068,1,1,8.0,0.97,0.1211,8.0
2025-09-17,2025,2025-09,Kids,Apex Essentials,Product-060,1,1,21.58,3.23,0.1498,21.58
2025-10-30,2025,2025-10,Kitchen,Apex Essentials,Product-038,1,3,24.0,2.58,0.1076,24.0
2025-12-01,2025,2025-12,Electronics,Apex Essentials,Product-077,1,2,116.42,17.94,0.1541,116.42
2025-10-30,2025,2025-10,Kitchen,Apex Value,Product-042,1,2,40.21,5.02,0.1249,40.21
2025-07-24,2025,2025-07,Kitchen,Apex Essentials,Product-072,1,1,24.71,3.44,0.1391,24.71
2025-07-24,2025,2025-07,Kids,Apex Essentials,Product-016,1,1,8.0,1.19,0.1493,8.0
2025-07-24,2025,2025-07,Home,Apex Essentials,Product-016,1,1,49.99,8.32,0.1664,49.99
2025-08-01,2025,2025-08,Beauty,Apex Prime,Product-032,1,1,20.71,2.83,0.1368,20.71
2025-07-05,2025,2025-07,Kids,Apex Essentials,Product-002,1,2,73.96,13.19,0.1784,73.96
2025-09-25,2025,2025-09,Kids,Apex Value,Product-006,1,1,16.5,1.83,0.1107,16.5
2025-08-27,2025,2025-08,Electronics,Apex Value,Product-047,1,1,48.14,8.26,0.1716,48.14
2025-07-29,2025,2025-07,Electronics,Apex Essentials,Product-008,1,1,41.36,7.4,0.1789,41.36
2025-12-04,2025,2025-12,Fitness,Apex Outdoor,Product-051,1,1,28.8,3.41,0.1185,28.8
2025-10-30,2025,2025-10,Beauty,Apex Prime,Product-024,1,1,15.55,2.52,0.1623,15.55
2025-12-22,2025,2025-12,Kitchen,Apex Value,Product-003,1,1,15.92,1.67,0.1046,15.92
2025-10-11,2025,2025-10,Electronics,Apex Prime,Product-023,1,1,61.13,9.26,0.1515,61.13
2025-07-27,2025,2025-07,Kitchen,Apex Outdoor,Product-027,1,2,51.58,6.81,0.1321,51.58
2025-09-03,2025,2025-09,Fitness,Apex Outdoor,Product-031,1,1,28.34,3.18,0.1122,28.34
2025-12-05,2025,2025-12,Home,Apex Essentials,Product-004,1,1,44.29,5.69,0.1285,44.29
2025-11-08,2025,2025-11,Home,Apex Value,Product-072,1,1,45.62,4.97,0.109,45.62
2025-09-04,2025,2025-09,Kids,Apex Essentials,Product-007,1,1,24.71,2.9,0.1173,24.71
2025-08-10,2025,2025-08,Kitchen,Apex Essentials,Product-001,1,2,86.21,14.98,0.1738,86.21
2025-11-18,2025,2025-11,Kids,Apex Prime,Product-062,1,1,23.53,2.66,0.113,23.53
2025-07-10,2025,2025-07,Electronics,Apex Value,Product-023,1,2,133.14,17.48,0.1313,133.14
2025-12-06,2025,2025-12,Home,Apex Essentials,Product-020,1,1,46.81,6.86,0.1465,46.81
2025-10-30,2025,2025-10,Beauty,Apex Value,Product-054,1,1,21.11,3.77,0.1785,21.11
2025-09-12,2025,2025-09,Beauty,Apex Value,Product-018,1,1,29.29,3.06,0.1044,29.29
2025-11-26,2025,2025-11,Home,Apex Essentials,Product-025,1,1,33.3,4.77,0.1432,33.3
2025-09-07,2025,2025-09,Kids,Apex Value,Product-025,1,1,17.35,3.1,0.1787,17.35
2025-09-06,2025,2025-09,Home,Apex Prime,Product-015,1,1,32.23,5.61,0.1741,32.23
2025-11-02,2025,2025-11,Fitness,Apex Value,Product-079,1,1,44.37,4.84,0.109,44.37
2025-07-06,2025,2025-07,Beauty,Apex Essentials,Product-045,1,1,41.08,6.29,0.153,41.08
2025-11-14,2025,2025-11,Kids,Apex Essentials,Product-074,1,2,16.0,2.7,0.1688,16.0
2025-12-25,2025,2025-12,Beauty,Apex Essentials,Product-033,1,2,28.24,4.96,0.1757,28.24
2025-07-07,2025,2025-07,Kitchen,Apex Value,Product-038,1,1,8.0,0.99,0.1236,8.0
2025-08-08,2025,2025-08,Kids,Apex Value,Product-044,1,1,8.0,1.23,0.1534,8.0
2025-11-07,2025,2025-11,Fitness,Apex Prime,Product-059,1,1,31.7,5.46,0.1722,31.7
2025-12-13,2025,2025-12,Beauty,Apex Value,Product-021,1,1,48.82,8.1,0.1659,48.82
2025-08-03,2025,2025-08,Kids,Apex Prime,Product-003,1,1,20.03,2.29,0.1143,20.03
2025-09-30,2025,2025-09,Kids,Apex Essentials,Product-044,1,1,18.77,3.36,0.1789,18.77
2025-08-18,2025,2025-08,Home,Apex Prime,Product-071,1,2,77.53,10.37,0.1338,77.53
2025-11-07,2025,2025-11,Kitchen,Apex Value,Product-040,1,1,27.37,3.73,0.1362,27.37
2025-11-14,2025,2025-11,Electronics,Apex Outdoor,Product-064,1,2,108.51,13.02,0.12,108.51
2025-12-17,2025,2025-12,Kids,Apex Prime,Product-017,1,1,12.62,1.29,0.1024,12.62
2025-08-03,2025,2025-08,Electronics,Apex Value,Product-010,1,1,56.58,7.8,0.1379,56.58
2025-12-21,2025,2025-12,Kids,Apex Outdoor,Product-013,1,2,65.49,10.49,0.1602,65.49
2025-10-07,2025,2025-10,Electronics,Apex Essentials,Product-012,1,1,53.49,8.01,0.1498,53.49
2025-09-25,2025,2025-09,Home,Apex Value,Product-035,1,1,22.57,2.55,0.1131,22.57
2025-07-14,2025,2025-07,Fitness,Apex Value,Product-036,1,1,44.38,6.56,0.1478,44.38
2025-08-18,2025,2025-08,Beauty,Apex Essentials,Product-027,1,1,19.69,2.68,0.1363,19.69
2025-09-25,2025,2025-09,Electronics,Apex Essentials,Product-075,1,1,52.3,6.4,0.1223,52.3
2025-08-30,2025,2025-08,Electronics,Apex Outdoor,Product-038,1,1,63.17,10.63,0.1682,63.17
2025-11-24,2025,2025-11,Beauty,Apex Outdoor,Product-067,1,1,28.65,2.99,0.1045,28.65
2025-12-10,2025,2025-12,Electronics,Apex Outdoor,Product-028,1,1,66.99,11.14,0.1663,66.99
2025-11-23,2025,2025-11,Beauty,Apex Value,Product-049,1,1,34.01,5.07,0.149,34.01
2025-07-18,2025,2025-07,Kids,Apex Prime,Product-077,1,1,8.0,1.13,0.1414,8.0
2025-09-29,2025,2025-09,Home,Apex Essentials,Product-033,1,1,39.78,4.61,0.1158,39.78
2025-07-20,2025,2025-07,Beauty,Apex Essentials,Product-053,1,1,10.35,1.67,0.1615,10.35
2025-09-20,2025,2025-09,Fitness,Apex Outdoor,Product-046,1,1,63.03,8.03,0.1274,63.03
2025-12-03,2025,2025-12,Beauty,Apex Prime,Product-006,1,2,16.0,1.61,0.1008,16.0
2025-12-17,2025,2025-12,Kids,Apex Value,Product-060,1,1,15.56,2.21,0.1418,15.56
2025-11-02,2025,2025-11,Kids,Apex Outdoor,Product-048,1,1,8.86,1.31,0.1478,8.86
2025-10-02,2025,2025-10,Beauty,Apex Essentials,Product-041,1,1,8.73,1.36,0.1553,8.73
2025-09-24,2025,2025-09,Fitness,Apex Value,Product-056,1,1,30.71,3.73,0.1214,30.71
2025-12-26,2025,2025-12,Electronics,Apex Essentials,Product-048,1,1,64.53,11.44,0.1773,64.53
2025-07-11,2025,2025-07,Beauty,Apex Outdoor,Product-055,1,1,18.53,2.32,0.1252,18.53
2025-12-20,2025,2025-12,Home,Apex Outdoor,Product-003,1,1,31.92,5.61,0.1759,31.92
2025-07-03,2025,2025-07,Kitchen,Apex Essentials,Product-073,1,1,32.49,5.81,0.1788,32.49
2025-09-11,2025,2025-09,Beauty,Apex Essentials,Product-040,1,1,42.78,5.69,0.1329,42.78
2025-07-07,2025,2025-07,Fitness,Apex Essentials,Product-021,1,1,56.05,5.69,0.1015,56.05
2025-09-06,2025,2025-09,Home,Apex Essentials,Product-028,1,1,20.3,2.16,0.1062,20.3
2025-11-21,2025,2025-11,Kids,Apex Essentials,Product-024,1,1,8.94,1.34,0.1501,8.94
2025-10-02,2025,2025-10,Kids,Apex Essentials,Product-027,1,1,23.01,3.89,0.1691,23.01
2025-10-08,2025,2025-10,Kitchen,Apex Prime,Product-073,1,1,32.04,3.37,0.1052,32.04
2025-12-24,2025,2025-12,Electronics,Apex Outdoor,Product-034,1,2,133.45,20.43,0.1531,133.45
2025-11-03,2025,2025-11,Kitchen,Apex Value,Product-065,1,2,39.68,4.08,0.1029,39.68
2025-12-22,2025,2025-12,Electronics,Apex Value,Product-030,1,1,50.16,8.39,0.1672,50.16
2025-12-07,2025,2025-12,Home,Apex Essentials,Product-042,1,1,42.21,5.12,0.1212,42.21
2025-08-16,2025,2025-08,Beauty,Apex Essentials,Product-013,1,1,34.01,3.47,0.1021,34.01
2025-07-26,2025,2025-07,Home,Apex Essentials,Product-069,1,1,19.65,3.25,0.1653,19.65
2025-11-13,2025,2025-11,Electronics,Apex Prime,Product-063,1,1,70.34,7.51,0.1067,70.34
2025-07-02,2025,2025-07,Kids,Apex Essentials,Product-048,1,1,25.03,2.93,0.117,25.03
2025-10-19,2025,2025-10,Kitchen,Apex Outdoor,Product-070,1,1,20.03,3.41,0.17,20.03
2025-11-16,2025,2025-11,Home,Apex Value,Product-053,1,2,46.2,5.01,0.1085,46.2
2025-11-01,2025,2025-11,Beauty,Apex Outdoor,Product-078,1,2,61.76,6.6,0.1069,61.76
2025-10-10,2025,2025-10,Home,Apex Outdoor,Product-006,1,2,53.49,6.23,0.1165,53.49
2025-11-13,2025,2025-11,Electronics,Apex Prime,Product-006,1,1,73.41,8.35,0.1137,73.41
2025-07-18,2025,2025-07,Electronics,Apex Essentials,Product-016,1,1,84.28,10.21,0.1212,84.28
2025-08-11,2025,2025-08,Kitchen,Apex Value,Product-014,1,1,34.94,3.61,0.1033,34.94
2025-09-20,2025,2025-09,Electronics,Apex Essentials,Product-076,1,2,131.16,19.02,0.145,131.16
2025-10-16,2025,2025-10,Beauty,Apex Prime,Product-016,1,1,13.18,2.23,0.1693,13.18
2025-12-09,2025,2025-12,Beauty,Apex Value,Product-040,1,1,17.4,2.88,0.1658,17.4
2025-08-05,2025,2025-08,Kitchen,Apex Essentials,Product-021,1,1,37.45,4.32,0.1154,37.45
2025-08-09,2025,2025-08,Kids,Apex Essentials,Product-042,1,2,29.14,3.2,0.1098,29.14
2025-10-16,2025,2025-10,Kitchen,Apex Prime,Product-024,1,1,25.52,3.59,0.1408,25.52
2025-08-22,2025,2025-08,Fitness,Apex Value,Product-013,1,1,70.02,10.62,0.1517,70.02
2025-10-31,2025,2025-10,Electronics,Apex Outdoor,Product-046,1,2,131.64,19.72,0.1498,131.64
2025-11-22,2025,2025-11,Home,Apex Outdoor,Product-064,1,1,19.61,3.04,0.1551,19.61
2025-12-14,2025,2025-12,Electronics,Apex Essentials,Product-041,1,1,60.91,9.02,0.1481,60.91
2025-12-02,2025,2025-12,Fitness,Apex Prime,Product-024,1,1,42.69,5.2,0.1218,42.69
2025-09-07,2025,2025-09,Electronics,Apex Essentials,Product-033,1,1,67.18,10.15,0.1511,67.18
2025-12-16,2025,2025-12,Kitchen,Apex Essentials,Product-080,1,1,30.38,3.9,0.1284,30.38
2025-08-18,2025,2025-08,Fitness,Apex Value,Product-029,1,1,39.35,7.04,0.1788,39.35
2025-09-29,2025,2025-09,Kitchen,Apex Outdoor,Product-035,1,1,52.26,5.95,0.1139,52.26
2025-12-04,2025,2025-12,Beauty,Apex Value,Product-071,1,2,75.6,8.12,0.1074,75.6
2025-12-01,2025,2025-12,Electronics,Apex Outdoor,Product-043,1,1,56.26,7.58,0.1347,56.26
2025-08-22,2025,2025-08,Kitchen,Apex Prime,Product-017,1,1,29.29,4.34,0.1483,29.29
2025-09-03,2025,2025-09,Home,Apex Value,Product-080,1,2,69.23,9.45,0.1365,69.23
2025-08-02,2025,2025-08,Kitchen,Apex Prime,Product-024,1,1,37.51,4.47,0.1193,37.51
2025-09-05,2025,2025-09,Home,Apex Prime,Product-058,1,1,47.59,5.18,0.1088,47.59
2025-08-15,2025,2025-08,Electronics,Apex Value,Product-014,1,1,65.96,8.44,0.128,65.96
2025-12-06,2025,2025-12,Beauty,Apex Essentials,Product-027,1,1,24.68,2.9,0.1177,24.68
2025-09-06,2025,2025-09,Home,Apex Value,Product-041,1,1,26.14,4.18,0.1598,26.14
2025-08-05,2025,2025-08,Electronics,Apex Prime,Product-047,1,1,70.38,11.15,0.1584,70.38
2025-09-12,2025,2025-09,Kitchen,Apex Essentials,Product-077,1,1,39.75,5.3,0.1333,39.75
2025-08-27,2025,2025-08,Electronics,Apex Value,Product-079,1,3,152.98,20.67,0.1351,152.98
2025-08-30,2025,2025-08,Fitness,Apex Prime,Product-005,1,1,38.35,4.52,0.1178,38.35
2025-11-01,2025,2025-11,Kitchen,Apex Value,Product-068,1,1,36.28,5.57,0.1534,36.28
2025-07-25,2025,2025-07,Kitchen,Apex Prime,Product-070,1,1,22.07,3.66,0.166,22.07
2025-10-12,2025,2025-10,Fitness,Apex Outdoor,Product-074,1,1,44.02,7.17,0.1628,44.02
2025-12-15,2025,2025-12,Home,Apex Outdoor,Product-009,1,1,12.58,1.91,0.1518,12.58
2025-07-31,2025,2025-07,Electronics,Apex Prime,Product-030,1,1,60.52,6.77,0.1118,60.52
2025-11-03,2025,2025-11,Home,Apex Outdoor,Product-063,1,1,39.88,4.26,0.1069,39.88
2025-11-20,2025,2025-11,Electronics,Apex Value,Product-008,1,1,67.18,10.12,0.1506,67.18
2025-10-10,2025,2025-10,Home,Apex Outdoor,Product-059,1,1,27.38,2.92,0.1067,27.38
2025-07-29,2025,2025-07,Beauty,Apex Outdoor,Product-061,1,1,41.01,4.31,0.1052,41.01
2025-10-19,2025,2025-10,Kitchen,Apex Prime,Product-001,1,1,41.77,7.1,0.1699,41.77
2025-11-28,2025,2025-11,Kitchen,Apex Outdoor,Product-047,1,1,29.91,5.11,0.1709,29.91
2025-09-11,2025,2025-09,Kitchen,Apex Value,Product-072,1,1,8.0,1.23,0.1543,8.0
2025-08-13,2025,2025-08,Home,Apex Outdoor,Product-064,1,2,66.51,11.75,0.1767,66.51
2025-10-08,2025,2025-10,Electronics,Apex Value,Product-020,1,1,77.89,8.97,0.1152,77.89
2025-12-02,2025,2025-12,Electronics,Apex Essentials,Product-020,1,1,59.03,9.88,0.1673,59.03
2025-10-15,2025,2025-10,Electronics,Apex Outdoor,Product-074,1,1,38.98,5.66,0.1451,38.98
2025-10-15,2025,2025-10,Kitchen,Apex Outdoor,Product-003,1,1,16.45,2.33,0.1415,16.45
2025-11-05,2025,2025-11,Kitchen,Apex Prime,Product-047,1,2,51.92,8.89,0.1712,51.92
2025-12-21,2025,2025-12,Electronics,Apex Prime,Product-036,1,1,70.1,9.74,0.1389,70.1
2025-10-06,2025,2025-10,Fitness,Apex Value,Product-006,1,2,69.26,10.55,0.1523,69.26
2025-12-04,2025,2025-12,Electronics,Apex Outdoor,Product-074,1,2,121.8,19.7,0.1617,121.8
2025-11-29,2025,2025-11,Kitchen,Apex Essentials,Product-036,1,1,28.61,5.15,0.1799,28.61
2025-09-29,2025,2025-09,Kids,Apex Value,Product-054,1,1,19.68,3.47,0.1763,19.68
2025-10-03,2025,2025-10,Fitness,Apex Value,Product-057,1,1,57.36,8.8,0.1535,57.36
2025-12-25,2025,2025-12,Fitness,Apex Value,Product-051,1,2,58.6,9.53,0.1626,58.6
2025-07-02,2025,2025-07,Kids,Apex Essentials,Product-055,1,1,16.32,2.82,0.1731,16.32
2025-08-02,2025,2025-08,Home,Apex Outdoor,Product-043,1,1,37.58,5.07,0.135,37.58
2025-12-30,2025,2025-12,Kids,Apex Outdoor,Product-037,1,2,39.71,5.63,0.1419,39.71
2025-09-26,2025,2025-09,Kitchen,Apex Value,Product-009,1,1,36.33,5.94,0.1634,36.33
2025-10-18,2025,2025-10,Electronics,Apex Value,Product-043,1,1,50.11,8.9,0.1777,50.11
2025-10-29,2025,2025-10,Fitness,Apex Prime,Product-038,1,1,40.7,6.89,0.1694,40.7
2025-09-20,2025,2025-09,Beauty,Apex Value,Product-055,1,1,16.81,2.38,0.1418,16.81
2025-10-25,2025,2025-10,Beauty,Apex Outdoor,Product-077,1,1,39.45,5.63,0.1427,39.45
2025-10-19,2025,2025-10,Beauty,Apex Value,Product-031,1,1,14.29,2.36,0.165,14.29
2025-09-16,2025,2025-09,Kitchen,Apex Essentials,Product-071,1,1,15.56,2.79,0.179,15.56
2025-07-20,2025,2025-07,Kids,Apex Outdoor,Product-065,1,1,16.39,1.92,0.1174,16.39
2025-09-24,2025,2025-09,Kitchen,Apex Outdoor,Product-024,1,1,19.83,3.08,0.1551,19.83
2025-09-09,2025,2025-09,Fitness,Apex Value,Product-020,1,1,36.03,4.84,0.1344,36.03
2025-07-12,2025,2025-07,Fitness,Apex Essentials,Product-035,1,3,85.55,8.74,0.1022,85.55
2025-09-27,2025,2025-09,Kids,Apex Outdoor,Product-021,1,1,16.29,2.9,0.178,16.29
2025-09-22,2025,2025-09,Home,Apex Outdoor,Product-041,1,1,18.9,2.98,0.1576,18.9
2025-09-09,2025,2025-09,Beauty,Apex Prime,Product-019,1,3,109.88,14.72,0.134,109.88
2025-10-13,2025,2025-10,Fitness,Apex Essentials,Product-045,1,2,103.93,16.13,0.1552,103.93
2025-10-10,2025,2025-10,Beauty,Apex Essentials,Product-010,1,1,22.08,3.97,0.1798,22.08
2025-08-05,2025,2025-08,Electronics,Apex Essentials,Product-015,1,1,67.2,11.26,0.1675,67.2
2025-11-21,2025,2025-11,Kitchen,Apex Prime,Product-043,1,1,32.07,5.18,0.1614,32.07
2025-11-05,2025,2025-11,Kitchen,Apex Essentials,Product-075,1,1,30.01,4.73,0.1575,30.01
2025-12-19,2025,2025-12,Fitness,Apex Outdoor,Product-035,1,1,60.64,7.11,0.1173,60.64
2025-09-16,2025,2025-09,Fitness,Apex Prime,Product-008,1,3,186.43,21.64,0.1161,186.43
2025-09-11,2025,2025-09,Kitchen,Apex Prime,Product-038,1,1,36.4,4.58,0.1259,36.4
2025-10-05,2025,2025-10,Fitness,Apex Outdoor,Product-004,1,3,176.24,18.01,0.1022,176.24
2025-11-12,2025,2025-11,Beauty,Apex Prime,Product-079,1,1,40.65,7.09,0.1745,40.65
2025-12-29,2025,2025-12,Beauty,Apex Prime,Product-079,1,2,73.9,12.11,0.1639,73.9
2025-09-03,2025,2025-09,Fitness,Apex Outdoor,Product-028,1,1,47.79,4.84,0.1013,47.79
2025-11-23,2025,2025-11,Kids,Apex Outdoor,Product-060,1,1,23.19,3.34,0.1441,23.19
2025-12-30,2025,2025-12,Kitchen,Apex Outdoor,Product-066,1,1,30.98,4.91,0.1585,30.98
2025-10-03,2025,2025-10,Beauty,Apex Value,Product-054,1,1,25.32,3.47,0.1372,25.32
2025-11-27,2025,2025-11,Fitness,Apex Value,Product-025,1,1,43.86,5.54,0.1262,43.86
2025-10-20,2025,2025-10,Home,Apex Value,Product-049,1,1,21.63,2.35,0.1085,21.63
2025-09-17,2025,2025-09,Electronics,Apex Outdoor,Product-035,1,1,58.3,10.33,0.1772,58.3
2025-07-08,2025,2025-07,Kids,Apex Essentials,Product-002,1,1,34.71,4.91,0.1414,34.71
2025-11-22,2025,2025-11,Fitness,Apex Outdoor,Product-064,1,1,34.43,5.16,0.1499,34.43
2025-09-20,2025,2025-09,Electronics,Apex Value,Product-023,1,1,73.69,8.2,0.1113,73.69
2025-12-29,2025,2025-12,Home,Apex Prime,Product-044,1,1,43.32,6.49,0.1499,43.32
2025-10-26,2025,2025-10,Kitchen,Apex Prime,Product-038,1,1,47.64,5.08,0.1067,47.64
2025-09-11,2025,2025-09,Kitchen,Apex Value,Product-029,1,1,34.38,6.18,0.1799,34.38
2025-09-20,2025,2025-09,Beauty,Apex Essentials,Product-059,1,1,8.0,1.28,0.1595,8.0
2025-12-14,2025,2025-12,Kids,Apex Value,Product-050,1,1,33.36,5.44,0.1632,33.36
2025-07-14,2025,2025-07,Beauty,Apex Value,Product-029,1,1,21.82,3.65,0.1673,21.82
2025-12-14,2025,2025-12,Beauty,Apex Value,Product-029,1,2,61.22,7.05,0.1152,61.22
2025-12-06,2025,2025-12,Kitchen,Apex Essentials,Product-071,1,1,29.98,5.31,0.177,29.98
2025-12-28,2025,2025-12,Fitness,Apex Essentials,Product-009,1,1,60.59,9.88,0.163,60.59
2025-12-12,2025,2025-12,Home,Apex Outdoor,Product-043,1,1,35.55,6.27,0.1763,35.55
2025-11-29,2025,2025-11,Fitness,Apex Value,Product-003,1,1,45.62,5.78,0.1267,45.62
2025-07-04,2025,2025-07,Home,Apex Value,Product-031,1,2,73.51,12.72,0.1731,73.51
2025-07-07,2025,2025-07,Kitchen,Apex Essentials,Product-029,1,1,23.98,3.18,0.1325,23.98
2025-07-13,2025,2025-07,Home,Apex Prime,Product-061,1,1,53.97,6.68,0.1237,53.97
2025-09-05,2025,2025-09,Fitness,Apex Prime,Product-069,1,1,47.44,7.37,0.1553,47.44
2025-12-11,2025,2025-12,Kitchen,Apex Value,Product-044,1,1,37.35,5.23,0.14,37.35
2025-07-07,2025,2025-07,Beauty,Apex Prime,Product-040,1,2,69.81,10.47,0.15,69.81
2025-07-03,2025,2025-07,Home,Apex Prime,Product-046,1,1,24.12,2.61,0.1083,24.12
2025-10-01,2025,2025-10,Kids,Apex Essentials,Product-067,1,1,13.51,1.54,0.1138,13.51
2025-12-04,2025,2025-12,Kids,Apex Value,Product-031,1,3,94.15,9.5,0.1009,94.15
2025-10-22,2025,2025-10,Kitchen,Apex Prime,Product-047,1,3,88.5,12.24,0.1383,88.5
2025-10-02,2025,2025-10,Home,Apex Outdoor,Product-005,1,2,74.69,13.32,0.1784,74.69
2025-07-08,2025,2025-07,Home,Apex Outdoor,Product-040,1,3,117.68,21.12,0.1795,117.68
2025-12-19,2025,2025-12,Kitchen,Apex Value,Product-034,1,1,27.68,4.75,0.1715,27.68
2025-07-28,2025,2025-07,Kids,Apex Prime,Product-075,1,1,8.61,1.35,0.1564,8.61
2025-09-06,2025,2025-09,Kids,Apex Prime,Product-024,1,1,8.0,0.88,0.1102,8.0
2025-12-18,2025,2025-12,Electronics,Apex Outdoor,Product-040,1,1,65.89,10.87,0.165,65.89
2025-12-17,2025,2025-12,Kitchen,Apex Prime,Product-030,1,1,23.98,3.44,0.1433,23.98
2025-09-13,2025,2025-09,Kids,Apex Outdoor,Product-077,1,1,8.0,1.27,0.1591,8.0
2025-12-17,2025,2025-12,Home,Apex Outdoor,Product-017,1,1,38.4,4.76,0.1239,38.4
2025-09-11,2025,2025-09,Kitchen,Apex Value,Product-011,1,1,39.56,5.63,0.1422,39.56
2025-12-29,2025,2025-12,Electronics,Apex Prime,Product-053,1,1,55.17,6.65,0.1205,55.17
2025-11-03,2025,2025-11,Home,Apex Outdoor,Product-019,1,1,45.64,4.91,0.1076,45.64
2025-08-25,2025,2025-08,Kids,Apex Prime,Product-038,1,1,21.32,2.79,0.1308,21.32
2025-10-20,2025,2025-10,Electronics,Apex Essentials,Product-079,1,1,61.47,9.98,0.1624,61.47
2025-12-25,2025,2025-12,Electronics,Apex Prime,Product-014,1,1,64.37,8.83,0.1372,64.37
2025-10-25,2025,2025-10,Electronics,Apex Outdoor,Product-061,1,1,54.61,7.18,0.1314,54.61
2025-08-22,2025,2025-08,Home,Apex Essentials,Product-005,1,1,23.04,4.06,0.1764,23.04
2025-09-25,2025,2025-09,Kitchen,Apex Prime,Product-008,1,3,100.26,10.76,0.1073,100.26
2025-09-01,2025,2025-09,Home,Apex Prime,Product-008,1,1,33.14,5.2,0.1569,33.14
2025-10-02,2025,2025-10,Kids,Apex Value,Product-031,1,1,8.0,1.0,0.1253,8.0
2025-10-22,2025,2025-10,Home,Apex Value,Product-043,1,1,35.18,4.57,0.1299,35.18
2025-07-07,2025,2025-07,Home,Apex Essentials,Product-067,1,1,37.12,4.46,0.1201,37.12
2025-08-26,2025,2025-08,Home,Apex Essentials,Product-049,1,2,62.6,7.59,0.1213,62.6
2025-08-29,2025,2025-08,Beauty,Apex Outdoor,Product-031,1,2,24.4,3.08,0.1262,24.4
2025-08-06,2025,2025-08,Home,Apex Prime,Product-042,1,1,23.44,3.12,0.1329,23.44
2025-12-20,2025,2025-12,Fitness,Apex Outdoor,Product-036,1,1,29.22,3.65,0.1248,29.22
2025-12-29,2025,2025-12,Kitchen,Apex Prime,Product-006,1,1,27.27,4.62,0.1694,27.27
2025-08-22,2025,2025-08,Electronics,Apex Value,Product-071,1,1,65.39,8.9,0.1361,65.39
2025-08-27,2025,2025-08,Kitchen,Apex Value,Product-005,1,1,31.6,4.9,0.1551,31.6
2025-08-18,2025,2025-08,Kitchen,Apex Value,Product-065,1,1,18.61,3.29,0.1766,18.61
2025-10-03,2025,2025-10,Kitchen,Apex Value,Product-034,1,1,34.41,5.68,0.1652,34.41
2025-07-27,2025,2025-07,Kitchen,Apex Value,Product-071,1,1,22.18,3.33,0.15,22.18
2025-08-07,2025,2025-08,Electronics,Apex Essentials,Product-043,1,1,47.03,6.59,0.1402,47.03
2025-12-25,2025,2025-12,Beauty,Apex Outdoor,Product-060,1,2,16.0,1.83,0.1141,16.0
2025-07-31,2025,2025-07,Kids,Apex Essentials,Product-020,1,2,25.53,3.01,0.118,25.53
2025-09-23,2025,2025-09,Home,Apex Essentials,Product-017,1,2,76.57,9.42,0.123,76.57
2025-07-23,2025,2025-07,Fitness,Apex Outdoor,Product-048,1,1,43.3,7.53,0.1738,43.3
2025-11-07,2025,2025-11,Kids,Apex Essentials,Product-053,1,1,27.34,4.86,0.1777,27.34
2025-11-23,2025,2025-11,Electronics,Apex Value,Product-017,1,1,70.11,9.23,0.1317,70.11
2025-08-09,2025,2025-08,Beauty,Apex Prime,Product-054,1,1,10.77,1.93,0.179,10.77
2025-11-08,2025,2025-11,Fitness,Apex Essentials,Product-021,1,1,54.47,7.84,0.144,54.47
2025-11-26,2025,2025-11,Electronics,Apex Value,Product-048,1,1,42.62,5.0,0.1174,42.62
2025-09-04,2025,2025-09,Electronics,Apex Essentials,Product-029,1,1,66.62,9.28,0.1393,66.62
2025-07-18,2025,2025-07,Kids,Apex Essentials,Product-035,1,1,12.48,1.3,0.1044,12.48
2025-12-10,2025,2025-12,Fitness,Apex Value,Product-057,1,1,44.88,5.57,0.1241,44.88
2025-11-11,2025,2025-11,Home,Apex Essentials,Product-040,1,1,35.95,4.92,0.1369,35.95
2025-10-15,2025,2025-10,Kitchen,Apex Outdoor,Product-004,1,1,42.36,7.62,0.1799,42.36
2025-07-31,2025,2025-07,Beauty,Apex Outdoor,Product-018,1,2,58.98,7.35,0.1246,58.98
2025-09-05,2025,2025-09,Kitchen,Apex Essentials,Product-005,1,1,23.8,2.87,0.1204,23.8
2025-09-30,2025,2025-09,Kids,Apex Prime,Product-069,1,1,8.0,0.91,0.1135,8.0
2025-09-30,2025,2025-09,Kids,Apex Outdoor,Product-024,1,1,37.25,6.35,0.1705,37.25
2025-11-13,2025,2025-11,Beauty,Apex Essentials,Product-005,1,1,18.81,3.13,0.1662,18.81
2025-08-27,2025,2025-08,Electronics,Apex Prime,Product-039,1,1,53.25,8.6,0.1615,53.25
2025-11-23,2025,2025-11,Kitchen,Apex Prime,Product-079,1,1,28.55,3.22,0.1128,28.55
2025-09-04,2025,2025-09,Kitchen,Apex Essentials,Product-045,1,1,22.22,3.82,0.1718,22.22
2025-08-15,2025,2025-08,Fitness,Apex Outdoor,Product-058,1,2,73.27,8.12,0.1108,73.27
2025-12-14,2025,2025-12,Kitchen,Apex Outdoor,Product-071,1,1,34.81,5.71,0.1641,34.81
2025-08-03,2025,2025-08,Kids,Apex Essentials,Product-070,1,2,26.64,3.56,0.1337,26.64
2025-08-05,2025,2025-08,Electronics,Apex Value,Product-078,1,2,125.28,20.75,0.1656,125.28
2025-07-06,2025,2025-07,Home,Apex Prime,Product-022,1,2,36.52,5.29,0.1448,36.52
2025-08-05,2025,2025-08,Electronics,Apex Value,Product-035,1,1,57.82,8.1,0.1401,57.82
2025-11-16,2025,2025-11,Fitness,Apex Outdoor,Product-012,1,1,34.7,4.16,0.1199,34.7
2025-07-30,2025,2025-07,Beauty,Apex Value,Product-003,1,1,29.77,4.44,0.1491,29.77
2025-08-05,2025,2025-08,Beauty,Apex Outdoor,Product-002,1,1,20.56,2.72,0.1324,20.56
2025-08-12,2025,2025-08,Electronics,Apex Essentials,Product-071,1,1,58.52,6.36,0.1087,58.52
2025-10-14,2025,2025-10,Home,Apex Essentials,Product-009,1,1,49.53,5.16,0.1041,49.53
2025-07-28,2025,2025-07,Fitness,Apex Essentials,Product-055,1,2,120.36,17.55,0.1458,120.36
2025-12-18,2025,2025-12,Kids,Apex Value,Product-038,1,1,12.19,2.08,0.1705,12.19
2025-10-16,2025,2025-10,Beauty,Apex Prime,Product-005,1,1,8.0,1.1,0.1377,8.0
2025-10-31,2025,2025-10,Electronics,Apex Outdoor,Product-072,1,1,57.99,9.68,0.1669,57.99
2025-08-31,2025,2025-08,Kids,Apex Value,Product-028,1,1,18.38,2.07,0.1128,18.38
2025-07-18,2025,2025-07,Kitchen,Apex Prime,Product-021,1,1,29.28,3.88,0.1324,29.28
2025-08-27,2025,2025-08,Electronics,Apex Outdoor,Product-050,1,1,54.5,6.01,0.1103,54.5
2025-08-24,2025,2025-08,Fitness,Apex Prime,Product-008,1,2,55.29,9.18,0.166,55.29
2025-07-13,2025,2025-07,Electronics,Apex Value,Product-016,1,1,76.28,8.85,0.116,76.28
2025-10-29,2025,2025-10,Electronics,Apex Outdoor,Product-076,1,1,50.1,6.64,0.1326,50.1
2025-08-22,2025,2025-08,Kitchen,Apex Value,Product-023,1,1,29.57,3.48,0.1177,29.57
2025-12-14,2025,2025-12,Electronics,Apex Value,Product-049,1,2,106.25,10.64,0.1001,106.25
2025-11-28,2025,2025-11,Kids,Apex Value,Product-001,1,1,8.0,0.84,0.1046,8.0
2025-09-15,2025,2025-09,Electronics,Apex Outdoor,Product-041,1,1,54.98,6.63,0.1205,54.98
2025-09-17,2025,2025-09,Home,Apex Value,Product-016,1,1,44.1,6.5,0.1475,44.1
2025-12-22,2025,2025-12,Home,Apex Value,Product-002,1,1,35.83,4.12,0.1149,35.83
2025-11-06,2025,2025-11,Kitchen,Apex Value,Product-022,1,1,30.23,5.28,0.1747,30.23
2025-09-05,2025,2025-09,Kids,Apex Value,Product-063,1,1,19.5,2.04,0.1045,19.5
2025-07-26,2025,2025-07,Home,Apex Essentials,Product-062,1,2,72.03,11.67,0.162,72.03
2025-09-15,2025,2025-09,Home,Apex Outdoor,Product-005,1,2,104.03,13.79,0.1326,104.03
2025-12-03,2025,2025-12,Fitness,Apex Outdoor,Product-048,1,1,54.79,9.5,0.1734,54.79
2025-12-04,2025,2025-12,Electronics,Apex Essentials,Product-031,1,1,69.68,10.73,0.154,69.68
2025-07-23,2025,2025-07,Beauty,Apex Prime,Product-001,1,1,20.7,3.18,0.1536,20.7
2025-07-20,2025,2025-07,Home,Apex Outdoor,Product-079,1,2,34.23,4.19,0.1223,34.23
2025-08-13,2025,2025-08,Kitchen,Apex Value,Product-048,1,1,18.67,2.84,0.152,18.67
2025-09-04,2025,2025-09,Kitchen,Apex Outdoor,Product-063,1,3,121.44,19.88,0.1637,121.44
2025-07-16,2025,2025-07,Electronics,Apex Essentials,Product-055,1,1,62.85,8.7,0.1385,62.85
2025-11-19,2025,2025-11,Home,Apex Essentials,Product-057,1,1,40.65,7.24,0.178,40.65
2025-11-11,2025,2025-11,Electronics,Apex Prime,Product-050,1,1,73.93,11.91,0.1611,73.93
2025-12-10,2025,2025-12,Beauty,Apex Outdoor,Product-078,1,2,30.79,4.3,0.1395,30.79
2025-12-15,2025,2025-12,Kids,Apex Prime,Product-050,1,1,16.2,2.73,0.1685,16.2
2025-10-25,2025,2025-10,Home,Apex Essentials,Product-037,1,1,20.69,3.28,0.1586,20.69
2025-10-24,2025,2025-10,Kids,Apex Prime,Product-003,1,1,21.32,3.07,0.1439,21.32
2025-10-17,2025,2025-10,Beauty,Apex Essentials,Product-066,1,1,40.12,5.39,0.1344,40.12
2025-09-20,2025,2025-09,Electronics,Apex Essentials,Product-017,1,1,63.95,7.0,0.1095,63.95
2025-09-30,2025,2025-09,Kids,Apex Essentials,Product-002,1,1,8.0,0.94,0.118,8.0
2025-10-24,2025,2025-10,Beauty,Apex Outdoor,Product-046,1,1,10.46,1.19,0.1142,10.46
2025-08-15,2025,2025-08,Kids,Apex Value,Product-067,1,2,16.0,2.09,0.1307,16.0
2025-12-04,2025,2025-12,Electronics,Apex Value,Product-045,1,1,58.92,9.01,0.153,58.92
2025-10-04,2025,2025-10,Home,Apex Essentials,Product-019,1,1,19.11,3.35,0.1752,19.11
2025-09-22,2025,2025-09,Beauty,Apex Outdoor,Product-074,1,1,9.8,1.7,0.1733,9.8
2025-12-02,2025,2025-12,Home,Apex Outdoor,Product-005,1,1,15.03,2.29,0.1521,15.03
2025-10-05,2025,2025-10,Beauty,Apex Value,Product-005,1,1,28.66,3.76,0.1311,28.66
2025-08-10,2025,2025-08,Beauty,Apex Value,Product-017,1,1,31.95,4.95,0.1549,31.95
2025-09-17,2025,2025-09,Home,Apex Prime,Product-039,1,1,34.59,5.57,0.161,34.59
2025-10-19,2025,2025-10,Fitness,Apex Outdoor,Product-025,1,1,46.39,6.06,0.1307,46.39
2025-12-20,2025,2025-12,Electronics,Apex Outdoor,Product-028,1,1,54.1,9.03,0.167,54.1
2025-11-19,2025,2025-11,Electronics,Apex Prime,Product-048,1,1,53.37,6.48,0.1215,53.37
2025-07-14,2025,2025-07,Kitchen,Apex Essentials,Product-058,1,1,34.61,4.33,0.1251,34.61
2025-08-05,2025,2025-08,Beauty,Apex Outdoor,Product-040,1,1,18.34,2.76,0.1506,18.34
2025-08-02,2025,2025-08,Fitness,Apex Outdoor,Product-005,1,1,38.25,6.51,0.1702,38.25
2025-07-19,2025,2025-07,Kitchen,Apex Essentials,Product-035,1,1,27.98,5.01,0.179,27.98
2025-07-15,2025,2025-07,Kids,Apex Value,Product-011,1,1,27.35,4.57,0.1672,27.35
2025-07-12,2025,2025-07,Home,Apex Prime,Product-040,1,1,34.72,3.59,0.1035,34.72
2025-12-07,2025,2025-12,Home,Apex Prime,Product-055,1,1,41.86,5.83,0.1393,41.86
2025-11-03,2025,2025-11,Kitchen,Apex Outdoor,Product-049,1,1,24.5,4.33,0.1768,24.5
2025-12-13,2025,2025-12,Beauty,Apex Value,Product-073,1,1,30.15,4.26,0.1413,30.15
2025-07-09,2025,2025-07,Fitness,Apex Outdoor,Product-074,1,1,54.3,6.74,0.1241,54.3
2025-09-04,2025,2025-09,Kids,Apex Essentials,Product-030,1,1,24.88,3.18,0.1278,24.88
2025-08-10,2025,2025-08,Home,Apex Value,Product-079,1,1,21.5,2.86,0.1331,21.5
2025-09-19,2025,2025-09,Beauty,Apex Value,Product-047,1,1,41.33,6.09,0.1474,41.33
2025-09-18,2025,2025-09,Beauty,Apex Prime,Product-007,1,2,68.74,11.16,0.1624,68.74
2025-09-27,2025,2025-09,Home,Apex Essentials,Product-014,1,1,33.9,4.19,0.1237,33.9
2025-12-24,2025,2025-12,Fitness,Apex Outdoor,Product-019,1,1,57.87,8.81,0.1523,57.87
2025-08-27,2025,2025-08,Electronics,Apex Outdoor,Product-001,1,1,59.06,7.28,0.1232,59.06
2025-07-17,2025,2025-07,Kids,Apex Essentials,Product-079,1,1,25.36,3.51,0.1386,25.36
2025-07-21,2025,2025-07,Kids,Apex Outdoor,Product-036,1,1,22.13,3.31,0.1495,22.13
2025-10-29,2025,2025-10,Electronics,Apex Prime,Product-030,1,1,77.69,13.64,0.1756,77.69
2025-11-06,2025,2025-11,Beauty,Apex Prime,Product-070,1,2,77.5,7.98,0.103,77.5
2025-09-04,2025,2025-09,Kids,Apex Value,Product-059,1,1,11.38,1.68,0.1473,11.38
2025-07-12,2025,2025-07,Kids,Apex Essentials,Product-063,1,1,17.46,3.03,0.1737,17.46
2025-12-01,2025,2025-12,Home,Apex Prime,Product-079,1,1,42.88,7.49,0.1747,42.88
2025-09-10,2025,2025-09,Beauty,Apex Essentials,Product-010,1,1,21.75,2.53,0.1165,21.75
2025-12-04,2025,2025-12,Kids,Apex Essentials,Product-027,1,2,34.42,4.72,0.137,34.42
2025-12-31,2025,2025-12,Beauty,Apex Essentials,Product-079,1,1,17.65,3.12,0.1767,17.65
2025-09-23,2025,2025-09,Home,Apex Essentials,Product-025,1,1,43.37,7.64,0.1762,43.37
2025-08-25,2025,2025-08,Electronics,Apex Prime,Product-038,1,1,65.05,9.99,0.1536,65.05
2025-07-31,2025,2025-07,Kitchen,Apex Value,Product-043,1,1,26.0,4.53,0.1744,26.0
2025-07-22,2025,2025-07,Home,Apex Value,Product-011,1,2,66.89,8.33,0.1245,66.89
2025-09-14,2025,2025-09,Kitchen,Apex Outdoor,Product-019,1,1,35.2,4.45,0.1264,35.2
2025-07-13,2025,2025-07,Kids,Apex Outdoor,Product-009,1,2,21.61,2.32,0.1075,21.61
2025-12-06,2025,2025-12,Electronics,Apex Value,Product-063,1,1,64.09,11.28,0.176,64.09
2025-12-26,2025,2025-12,Kitchen,Apex Outdoor,Product-003,1,1,31.64,5.12,0.1618,31.64
2025-10-18,2025,2025-10,Kids,Apex Value,Product-045,1,3,76.21,8.09,0.1061,76.21
2025-08-01,2025,2025-08,Kitchen,Apex Prime,Product-024,1,1,8.0,1.36,0.1704,8.0
2025-10-24,2025,2025-10,Fitness,Apex Outdoor,Product-046,1,1,50.21,7.63,0.1519,50.21
2025-11-06,2025,2025-11,Home,Apex Essentials,Product-070,1,1,33.14,5.87,0.177,33.14
2025-08-01,2025,2025-08,Kids,Apex Prime,Product-057,1,1,14.2,1.67,0.1179,14.2
2025-09-18,2025,2025-09,Kitchen,Apex Essentials,Product-039,1,1,16.09,2.13,0.1323,16.09
2025-09-15,2025,2025-09,Fitness,Apex Prime,Product-021,1,1,45.74,4.96,0.1084,45.74
2025-08-21,2025,2025-08,Home,Apex Essentials,Product-017,1,1,27.49,3.29,0.1195,27.49
2025-10-28,2025,2025-10,Beauty,Apex Prime,Product-042,1,1,40.19,5.95,0.148,40.19
2025-12-01,2025,2025-12,Home,Apex Prime,Product-074,1,1,33.44,4.22,0.1261,33.44
2025-12-10,2025,2025-12,Fitness,Apex Value,Product-054,1,2,101.73,15.52,0.1526,101.73
2025-07-18,2025,2025-07,Home,Apex Outdoor,Product-075,1,1,46.65,7.66,0.1643,46.65
2025-08-29,2025,2025-08,Beauty,Apex Outdoor,Product-019,1,1,29.83,5.09,0.1708,29.83
2025-11-27,2025,2025-11,Electronics,Apex Value,Product-035,1,3,221.07,31.02,0.1403,221.07
2025-09-20,2025,2025-09,Kids,Apex Prime,Product-039,1,1,34.05,5.06,0.1486,34.05
2025-12-07,2025,2025-12,Fitness,Apex Value,Product-014,1,1,50.36,5.5,0.1093,50.36
2025-10-10,2025,2025-10,Kitchen,Apex Outdoor,Product-003,1,1,31.18,5.49,0.176,31.18
2025-10-08,2025,2025-10,Home,Apex Prime,Product-031,1,1,27.0,4.25,0.1575,27.0
2025-10-30,2025,2025-10,Kitchen,Apex Outdoor,Product-033,1,1,51.76,6.01,0.1161,51.76
2025-08-02,2025,2025-08,Kitchen,Apex Outdoor,Product-036,1,1,43.66,5.72,0.1309,43.66
2025-10-23,2025,2025-10,Kitchen,Apex Value,Product-007,1,1,9.27,1.18,0.1274,9.27
2025-08-17,2025,2025-08,Beauty,Apex Outdoor,Product-044,1,1,9.94,1.35,0.1356,9.94
2025-12-09,2025,2025-12,Home,Apex Prime,Product-046,1,1,53.38,8.24,0.1543,53.38
2025-07-22,2025,2025-07,Kitchen,Apex Value,Product-050,1,1,41.69,4.47,0.1073,41.69
2025-12-06,2025,2025-12,Beauty,Apex Prime,Product-071,1,3,99.76,12.73,0.1276,99.76
2025-09-22,2025,2025-09,Electronics,Apex Essentials,Product-012,1,1,49.05,5.94,0.1211,49.05
2025-07-29,2025,2025-07,Fitness,Apex Essentials,Product-051,1,1,51.57,5.67,0.1099,51.57
2025-07-20,2025,2025-07,Kids,Apex Prime,Product-065,1,1,27.16,4.81,0.1771,27.16
2025-07-31,2025,2025-07,Kids,Apex Value,Product-064,1,1,12.95,1.98,0.153,12.95
2025-12-07,2025,2025-12,Kids,Apex Prime,Product-044,1,1,8.0,1.39,0.1738,8.0
2025-12-05,2025,2025-12,Electronics,Apex Essentials,Product-053,1,1,74.93,9.02,0.1204,74.93
2025-07-14,2025,2025-07,Fitness,Apex Essentials,Product-050,1,1,27.27,2.8,0.1026,27.27
2025-09-19,2025,2025-09,Kids,Apex Value,Product-020,1,1,8.0,1.29,0.1609,8.0
2025-12-17,2025,2025-12,Beauty,Apex Value,Product-059,1,1,34.04,5.76,0.1693,34.04
2025-11-07,2025,2025-11,Home,Apex Prime,Product-064,1,2,77.3,9.68,0.1252,77.3
2025-10-09,2025,2025-10,Kitchen,Apex Prime,Product-020,1,2,44.98,6.41,0.1424,44.98
2025-11-12,2025,2025-11,Kids,Apex Prime,Product-038,1,1,14.9,2.67,0.1792,14.9
2025-07-07,2025,2025-07,Home,Apex Value,Product-025,1,1,37.6,5.44,0.1447,37.6
2025-08-30,2025,2025-08,Beauty,Apex Outdoor,Product-004,1,1,22.3,3.28,0.1471,22.3
2025-08-14,2025,2025-08,Fitness,Apex Value,Product-003,1,1,39.14,4.81,0.1228,39.14
2025-07-16,2025,2025-07,Fitness,Apex Value,Product-053,1,1,46.94,7.0,0.1492,46.94
2025-08-09,2025,2025-08,Electronics,Apex Essentials,Product-036,1,2,121.63,15.31,0.1259,121.63
2025-11-06,2025,2025-11,Fitness,Apex Outdoor,Product-031,1,1,58.47,6.36,0.1088,58.47
2025-09-23,2025,2025-09,Fitness,Apex Prime,Product-045,1,1,26.79,4.55,0.1698,26.79
2025-10-05,2025,2025-10,Kids,Apex Essentials,Product-025,1,1,31.76,5.57,0.1755,31.76
2025-07-30,2025,2025-07,Beauty,Apex Value,Product-030,1,1,26.93,3.1,0.115,26.93
2025-12-05,2025,2025-12,Electronics,Apex Prime,Product-079,1,1,69.0,10.7,0.1551,69.0
2025-09-13,2025,2025-09,Kids,Apex Prime,Product-074,1,1,8.0,1.19,0.1482,8.0
2025-12-18,2025,2025-12,Kitchen,Apex Essentials,Product-011,1,1,32.43,4.57,0.141,32.43
2025-07-04,2025,2025-07,Kids,Apex Prime,Product-050,1,3,108.26,17.13,0.1582,108.26
2025-10-13,2025,2025-10,Kitchen,Apex Value,Product-073,1,1,26.12,4.38,0.1676,26.12
2025-07-18,2025,2025-07,Home,Apex Prime,Product-080,1,1,55.07,9.73,0.1766,55.07
2025-09-30,2025,2025-09,Electronics,Apex Essentials,Product-052,1,2,148.86,15.63,0.105,148.86
2025-10-20,2025,2025-10,Kids,Apex Outdoor,Product-052,1,1,28.74,4.87,0.1696,28.74
2025-12-27,2025,2025-12,Home,Apex Essentials,Product-045,1,2,57.62,10.15,0.1762,57.62
2025-08-28,2025,2025-08,Beauty,Apex Value,Product-071,1,1,18.84,2.57,0.1362,18.84
2025-11-23,2025,2025-11,Fitness,Apex Prime,Product-016,1,1,44.0,6.82,0.155,44.0
2025-12-03,2025,2025-12,Home,Apex Prime,Product-074,1,1,41.84,5.72,0.1366,41.84
2025-12-20,2025,2025-12,Kitchen,Apex Outdoor,Product-071,1,2,53.89,8.92,0.1655,53.89
2025-11-24,2025,2025-11,Kitchen,Apex Value,Product-070,1,1,10.01,1.19,0.1193,10.01
2025-08-28,2025,2025-08,Fitness,Apex Prime,Product-011,1,1,67.91,12.02,0.177,67.91
2025-07-18,2025,2025-07,Electronics,Apex Essentials,Product-079,1,1,58.19,9.6,0.165,58.19
2025-12-12,2025,2025-12,Kitchen,Apex Essentials,Product-038,1,1,33.39,5.99,0.1794,33.39
2025-08-22,2025,2025-08,Electronics,Apex Outdoor,Product-047,1,1,76.3,7.89,0.1034,76.3
2025-09-26,2025,2025-09,Fitness,Apex Prime,Product-025,1,1,44.89,5.58,0.1242,44.89
2025-11-25,2025,2025-11,Home,Apex Essentials,Product-055,1,1,32.48,4.69,0.1443,32.48
2025-07-23,2025,2025-07,Electronics,Apex Essentials,Product-003,1,2,139.1,14.97,0.1076,139.1
2025-12-05,2025,2025-12,Kitchen,Apex Essentials,Product-002,1,2,54.86,9.07,0.1653,54.86
2025-11-01,2025,2025-11,Kids,Apex Outdoor,Product-057,1,1,14.45,2.16,0.1496,14.45
2025-10-12,2025,2025-10,Beauty,Apex Value,Product-080,1,1,13.57,1.47,0.1086,13.57
2025-12-18,2025,2025-12,Kids,Apex Outdoor,Product-019,1,1,14.87,2.45,0.1647,14.87
2025-07-17,2025,2025-07,Kids,Apex Value,Product-020,1,1,20.08,2.51,0.1251,20.08
2025-10-09,2025,2025-10,Kitchen,Apex Essentials,Product-045,1,1,31.21,3.52,0.1128,31.21
2025-07-25,2025,2025-07,Kids,Apex Value,Product-075,1,2,35.34,4.61,0.1305,35.34
2025-08-05,2025,2025-08,Kids,Apex Essentials,Product-078,1,1,27.08,3.67,0.1355,27.08
2025-12-27,2025,2025-12,Electronics,Apex Value,Product-041,1,1,52.45,7.89,0.1504,52.45
2025-11-05,2025,2025-11,Home,Apex Prime,Product-076,1,1,47.89,6.82,0.1425,47.89
2025-12-13,2025,2025-12,Kitchen,Apex Prime,Product-050,1,1,8.0,1.01,0.1261,8.0
2025-11-18,2025,2025-11,Kids,Apex Essentials,Product-079,1,1,14.88,1.98,0.1329,14.88
2025-07-19,2025,2025-07,Electronics,Apex Prime,Product-006,1,1,58.61,10.32,0.1761,58.61
2025-09-18,2025,2025-09,Kitchen,Apex Prime,Product-057,1,1,8.0,0.96,0.1199,8.0
2025-09-08,2025,2025-09,Electronics,Apex Essentials,Product-014,1,3,226.09,30.14,0.1333,226.09
2025-07-14,2025,2025-07,Kitchen,Apex Essentials,Product-043,1,2,31.93,4.09,0.1282,31.93
2025-11-30,2025,2025-11,Home,Apex Outdoor,Product-016,1,1,28.04,3.03,0.1081,28.04
2025-11-24,2025,2025-11,Fitness,Apex Prime,Product-010,1,1,42.38,5.75,0.1357,42.38
2025-12-22,2025,2025-12,Beauty,Apex Outdoor,Product-041,1,2,37.64,4.22,0.1121,37.64
2025-12-28,2025,2025-12,Home,Apex Value,Product-006,1,1,15.39,2.11,0.1374,15.39
2025-10-17,2025,2025-10,Fitness,Apex Value,Product-058,1,1,35.42,5.7,0.161,35.42
2025-09-22,2025,2025-09,Home,Apex Value,Product-067,1,2,79.28,11.08,0.1398,79.28
2025-08-15,2025,2025-08,Home,Apex Essentials,Product-017,1,1,55.03,8.34,0.1516,55.03
2025-08-06,2025,2025-08,Kids,Apex Outdoor,Product-052,1,1,28.11,3.2,0.114,28.11
2025-08-26,2025,2025-08,Fitness,Apex Essentials,Product-057,1,2,75.39,13.33,0.1768,75.39
2025-09-26,2025,2025-09,Beauty,Apex Prime,Product-079,1,1,14.16,1.63,0.1148,14.16
2025-08-30,2025,2025-08,Kitchen,Apex Value,Product-050,1,2,68.49,12.26,0.179,68.49
2025-07-20,2025,2025-07,Kitchen,Apex Prime,Product-065,1,1,41.02,5.84,0.1424,41.02
2025-12-15,2025,2025-12,Kids,Apex Essentials,Product-064,1,2,45.25,8.1,0.179,45.25
2025-10-09,2025,2025-10,Kids,Apex Value,Product-075,1,1,20.38,3.37,0.1652,20.38
2025-08-25,2025,2025-08,Fitness,Apex Value,Product-069,1,1,43.35,6.48,0.1495,43.35
2025-11-10,2025,2025-11,Beauty,Apex Prime,Product-043,1,1,10.29,1.33,0.1292,10.29
2025-07-10,2025,2025-07,Kids,Apex Value,Product-035,1,1,13.53,2.41,0.1784,13.53
2025-09-16,2025,2025-09,Electronics,Apex Prime,Product-029,1,1,72.42,9.86,0.1362,72.42
2025-10-21,2025,2025-10,Home,Apex Essentials,Product-063,1,1,32.64,3.4,0.1042,32.64
2025-11-01,2025,2025-11,Fitness,Apex Value,Product-004,1,2,78.67,10.4,0.1322,78.67
2025-08-18,2025,2025-08,Kids,Apex Essentials,Product-050,1,1,8.0,0.91,0.1142,8.0
2025-08-26,2025,2025-08,Home,Apex Prime,Product-052,1,1,46.33,7.75,0.1673,46.33
2025-11-10,2025,2025-11,Beauty,Apex Essentials,Product-056,1,1,37.1,4.09,0.1102,37.1
2025-11-06,2025,2025-11,Kids,Apex Essentials,Product-048,1,1,28.21,4.73,0.1677,28.21
2025-08-13,2025,2025-08,Beauty,Apex Value,Product-061,1,1,21.26,2.22,0.1045,21.26
2025-11-12,2025,2025-11,Home,Apex Essentials,Product-050,1,1,31.17,3.96,0.127,31.17
2025-11-10,2025,2025-11,Fitness,Apex Essentials,Product-049,1,2,105.24,11.96,0.1136,105.24
2025-11-02,2025,2025-11,Electronics,Apex Outdoor,Product-010,1,1,86.49,13.51,0.1562,86.49
2025-10-22,2025,2025-10,Kitchen,Apex Prime,Product-078,1,1,32.11,5.4,0.1682,32.11
2025-08-23,2025,2025-08,Fitness,Apex Prime,Product-049,1,1,28.89,3.08,0.1065,28.89
2025-09-27,2025,2025-09,Beauty,Apex Prime,Product-078,1,2,50.32,7.99,0.1587,50.32
2025-11-09,2025,2025-11,Kitchen,Apex Outdoor,Product-039,1,1,26.74,4.15,0.1552,26.74
2025-08-30,2025,2025-08,Kids,Apex Value,Product-009,1,1,19.05,3.2,0.1682,19.05
2025-10-28,2025,2025-10,Kids,Apex Prime,Product-066,1,1,13.51,2.25,0.1664,13.51
2025-11-17,2025,2025-11,Beauty,Apex Value,Product-045,1,1,8.0,1.11,0.1382,8.0
2025-08-11,2025,2025-08,Fitness,Apex Essentials,Product-060,1,2,112.94,14.25,0.1262,112.94
2025-09-19,2025,2025-09,Kitchen,Apex Value,Product-073,1,1,30.33,5.13,0.1691,30.33
2025-08-13,2025,2025-08,Fitness,Apex Outdoor,Product-029,1,1,36.71,6.08,0.1656,36.71
2025-10-28,2025,2025-10,Kitchen,Apex Prime,Product-058,1,1,19.77,2.53,0.1282,19.77
2025-07-28,2025,2025-07,Fitness,Apex Prime,Product-029,1,1,40.59,5.21,0.1283,40.59
2025-08-05,2025,2025-08,Beauty,Apex Outdoor,Product-060,1,2,16.0,2.49,0.1554,16.0
2025-07-28,2025,2025-07,Kids,Apex Essentials,Product-031,1,1,11.63,1.64,0.1407,11.63
2025-11-30,2025,2025-11,Fitness,Apex Outdoor,Product-004,1,1,52.47,7.1,0.1354,52.47
2025-11-28,2025,2025-11,Kitchen,Apex Value,Product-014,1,1,16.06,2.8,0.1745,16.06
2025-08-04,2025,2025-08,Kids,Apex Prime,Product-042,1,1,14.41,2.38,0.1652,14.41
2025-10-17,2025,2025-10,Home,Apex Prime,Product-080,1,1,42.06,7.27,0.1729,42.06
2025-11-13,2025,2025-11,Kitchen,Apex Prime,Product-050,1,1,22.08,3.09,0.1399,22.08
2025-11-02,2025,2025-11,Home,Apex Prime,Product-050,1,2,84.32,11.1,0.1317,84.32
2025-09-17,2025,2025-09,Fitness,Apex Value,Product-069,1,1,30.54,3.71,0.1215,30.54
2025-07-18,2025,2025-07,Electronics,Apex Prime,Product-077,1,1,69.51,9.55,0.1374,69.51
2025-10-29,2025,2025-10,Kids,Apex Prime,Product-004,1,2,62.09,8.92,0.1437,62.09
2025-08-15,2025,2025-08,Kitchen,Apex Essentials,Product-079,1,1,16.89,2.18,0.1288,16.89
2025-11-03,2025,2025-11,Kids,Apex Essentials,Product-015,1,1,12.31,1.33,0.1084,12.31
2025-10-17,2025,2025-10,Kids,Apex Essentials,Product-030,1,1,8.0,1.21,0.1513,8.0
2025-12-21,2025,2025-12,Beauty,Apex Prime,Product-060,1,1,30.63,4.69,0.153,30.63
2025-08-11,2025,2025-08,Home,Apex Outdoor,Product-057,1,1,12.72,1.59,0.1252,12.72
2025-09-06,2025,2025-09,Kitchen,Apex Value,Product-049,1,1,18.04,3.14,0.1738,18.04
2025-09-15,2025,2025-09,Beauty,Apex Essentials,Product-030,1,1,11.79,1.47,0.1244,11.79
2025-12-04,2025,2025-12,Home,Apex Prime,Product-007,1,2,31.02,3.84,0.1239,31.02
2025-11-05,2025,2025-11,Kitchen,Apex Value,Product-040,1,1,19.94,3.32,0.1663,19.94
2025-07-01,2025,2025-07,Electronics,Apex Prime,Product-033,1,1,76.8,9.14,0.119,76.8
2025-08-05,2025,2025-08,Beauty,Apex Value,Product-027,1,2,17.86,2.9,0.1625,17.86
2025-07-06,2025,2025-07,Kitchen,Apex Value,Product-071,1,1,40.69,4.11,0.1011,40.69
2025-08-09,2025,2025-08,Kitchen,Apex Essentials,Product-064,1,1,32.71,4.77,0.1459,32.71
2025-09-27,2025,2025-09,Beauty,Apex Essentials,Product-022,1,1,18.24,3.0,0.1647,18.24
2025-12-15,2025,2025-12,Kitchen,Apex Essentials,Product-060,1,1,22.9,3.42,0.1494,22.9
2025-09-25,2025,2025-09,Home,Apex Essentials,Product-049,1,1,31.88,4.41,0.1383,31.88
2025-07-15,2025,2025-07,Home,Apex Essentials,Product-072,1,1,26.86,3.87,0.144,26.86
2025-07-06,2025,2025-07,Electronics,Apex Value,Product-023,1,1,55.96,8.01,0.1432,55.96
2025-09-08,2025,2025-09,Kids,Apex Essentials,Product-055,1,1,9.98,1.25,0.1256,9.98
2025-10-10,2025,2025-10,Beauty,Apex Outdoor,Product-068,1,1,27.37,2.9,0.1058,27.37
2025-11-17,2025,2025-11,Kitchen,Apex Prime,Product-059,1,1,24.25,2.7,0.1113,24.25
2025-10-02,2025,2025-10,Kids,Apex Essentials,Product-049,1,1,40.48,5.6,0.1384,40.48
2025-09-26,2025,2025-09,Kids,Apex Essentials,Product-061,1,1,19.44,2.26,0.1164,19.44
2025-10-08,2025,2025-10,Beauty,Apex Essentials,Product-050,1,1,10.37,1.33,0.1284,10.37
2025-12-23,2025,2025-12,Home,Apex Outdoor,Product-055,1,1,45.81,6.36,0.1388,45.81
2025-07-08,2025,2025-07,Home,Apex Essentials,Product-062,1,1,41.65,6.86,0.1648,41.65
2025-12-21,2025,2025-12,Kitchen,Apex Outdoor,Product-032,1,1,29.07,4.63,0.1594,29.07
2025-11-15,2025,2025-11,Fitness,Apex Value,Product-079,1,1,47.59,5.43,0.1142,47.59
2025-07-30,2025,2025-07,Kids,Apex Outdoor,Product-017,1,1,12.97,1.8,0.1391,12.97
2025-07-07,2025,2025-07,Kitchen,Apex Prime,Product-006,1,1,36.76,3.73,0.1016,36.76
2025-09-22,2025,2025-09,Fitness,Apex Outdoor,Product-044,1,1,39.18,4.82,0.123,39.18
2025-12-04,2025,2025-12,Fitness,Apex Essentials,Product-057,1,1,32.62,4.35,0.1335,32.62
2025-09-02,2025,2025-09,Fitness,Apex Essentials,Product-024,1,1,44.43,6.94,0.1561,44.43
2025-08-10,2025,2025-08,Kitchen,Apex Value,Product-059,1,1,18.86,3.17,0.1681,18.86
2025-12-19,2025,2025-12,Kids,Apex Outdoor,Product-080,1,1,17.83,2.64,0.1483,17.83
2025-11-18,2025,2025-11,Home,Apex Value,Product-030,1,1,37.72,4.8,0.1272,37.72
2025-12-18,2025,2025-12,Home,Apex Prime,Product-031,1,1,41.12,6.42,0.1562,41.12
2025-07-13,2025,2025-07,Kids,Apex Value,Product-030,1,2,35.4,3.67,0.1036,35.4
2025-12-24,2025,2025-12,Fitness,Apex Prime,Product-027,1,2,94.56,11.3,0.1195,94.56
2025-11-26,2025,2025-11,Kitchen,Apex Prime,Product-028,1,1,25.97,3.68,0.1418,25.97
2025-09-20,2025,2025-09,Kids,Apex Value,Product-043,1,1,36.96,6.4,0.1732,36.96
2025-08-28,2025,2025-08,Fitness,Apex Prime,Product-023,1,2,54.38,8.78,0.1614,54.38
2025-07-20,2025,2025-07,Electronics,Apex Value,Product-064,1,1,70.82,10.44,0.1474,70.82
2025-12-30,2025,2025-12,Kitchen,Apex Value,Product-055,1,1,22.2,2.63,0.1186,22.2
2025-08-19,2025,2025-08,Electronics,Apex Value,Product-046,1,1,64.05,9.43,0.1473,64.05
2025-07-23,2025,2025-07,Beauty,Apex Value,Product-040,1,1,23.41,2.55,0.1091,23.41
2025-12-29,2025,2025-12,Home,Apex Outdoor,Product-062,1,1,33.79,3.46,0.1024,33.79
2025-10-28,2025,2025-10,Electronics,Apex Value,Product-054,1,1,66.34,7.74,0.1166,66.34
2025-09-30,2025,2025-09,Kitchen,Apex Value,Product-069,1,1,40.55,5.84,0.144,40.55
2025-12-07,2025,2025-12,Home,Apex Prime,Product-015,1,1,37.33,5.72,0.1533,37.33
2025-07-24,2025,2025-07,Beauty,Apex Outdoor,Product-036,1,1,29.92,3.72,0.1244,29.92
2025-11-06,2025,2025-11,Beauty,Apex Outdoor,Product-020,1,1,15.87,2.2,0.1388,15.87
2025-10-09,2025,2025-10,Beauty,Apex Prime,Product-075,1,1,20.64,3.11,0.1505,20.64
2025-12-24,2025,2025-12,Kids,Apex Prime,Product-016,1,1,18.71,2.88,0.1541,18.71
2025-12-08,2025,2025-12,Kitchen,Apex Value,Product-068,1,1,41.83,7.45,0.178,41.83
2025-08-29,2025,2025-08,Fitness,Apex Prime,Product-006,1,1,50.72,6.87,0.1355,50.72
2025-08-27,2025,2025-08,Kids,Apex Outdoor,Product-044,1,1,29.55,3.61,0.1221,29.55
2025-12-27,2025,2025-12,Electronics,Apex Essentials,Product-013,1,1,57.64,6.91,0.1198,57.64
2025-12-14,2025,2025-12,Home,Apex Essentials,Product-053,1,2,102.26,11.92,0.1166,102.26
2025-07-11,2025,2025-07,Kids,Apex Prime,Product-048,1,1,24.63,3.66,0.1485,24.63
2025-11-23,2025,2025-11,Beauty,Apex Essentials,Product-074,1,1,17.42,2.88,0.1652,17.42
2025-11-23,2025,2025-11,Fitness,Apex Outdoor,Product-042,1,1,48.41,6.15,0.127,48.41
2025-12-28,2025,2025-12,Beauty,Apex Prime,Product-063,1,1,26.82,2.82,0.105,26.82
2025-12-27,2025,2025-12,Kids,Apex Essentials,Product-004,1,1,22.11,2.85,0.1287,22.11
2025-11-22,2025,2025-11,Home,Apex Essentials,Product-052,1,1,60.46,9.92,0.164,60.46
2025-07-07,2025,2025-07,Kitchen,Apex Outdoor,Product-013,1,1,32.45,3.96,0.1219,32.45
2025-10-22,2025,2025-10,Kids,Apex Essentials,Product-020,1,2,28.04,4.88,0.1742,28.04
2025-12-09,2025,2025-12,Home,Apex Essentials,Product-034,1,1,23.32,3.17,0.1361,23.32
2025-09-04,2025,2025-09,Home,Apex Prime,Product-053,1,1,37.53,6.23,0.166,37.53
2025-07-03,2025,2025-07,Fitness,Apex Prime,Product-058,1,1,54.8,6.11,0.1115,54.8
2025-11-24,2025,2025-11,Kitchen,Apex Value,Product-029,1,1,25.43,3.42,0.1343,25.43
2025-07-11,2025,2025-07,Beauty,Apex Essentials,Product-035,1,1,8.0,0.93,0.1161,8.0
2025-10-21,2025,2025-10,Kids,Apex Outdoor,Product-031,1,2,31.97,4.29,0.1343,31.97
2025-12-19,2025,2025-12,Kids,Apex Outdoor,Product-046,1,3,87.95,13.26,0.1508,87.95
2025-10-30,2025,2025-10,Kitchen,Apex Outdoor,Product-003,1,1,18.05,2.53,0.1404,18.05
2025-08-10,2025,2025-08,Beauty,Apex Outdoor,Product-018,1,1,26.6,3.66,0.1376,26.6
2025-12-28,2025,2025-12,Kitchen,Apex Prime,Product-056,1,1,29.34,4.94,0.1683,29.34
2025-08-25,2025,2025-08,Kitchen,Apex Outdoor,Product-053,1,1,31.69,3.44,0.1087,31.69
2025-08-28,2025,2025-08,Fitness,Apex Value,Product-054,1,1,42.29,4.89,0.1156,42.29
2025-08-12,2025,2025-08,Home,Apex Outdoor,Product-007,1,1,34.13,3.59,0.1053,34.13
2025-10-09,2025,2025-10,Electronics,Apex Outdoor,Product-023,1,1,66.64,7.98,0.1197,66.64
2025-08-04,2025,2025-08,Kitchen,Apex Essentials,Product-006,1,1,31.29,4.26,0.1361,31.29
2025-07-09,2025,2025-07,Kids,Apex Prime,Product-044,1,1,14.76,2.19,0.1481,14.76
2025-07-11,2025,2025-07,Electronics,Apex Outdoor,Product-078,1,1,70.97,11.49,0.1619,70.97
2025-08-06,2025,2025-08,Electronics,Apex Value,Product-008,1,1,58.19,8.45,0.1452,58.19
2025-12-08,2025,2025-12,Home,Apex Prime,Product-057,1,3,132.61,21.07,0.1589,132.61
2025-07-06,2025,2025-07,Kitchen,Apex Prime,Product-024,1,2,81.02,9.31,0.1149,81.02
2025-09-06,2025,2025-09,Fitness,Apex Outdoor,Product-019,1,1,45.07,8.0,0.1774,45.07
2025-12-08,2025,2025-12,Home,Apex Prime,Product-011,1,1,26.89,3.23,0.1203,26.89
2025-11-01,2025,2025-11,Beauty,Apex Outdoor,Product-070,1,1,31.88,4.17,0.1309,31.88
2025-11-14,2025,2025-11,Home,Apex Outdoor,Product-040,1,1,36.49,5.97,0.1637,36.49
2025-11-20,2025,2025-11,Home,Apex Value,Product-025,1,1,42.88,4.63,0.108,42.88
2025-07-17,2025,2025-07,Fitness,Apex Outdoor,Product-017,1,1,35.8,3.83,0.1069,35.8
2025-12-16,2025,2025-12,Beauty,Apex Value,Product-073,1,2,39.49,6.86,0.1738,39.49
2025-11-04,2025,2025-11,Kitchen,Apex Value,Product-024,1,1,26.65,3.99,0.1498,26.65
2025-11-29,2025,2025-11,Beauty,Apex Outdoor,Product-068,1,1,26.82,3.99,0.1488,26.82
2025-07-04,2025,2025-07,Electronics,Apex Prime,Product-054,1,3,155.27,16.26,0.1047,155.27
2025-09-03,2025,2025-09,Home,Apex Prime,Product-016,1,1,36.3,4.67,0.1287,36.3
2025-07-02,2025,2025-07,Electronics,Apex Essentials,Product-069,1,2,116.97,11.98,0.1024,116.97
2025-08-25,2025,2025-08,Electronics,Apex Prime,Product-079,1,1,60.67,7.76,0.1279,60.67
2025-11-21,2025,2025-11,Kids,Apex Value,Product-020,1,1,32.92,3.93,0.1193,32.92
2025-10-13,2025,2025-10,Kitchen,Apex Outdoor,Product-015,1,1,41.3,4.47,0.1083,41.3
2025-09-20,2025,2025-09,Fitness,Apex Prime,Product-028,1,1,51.8,8.15,0.1574,51.8
2025-07-19,2025,2025-07,Kids,Apex Prime,Product-036,1,1,19.41,2.01,0.1037,19.41
2025-10-23,2025,2025-10,Kids,Apex Outdoor,Product-065,1,1,8.0,0.84,0.1052,8.0
2025-11-23,2025,2025-11,Beauty,Apex Value,Product-011,1,1,23.91,3.69,0.1543,23.91
2025-11-24,2025,2025-11,Kids,Apex Value,Product-075,1,1,8.0,1.06,0.1319,8.0
2025-09-10,2025,2025-09,Kids,Apex Prime,Product-011,1,1,28.76,3.45,0.1198,28.76
2025-11-14,2025,2025-11,Home,Apex Value,Product-013,1,3,126.83,14.76,0.1164,126.83
2025-09-30,2025,2025-09,Kids,Apex Essentials,Product-007,1,1,28.11,3.54,0.1258,28.11
2025-12-20,2025,2025-12,Fitness,Apex Essentials,Product-005,1,1,32.42,4.54,0.1401,32.42
2025-09-02,2025,2025-09,Fitness,Apex Essentials,Product-045,1,1,32.3,3.27,0.1011,32.3
2025-08-15,2025,2025-08,Beauty,Apex Outdoor,Product-056,1,1,23.19,3.8,0.1639,23.19
2025-11-18,2025,2025-11,Kitchen,Apex Outdoor,Product-063,1,1,24.96,2.88,0.1154,24.96
2025-10-31,2025,2025-10,Electronics,Apex Essentials,Product-023,1,2,99.52,10.82,0.1087,99.52
2025-10-08,2025,2025-10,Kids,Apex Value,Product-063,1,1,8.0,1.22,0.1524,8.0
2025-07-19,2025,2025-07,Kitchen,Apex Prime,Product-078,1,1,48.15,6.41,0.1332,48.15
2025-12-28,2025,2025-12,Kitchen,Apex Prime,Product-004,1,1,32.51,5.04,0.1549,32.51
2025-09-12,2025,2025-09,Electronics,Apex Essentials,Product-021,1,2,80.59,10.51,0.1304,80.59
2025-10-24,2025,2025-10,Fitness,Apex Value,Product-077,1,2,92.04,11.76,0.1278,92.04
2025-07-28,2025,2025-07,Electronics,Apex Essentials,Product-041,1,1,51.05,5.33,0.1044,51.05
2025-07-21,2025,2025-07,Beauty,Apex Prime,Product-013,1,1,19.6,2.43,0.124,19.6
2025-07-26,2025,2025-07,Beauty,Apex Essentials,Product-023,1,1,29.03,5.05,0.1739,29.03
2025-10-17,2025,2025-10,Fitness,Apex Essentials,Product-019,1,1,32.76,3.6,0.1099,32.76
2025-12-07,2025,2025-12,Beauty,Apex Essentials,Product-021,1,1,13.4,2.4,0.1793,13.4
2025-11-18,2025,2025-11,Electronics,Apex Outdoor,Product-080,1,1,49.77,5.94,0.1194,49.77
2025-12-13,2025,2025-12,Beauty,Apex Outdoor,Product-076,1,2,39.13,5.49,0.1402,39.13
2025-07-21,2025,2025-07,Fitness,Apex Essentials,Product-037,1,1,50.18,5.5,0.1097,50.18
2025-09-27,2025,2025-09,Fitness,Apex Outdoor,Product-055,1,1,44.41,6.54,0.1472,44.41
2025-07-26,2025,2025-07,Fitness,Apex Prime,Product-070,1,1,49.85,7.87,0.1578,49.85
2025-10-05,2025,2025-10,Electronics,Apex Prime,Product-045,1,1,80.31,10.78,0.1342,80.31
2025-10-11,2025,2025-10,Electronics,Apex Prime,Product-046,1,1,81.23,13.46,0.1657,81.23
2025-10-31,2025,2025-10,Home,Apex Outdoor,Product-006,1,1,30.54,3.22,0.1053,30.54
2025-10-08,2025,2025-10,Home,Apex Outdoor,Product-028,1,2,75.22,13.42,0.1784,75.22
2025-12-25,2025,2025-12,Kitchen,Apex Value,Product-014,1,1,41.32,7.38,0.1785,41.32
2025-09-07,2025,2025-09,Kitchen,Apex Essentials,Product-006,1,1,19.14,2.17,0.1136,19.14
2025-09-20,2025,2025-09,Electronics,Apex Outdoor,Product-059,1,1,67.95,8.43,0.124,67.95
2025-08-29,2025,2025-08,Beauty,Apex Outdoor,Product-051,1,1,16.27,2.04,0.1251,16.27
2025-07-11,2025,2025-07,Kids,Apex Essentials,Product-002,1,1,16.95,2.99,0.1765,16.95
2025-12-23,2025,2025-12,Fitness,Apex Essentials,Product-035,1,1,41.33,5.64,0.1365,41.33
2025-11-15,2025,2025-11,Kids,Apex Essentials,Product-012,1,1,17.32,2.41,0.1389,17.32
2025-09-30,2025,2025-09,Electronics,Apex Essentials,Product-006,1,1,68.92,12.05,0.1748,68.92
2025-08-11,2025,2025-08,Fitness,Apex Value,Product-061,1,1,60.79,7.47,0.1229,60.79
2025-09-28,2025,2025-09,Beauty,Apex Essentials,Product-052,1,1,9.06,1.28,0.1409,9.06
2025-11-20,2025,2025-11,Home,Apex Essentials,Product-031,1,1,28.97,3.76,0.1297,28.97
2025-08-10,2025,2025-08,Beauty,Apex Value,Product-011,1,1,10.33,1.04,0.1002,10.33
2025-09-28,2025,2025-09,Kitchen,Apex Outdoor,Product-043,1,1,32.21,3.4,0.1055,32.21
2025-11-19,2025,2025-11,Kids,Apex Essentials,Product-019,1,2,79.43,11.52,0.145,79.43
2025-12-31,2025,2025-12,Electronics,Apex Prime,Product-050,1,1,73.22,11.75,0.1605,73.22
2025-12-04,2025,2025-12,Electronics,Apex Outdoor,Product-031,1,1,57.27,8.25,0.144,57.27
2025-07-24,2025,2025-07,Electronics,Apex Outdoor,Product-046,1,1,59.9,7.56,0.1262,59.9
2025-10-05,2025,2025-10,Electronics,Apex Prime,Product-048,1,1,45.11,6.57,0.1456,45.11
2025-08-19,2025,2025-08,Kids,Apex Essentials,Product-027,1,1,8.41,1.34,0.1592,8.41
2025-09-01,2025,2025-09,Fitness,Apex Essentials,Product-024,1,2,83.99,9.96,0.1186,83.99
2025-09-10,2025,2025-09,Home,Apex Outdoor,Product-062,1,1,50.96,7.47,0.1466,50.96
2025-12-19,2025,2025-12,Home,Apex Prime,Product-056,1,1,33.39,4.78,0.1432,33.39
2025-07-05,2025,2025-07,Home,Apex Prime,Product-022,1,1,51.97,6.74,0.1296,51.97
2025-12-21,2025,2025-12,Beauty,Apex Prime,Product-057,1,1,14.5,1.72,0.1187,14.5
2025-08-23,2025,2025-08,Home,Apex Prime,Product-079,1,1,34.61,5.12,0.1479,34.61
2025-08-04,2025,2025-08,Kids,Apex Outdoor,Product-017,1,1,30.58,4.79,0.1568,30.58
2025-07-15,2025,2025-07,Beauty,Apex Outdoor,Product-054,1,1,24.73,3.43,0.1386,24.73
2025-09-19,2025,2025-09,Kitchen,Apex Essentials,Product-030,1,1,24.53,3.92,0.16,24.53
2025-09-08,2025,2025-09,Fitness,Apex Outdoor,Product-055,1,1,44.24,5.8,0.131,44.24
2025-12-30,2025,2025-12,Kitchen,Apex Value,Product-040,1,1,39.05,5.94,0.1522,39.05
2025-07-14,2025,2025-07,Kitchen,Apex Value,Product-019,1,1,31.63,5.66,0.1788,31.63
2025-12-04,2025,2025-12,Electronics,Apex Prime,Product-058,1,1,62.22,6.69,0.1075,62.22
2025-12-23,2025,2025-12,Home,Apex Prime,Product-019,1,1,25.47,3.96,0.1555,25.47
2025-11-27,2025,2025-11,Electronics,Apex Prime,Product-043,1,1,73.76,12.83,0.174,73.76
2025-08-13,2025,2025-08,Electronics,Apex Prime,Product-074,1,1,67.91,7.44,0.1096,67.91
2025-08-12,2025,2025-08,Fitness,Apex Value,Product-073,1,1,55.76,10.0,0.1793,55.76
2025-09-22,2025,2025-09,Kitchen,Apex Value,Product-030,1,2,70.6,12.68,0.1796,70.6
2025-10-20,2025,2025-10,Home,Apex Outdoor,Product-040,1,1,34.94,5.15,0.1475,34.94
2025-09-15,2025,2025-09,Kitchen,Apex Prime,Product-058,1,1,18.8,2.66,0.1417,18.8
2025-10-10,2025,2025-10,Beauty,Apex Prime,Product-031,1,1,21.83,2.2,0.1007,21.83
2025-12-15,2025,2025-12,Beauty,Apex Value,Product-006,1,3,59.67,10.59,0.1775,59.67
2025-12-27,2025,2025-12,Fitness,Apex Value,Product-069,1,1,53.84,6.69,0.1243,53.84
2025-12-16,2025,2025-12,Kids,Apex Prime,Product-074,1,1,14.98,2.09,0.1395,14.98
2025-11-26,2025,2025-11,Beauty,Apex Essentials,Product-027,1,2,33.01,3.95,0.1198,33.01
2025-12-12,2025,2025-12,Beauty,Apex Value,Product-046,1,2,46.77,6.98,0.1493,46.77
2025-11-17,2025,2025-11,Fitness,Apex Prime,Product-067,1,1,39.22,4.71,0.12,39.22
2025-10-03,2025,2025-10,Kids,Apex Prime,Product-059,1,1,8.0,1.37,0.1715,8.0
2025-10-28,2025,2025-10,Electronics,Apex Essentials,Product-030,1,1,58.68,6.25,0.1065,58.68
2025-11-09,2025,2025-11,Fitness,Apex Essentials,Product-053,1,1,27.32,3.99,0.1462,27.32
2025-09-29,2025,2025-09,Electronics,Apex Prime,Product-026,1,1,57.62,6.16,0.1069,57.62
2025-12-06,2025,2025-12,Beauty,Apex Prime,Product-025,1,1,38.02,5.87,0.1543,38.02
2025-11-17,2025,2025-11,Fitness,Apex Outdoor,Product-010,1,2,61.26,6.74,0.11,61.26
2025-07-15,2025,2025-07,Beauty,Apex Value,Product-004,1,2,30.12,3.62,0.1201,30.12
2025-08-20,2025,2025-08,Kids,Apex Prime,Product-027,1,2,32.2,3.26,0.1011,32.2
2025-12-26,2025,2025-12,Fitness,Apex Essentials,Product-038,1,1,45.7,5.37,0.1175,45.7
2025-07-23,2025,2025-07,Fitness,Apex Essentials,Product-064,1,1,34.77,4.43,0.1275,34.77
2025-08-16,2025,2025-08,Beauty,Apex Prime,Product-022,1,1,9.37,1.61,0.1715,9.37
2025-10-28,2025,2025-10,Fitness,Apex Prime,Product-007,1,1,27.11,4.2,0.1551,27.11
2025-10-09,2025,2025-10,Beauty,Apex Outdoor,Product-080,1,1,23.07,3.49,0.1513,23.07
2025-10-27,2025,2025-10,Fitness,Apex Prime,Product-012,1,1,40.01,4.69,0.1173,40.01
2025-08-31,2025,2025-08,Beauty,Apex Value,Product-030,1,1,8.0,0.97,0.1214,8.0
2025-07-04,2025,2025-07,Beauty,Apex Essentials,Product-064,1,1,48.37,7.84,0.162,48.37
2025-09-30,2025,2025-09,Kitchen,Apex Essentials,Product-006,1,1,37.71,5.59,0.1483,37.71
2025-08-29,2025,2025-08,Electronics,Apex Prime,Product-065,1,1,62.37,8.73,0.14,62.37
2025-11-22,2025,2025-11,Beauty,Apex Prime,Product-073,1,2,42.1,6.03,0.1432,42.1
2025-12-18,2025,2025-12,Electronics,Apex Value,Product-018,1,1,77.85,8.12,0.1043,77.85
2025-12-16,2025,2025-12,Kitchen,Apex Value,Product-074,1,3,68.35,7.13,0.1043,68.35
2025-12-22,2025,2025-12,Fitness,Apex Value,Product-058,1,1,43.6,6.6,0.1513,43.6
2025-09-19,2025,2025-09,Home,Apex Outdoor,Product-080,1,1,33.41,4.95,0.1483,33.41
2025-10-19,2025,2025-10,Kitchen,Apex Prime,Product-055,1,1,19.1,3.24,0.1695,19.1
2025-09-14,2025,2025-09,Beauty,Apex Value,Product-050,1,1,29.87,3.39,0.1135,29.87
2025-12-19,2025,2025-12,Electronics,Apex Outdoor,Product-004,1,1,87.98,10.6,0.1205,87.98
2025-10-30,2025,2025-10,Electronics,Apex Essentials,Product-045,1,1,63.86,11.05,0.1731,63.86
2025-12-17,2025,2025-12,Kids,Apex Essentials,Product-002,1,1,26.56,4.05,0.1523,26.56
2025-10-31,2025,2025-10,Kids,Apex Prime,Product-019,1,1,8.0,1.03,0.1283,8.0
2025-08-12,2025,2025-08,Beauty,Apex Outdoor,Product-069,1,1,23.44,3.67,0.1567,23.44
2025-10-25,2025,2025-10,Kids,Apex Prime,Product-022,1,1,32.56,4.1,0.1258,32.56
2025-12-06,2025,2025-12,Home,Apex Essentials,Product-017,1,1,30.86,4.32,0.14,30.86
2025-12-25,2025,2025-12,Kitchen,Apex Essentials,Product-058,1,1,27.38,3.31,0.1208,27.38
2025-07-18,2025,2025-07,Beauty,Apex Prime,Product-070,1,1,36.88,4.4,0.1194,36.88
2025-12-12,2025,2025-12,Home,Apex Value,Product-046,1,1,28.18,4.92,0.1746,28.18
2025-11-14,2025,2025-11,Beauty,Apex Prime,Product-031,1,1,15.46,2.01,0.1303,15.46
2025-11-23,2025,2025-11,Kitchen,Apex Essentials,Product-038,1,1,26.7,4.35,0.1629,26.7
2025-12-18,2025,2025-12,Fitness,Apex Prime,Product-054,1,2,92.08,16.41,0.1782,92.08
2025-09-05,2025,2025-09,Fitness,Apex Outdoor,Product-062,1,1,35.46,4.9,0.1382,35.46
2025-09-11,2025,2025-09,Fitness,Apex Prime,Product-037,1,1,38.83,5.7,0.1469,38.83
2025-11-04,2025,2025-11,Kids,Apex Prime,Product-044,1,1,19.12,2.14,0.1117,19.12
2025-10-20,2025,2025-10,Kids,Apex Value,Product-009,1,1,31.96,4.54,0.1419,31.96
2025-07-06,2025,2025-07,Beauty,Apex Essentials,Product-073,1,1,21.75,2.32,0.1066,21.75
2025-07-11,2025,2025-07,Beauty,Apex Prime,Product-004,1,1,18.91,2.9,0.1536,18.91
2025-08-28,2025,2025-08,Electronics,Apex Essentials,Product-030,1,1,72.46,8.93,0.1232,72.46
2025-10-08,2025,2025-10,Home,Apex Prime,Product-050,1,1,24.1,2.56,0.1062,24.1
2025-07-14,2025,2025-07,Home,Apex Value,Product-051,1,1,40.67,7.08,0.174,40.67
2025-11-25,2025,2025-11,Kids,Apex Essentials,Product-072,1,1,14.85,1.95,0.1311,14.85
2025-08-21,2025,2025-08,Kids,Apex Essentials,Product-018,1,1,8.22,1.23,0.1502,8.22
2025-07-12,2025,2025-07,Kids,Apex Essentials,Product-009,1,1,23.44,2.99,0.1275,23.44
2025-07-09,2025,2025-07,Beauty,Apex Outdoor,Product-021,1,1,11.71,1.96,0.1678,11.71
2025-08-05,2025,2025-08,Beauty,Apex Prime,Product-003,1,1,25.1,2.94,0.1171,25.1
2025-12-18,2025,2025-12,Fitness,Apex Outdoor,Product-028,1,1,48.81,7.52,0.1541,48.81
2025-09-16,2025,2025-09,Electronics,Apex Outdoor,Product-052,1,1,61.05,6.83,0.1119,61.05
2025-09-27,2025,2025-09,Fitness,Apex Value,Product-072,1,1,44.23,4.8,0.1085,44.23
2025-07-02,2025,2025-07,Home,Apex Outdoor,Product-050,1,1,27.92,4.86,0.1742,27.92
2025-09-24,2025,2025-09,Fitness,Apex Prime,Product-026,1,1,54.54,8.67,0.159,54.54
2025-10-24,2025,2025-10,Beauty,Apex Essentials,Product-027,1,1,8.0,1.0,0.1256,8.0
2025-08-04,2025,2025-08,Home,Apex Value,Product-071,1,1,49.84,6.92,0.1388,49.84
2025-09-29,2025,2025-09,Fitness,Apex Value,Product-045,1,1,52.18,6.97,0.1335,52.18
2025-10-13,2025,2025-10,Kids,Apex Essentials,Product-065,1,1,17.13,2.2,0.1285,17.13
2025-11-13,2025,2025-11,Kids,Apex Value,Product-006,1,2,33.41,4.48,0.1341,33.41
2025-07-17,2025,2025-07,Kids,Apex Essentials,Product-070,1,1,11.83,1.82,0.154,11.83
2025-12-15,2025,2025-12,Home,Apex Essentials,Product-009,1,1,36.65,5.26,0.1436,36.65
2025-12-26,2025,2025-12,Home,Apex Prime,Product-042,1,1,30.39,4.35,0.1432,30.39
2025-08-14,2025,2025-08,Home,Apex Essentials,Product-011,1,1,37.87,6.23,0.1644,37.87
2025-09-04,2025,2025-09,Kitchen,Apex Prime,Product-026,1,1,26.04,2.7,0.1037,26.04
2025-09-18,2025,2025-09,Fitness,Apex Essentials,Product-038,1,1,53.49,5.52,0.1032,53.49
2025-11-14,2025,2025-11,Beauty,Apex Value,Product-023,1,1,17.32,2.04,0.118,17.32
2025-07-29,2025,2025-07,Kids,Apex Essentials,Product-004,1,1,27.11,4.1,0.1511,27.11
2025-12-31,2025,2025-12,Home,Apex Value,Product-027,1,2,57.3,7.13,0.1245,57.3
2025-07-16,2025,2025-07,Fitness,Apex Prime,Product-060,1,1,46.11,5.28,0.1145,46.11
2025-10-09,2025,2025-10,Fitness,Apex Essentials,Product-009,1,1,51.23,6.78,0.1324,51.23
2025-11-11,2025,2025-11,Beauty,Apex Outdoor,Product-021,1,2,23.6,3.13,0.1325,23.6
2025-09-07,2025,2025-09,Electronics,Apex Outdoor,Product-001,1,1,57.67,9.01,0.1562,57.67
2025-07-27,2025,2025-07,Beauty,Apex Prime,Product-015,1,1,25.47,4.02,0.1578,25.47
2025-12-10,2025,2025-12,Electronics,Apex Essentials,Product-063,1,2,132.93,14.41,0.1084,132.93
2025-08-07,2025,2025-08,Home,Apex Essentials,Product-014,1,1,36.33,4.83,0.133,36.33
2025-09-13,2025,2025-09,Fitness,Apex Value,Product-001,1,1,32.67,3.47,0.1063,32.67
2025-09-07,2025,2025-09,Kitchen,Apex Value,Product-066,1,2,21.89,2.31,0.1054,21.89
2025-11-02,2025,2025-11,Kitchen,Apex Essentials,Product-007,1,2,33.79,4.31,0.1277,33.79
2025-12-27,2025,2025-12,Electronics,Apex Essentials,Product-014,1,1,68.52,9.15,0.1335,68.52
2025-12-05,2025,2025-12,Fitness,Apex Outdoor,Product-045,1,3,148.1,19.95,0.1347,148.1
2025-07-20,2025,2025-07,Kids,Apex Prime,Product-043,1,2,43.06,6.09,0.1414,43.06
2025-12-09,2025,2025-12,Kitchen,Apex Essentials,Product-055,1,1,30.73,3.08,0.1003,30.73
2025-11-29,2025,2025-11,Fitness,Apex Essentials,Product-001,1,1,55.34,6.02,0.1088,55.34
2025-09-14,2025,2025-09,Fitness,Apex Essentials,Product-025,1,1,43.56,6.35,0.1457,43.56
2025-08-22,2025,2025-08,Beauty,Apex Essentials,Product-003,1,1,8.0,1.19,0.1488,8.0
2025-07-30,2025,2025-07,Beauty,Apex Prime,Product-065,1,1,14.95,2.24,0.1498,14.95
2025-12-26,2025,2025-12,Electronics,Apex Outdoor,Product-051,1,1,58.8,6.23,0.1059,58.8
2025-07-11,2025,2025-07,Electronics,Apex Outdoor,Product-066,1,1,66.06,9.35,0.1416,66.06
2025-12-24,2025,2025-12,Kitchen,Apex Essentials,Product-051,1,1,9.86,1.47,0.149,9.86
2025-12-10,2025,2025-12,Kids,Apex Value,Product-005,1,2,39.64,5.23,0.132,39.64
2025-09-03,2025,2025-09,Home,Apex Value,Product-071,1,1,37.36,5.36,0.1434,37.36
2025-09-16,2025,2025-09,Home,Apex Value,Product-043,1,1,23.22,4.15,0.1787,23.22
2025-11-08,2025,2025-11,Home,Apex Value,Product-036,1,1,57.36,6.84,0.1192,57.36
2025-07-05,2025,2025-07,Home,Apex Outdoor,Product-012,1,2,42.79,6.15,0.1438,42.79
2025-10-16,2025,2025-10,Electronics,Apex Prime,Product-077,1,1,57.85,6.83,0.118,57.85
2025-07-22,2025,2025-07,Kids,Apex Prime,Product-026,1,2,24.33,3.49,0.1434,24.33
2025-08-21,2025,2025-08,Home,Apex Prime,Product-069,1,1,30.43,4.49,0.1475,30.43
2025-10-18,2025,2025-10,Electronics,Apex Value,Product-002,1,1,72.46,12.83,0.177,72.46
2025-10-22,2025,2025-10,Fitness,Apex Outdoor,Product-017,1,1,49.85,5.61,0.1126,49.85
2025-08-15,2025,2025-08,Home,Apex Essentials,Product-061,1,1,53.47,8.96,0.1675,53.47
2025-11-23,2025,2025-11,Fitness,Apex Prime,Product-048,1,2,79.51,11.82,0.1487,79.51
2025-08-14,2025,2025-08,Electronics,Apex Essentials,Product-049,1,2,87.86,9.39,0.1069,87.86
2025-12-15,2025,2025-12,Home,Apex Prime,Product-036,1,1,34.0,4.11,0.121,34.0
2025-08-25,2025,2025-08,Kids,Apex Value,Product-062,1,2,25.92,4.39,0.1695,25.92
2025-08-22,2025,2025-08,Home,Apex Value,Product-060,1,1,38.49,4.16,0.1082,38.49
2025-12-03,2025,2025-12,Home,Apex Essentials,Product-052,1,1,20.02,2.8,0.1401,20.02
2025-08-10,2025,2025-08,Kitchen,Apex Prime,Product-047,1,1,26.52,4.73,0.1782,26.52
2025-11-25,2025,2025-11,Kitchen,Apex Value,Product-008,1,1,18.29,3.0,0.1639,18.29
2025-11-22,2025,2025-11,Kitchen,Apex Prime,Product-038,1,2,69.42,12.1,0.1743,69.42
2025-09-23,2025,2025-09,Beauty,Apex Essentials,Product-042,1,2,34.15,3.85,0.1128,34.15
2025-07-20,2025,2025-07,Kitchen,Apex Essentials,Product-072,1,1,25.65,3.43,0.1336,25.65
2025-09-15,2025,2025-09,Electronics,Apex Value,Product-023,1,1,51.65,7.5,0.1453,51.65
2025-12-31,2025,2025-12,Home,Apex Prime,Product-047,1,1,58.69,9.95,0.1695,58.69
2025-07-08,2025,2025-07,Home,Apex Prime,Product-018,1,1,38.46,6.01,0.1562,38.46
2025-10-16,2025,2025-10,Kitchen,Apex Outdoor,Product-071,1,1,32.21,5.13,0.1592,32.21
2025-07-18,2025,2025-07,Kitchen,Apex Outdoor,Product-020,1,1,30.56,3.14,0.1029,30.56
2025-10-07,2025,2025-10,Home,Apex Outdoor,Product-053,1,1,24.65,2.72,0.1103,24.65
2025-09-22,2025,2025-09,Fitness,Apex Prime,Product-039,1,2,66.66,8.4,0.126,66.66
2025-09-28,2025,2025-09,Electronics,Apex Value,Product-054,1,1,61.13,9.01,0.1474,61.13
2025-07-06,2025,2025-07,Home,Apex Prime,Product-076,1,2,91.72,15.85,0.1728,91.72
2025-09-01,2025,2025-09,Kids,Apex Outdoor,Product-029,1,1,13.28,1.83,0.1375,13.28
2025-08-17,2025,2025-08,Electronics,Apex Value,Product-023,1,1,67.72,8.01,0.1183,67.72
2025-12-12,2025,2025-12,Home,Apex Outdoor,Product-065,1,1,39.46,5.37,0.1361,39.46
2025-08-10,2025,2025-08,Kids,Apex Outdoor,Product-039,1,1,22.0,3.33,0.1515,22.0
2025-12-19,2025,2025-12,Home,Apex Essentials,Product-028,1,1,39.98,6.31,0.1578,39.98
2025-07-20,2025,2025-07,Home,Apex Value,Product-009,1,1,42.12,6.6,0.1567,42.12
2025-08-25,2025,2025-08,Home,Apex Value,Product-010,1,1,33.29,3.78,0.1134,33.29
2025-12-11,2025,2025-12,Fitness,Apex Value,Product-022,1,1,23.06,4.08,0.177,23.06
2025-08-13,2025,2025-08,Kids,Apex Value,Product-001,1,1,25.42,3.58,0.1407,25.42
2025-08-20,2025,2025-08,Kids,Apex Outdoor,Product-022,1,1,22.81,2.39,0.1047,22.81
2025-07-11,2025,2025-07,Electronics,Apex Outdoor,Product-045,1,1,66.22,11.48,0.1733,66.22
2025-07-23,2025,2025-07,Beauty,Apex Value,Product-028,1,1,17.62,2.69,0.1526,17.62
2025-10-26,2025,2025-10,Home,Apex Outdoor,Product-015,1,1,34.34,3.94,0.1148,34.34
2025-11-08,2025,2025-11,Fitness,Apex Value,Product-034,1,1,36.53,4.33,0.1185,36.53
2025-10-27,2025,2025-10,Beauty,Apex Prime,Product-031,1,2,53.15,8.68,0.1634,53.15
2025-11-28,2025,2025-11,Fitness,Apex Value,Product-076,1,1,39.67,6.3,0.1587,39.67
2025-07-11,2025,2025-07,Electronics,Apex Essentials,Product-016,1,2,123.68,20.72,0.1675,123.68
2025-12-22,2025,2025-12,Home,Apex Outdoor,Product-063,1,1,35.81,4.38,0.1224,35.81
2025-08-21,2025,2025-08,Beauty,Apex Essentials,Product-057,1,1,31.66,5.58,0.1763,31.66
2025-11-29,2025,2025-11,Kids,Apex Outdoor,Product-037,1,1,32.96,4.36,0.1323,32.96
2025-12-15,2025,2025-12,Kitchen,Apex Prime,Product-004,1,1,38.68,6.51,0.1683,38.68
2025-12-03,2025,2025-12,Kitchen,Apex Prime,Product-042,1,1,24.55,4.35,0.1773,24.55
2025-11-14,2025,2025-11,Home,Apex Outdoor,Product-037,1,1,31.48,4.11,0.1307,31.48
2025-12-11,2025,2025-12,Beauty,Apex Prime,Product-003,1,1,34.4,4.01,0.1166,34.4
2025-12-16,2025,2025-12,Kitchen,Apex Value,Product-017,1,3,134.03,16.74,0.1249,134.03
2025-08-15,2025,2025-08,Fitness,Apex Essentials,Product-047,1,1,60.62,7.61,0.1256,60.62
2025-11-30,2025,2025-11,Kids,Apex Outdoor,Product-040,1,1,24.05,2.41,0.1001,24.05
2025-10-16,2025,2025-10,Kids,Apex Essentials,Product-080,1,2,55.41,6.2,0.1119,55.41
2025-10-31,2025,2025-10,Electronics,Apex Outdoor,Product-077,1,1,51.87,8.45,0.163,51.87
2025-11-14,2025,2025-11,Electronics,Apex Essentials,Product-047,1,1,55.84,9.5,0.1702,55.84
2025-12-13,2025,2025-12,Electronics,Apex Outdoor,Product-040,1,1,48.25,8.43,0.1747,48.25
2025-12-25,2025,2025-12,Fitness,Apex Outdoor,Product-073,1,1,34.28,4.25,0.1241,34.28
2025-10-06,2025,2025-10,Electronics,Apex Prime,Product-069,1,2,99.46,13.56,0.1363,99.46
2025-12-09,2025,2025-12,Kids,Apex Essentials,Product-054,1,1,14.49,2.57,0.1771,14.49
2025-10-05,2025,2025-10,Beauty,Apex Essentials,Product-003,1,1,33.86,5.23,0.1544,33.86
2025-11-30,2025,2025-11,Home,Apex Essentials,Product-067,1,1,35.52,5.2,0.1464,35.52
2025-12-26,2025,2025-12,Beauty,Apex Essentials,Product-078,1,1,18.82,2.19,0.1163,18.82
2025-08-08,2025,2025-08,Kitchen,Apex Value,Product-003,1,1,26.22,2.7,0.1031,26.22
2025-07-18,2025,2025-07,Fitness,Apex Value,Product-012,1,3,108.88,11.28,0.1036,108.88
2025-09-29,2025,2025-09,Kids,Apex Outdoor,Product-066,1,1,11.8,1.69,0.1433,11.8
2025-08-04,2025,2025-08,Kids,Apex Outdoor,Product-059,1,1,19.93,2.99,0.15,19.93
